<?xml version="1.0"?>
<!DOCTYPE pathway SYSTEM "http://www.kegg.jp/kegg/xml/KGML_v0.7.2_.dtd">
<!-- Creation date: May 14, 2019 10:38:50 +0900 (GMT+9) -->
<pathway name="path:hsa04550" org="hsa" number="04550"
         title="Signaling pathways regulating pluripotency of stem cells"
         image="http://www.kegg.jp/kegg/pathway/hsa/hsa04550.png"
         link="http://www.kegg.jp/kegg-bin/show_pathway?hsa04550">
    <entry id="1" name="hsa:51384 hsa:54361 hsa:7471 hsa:7472 hsa:7473 hsa:7474 hsa:7475 hsa:7476 hsa:7477 hsa:7478 hsa:7479 hsa:7480 hsa:7481 hsa:7482 hsa:7483 hsa:7484 hsa:80326 hsa:81029 hsa:89780" type="gene"
        link="http://www.kegg.jp/dbget-bin/www_bget?hsa:51384+hsa:54361+hsa:7471+hsa:7472+hsa:7473+hsa:7474+hsa:7475+hsa:7476+hsa:7477+hsa:7478+hsa:7479+hsa:7480+hsa:7481+hsa:7482+hsa:7483+hsa:7484+hsa:80326+hsa:81029+hsa:89780">
        <graphics name="WNT16..." fgcolor="#000000" bgcolor="#BFFFBF"
             type="rectangle" x="148" y="432" width="46" height="17"/>
    </entry>
    <entry id="2" name="hsa:10297 hsa:324" type="gene"
        link="http://www.kegg.jp/dbget-bin/www_bget?hsa:10297+hsa:324">
        <graphics name="APC2, APCL..." fgcolor="#000000" bgcolor="#BFFFBF"
             type="rectangle" x="518" y="416" width="46" height="17"/>
    </entry>
    <entry id="3" name="hsa:8312 hsa:8313" type="gene"
        link="http://www.kegg.jp/dbget-bin/www_bget?hsa:8312+hsa:8313">
        <graphics name="AXIN1, AXIN, PPP1R49..." fgcolor="#000000" bgcolor="#BFFFBF"
             type="rectangle" x="472" y="416" width="46" height="17"/>
    </entry>
    <entry id="4" name="hsa:1855 hsa:1856 hsa:1857" type="gene"
        link="http://www.kegg.jp/dbget-bin/www_bget?hsa:1855+hsa:1856+hsa:1857">
        <graphics name="DVL1, DRS2, DVL, DVL1L1, DVL1P1..." fgcolor="#000000" bgcolor="#BFFFBF"
             type="rectangle" x="339" y="433" width="46" height="17"/>
    </entry>
    <entry id="5" name="hsa:11211 hsa:2535 hsa:7855 hsa:7976 hsa:8321 hsa:8322 hsa:8323 hsa:8324 hsa:8325 hsa:8326" type="gene"
        link="http://www.kegg.jp/dbget-bin/www_bget?hsa:11211+hsa:2535+hsa:7855+hsa:7976+hsa:8321+hsa:8322+hsa:8323+hsa:8324+hsa:8325+hsa:8326">
        <graphics name="FZD10, CD350, FZ-10, Fz10, FzE7, hFz10..." fgcolor="#000000" bgcolor="#BFFFBF"
             type="rectangle" x="246" y="432" width="46" height="17"/>
    </entry>
    <entry id="6" name="path:hsa04550" type="map"
        link="http://www.kegg.jp/dbget-bin/www_bget?hsa04550">
        <graphics name="TITLE:Signaling pathways regulating pluripotency of stem cells" fgcolor="#000000" bgcolor="#FFFFFF"
             type="roundrectangle" x="304" y="58" width="528" height="25"/>
    </entry>
    <entry id="7" name="hsa:1499" type="gene"
        link="http://www.kegg.jp/dbget-bin/www_bget?hsa:1499">
        <graphics name="CTNNB1, CTNNB, EVR7, MRD19, armadillo" fgcolor="#000000" bgcolor="#BFFFBF"
             type="rectangle" x="512" y="433" width="46" height="17"/>
    </entry>
    <entry id="8" name="hsa:2932" type="gene"
        link="http://www.kegg.jp/dbget-bin/www_bget?hsa:2932">
        <graphics name="GSK3B" fgcolor="#000000" bgcolor="#BFFFBF"
             type="rectangle" x="429" y="433" width="46" height="17"/>
    </entry>
    <entry id="9" name="hsa:6932" type="gene"
        link="http://www.kegg.jp/dbget-bin/www_bget?hsa:6932">
        <graphics name="TCF7, TCF-1" fgcolor="#000000" bgcolor="#BFFFBF"
             type="rectangle" x="611" y="433" width="46" height="17"/>
    </entry>
    <entry id="10" name="path:hsa04310" type="map"
        link="http://www.kegg.jp/dbget-bin/www_bget?hsa04310">
        <graphics name="Wnt signaling pathway" fgcolor="#000000" bgcolor="#FFFFFF"
             type="roundrectangle" x="339" y="401" width="102" height="34"/>
    </entry>
    <entry id="11" name="hsa:3976" type="gene"
        link="http://www.kegg.jp/dbget-bin/www_bget?hsa:3976">
        <graphics name="LIF, CDF, DIA, HILDA, MLPLI" fgcolor="#000000" bgcolor="#BFFFBF"
             type="rectangle" x="148" y="181" width="46" height="17"/>
    </entry>
    <entry id="12" name="hsa:3572 hsa:3977" type="gene"
        link="http://www.kegg.jp/dbget-bin/www_bget?hsa:3572+hsa:3977">
        <graphics name="IL6ST, CD130, CDW130, GP130, IL-6RB..." fgcolor="#000000" bgcolor="#BFFFBF"
             type="rectangle" x="244" y="181" width="46" height="17"/>
    </entry>
    <entry id="13" name="hsa:3716 hsa:3717 hsa:3718" type="gene"
        link="http://www.kegg.jp/dbget-bin/www_bget?hsa:3716+hsa:3717+hsa:3718">
        <graphics name="JAK1, JAK1A, JAK1B, JTK3..." fgcolor="#000000" bgcolor="#BFFFBF"
             type="rectangle" x="337" y="151" width="46" height="17"/>
    </entry>
    <entry id="14" name="hsa:6774" type="gene"
        link="http://www.kegg.jp/dbget-bin/www_bget?hsa:6774">
        <graphics name="STAT3, ADMIO, ADMIO1, APRF, HIES" fgcolor="#000000" bgcolor="#BFFFBF"
             type="rectangle" x="433" y="151" width="46" height="17"/>
    </entry>
    <entry id="15" name="hsa:9314" type="gene"
        link="http://www.kegg.jp/dbget-bin/www_bget?hsa:9314">
        <graphics name="KLF4, EZF, GKLF" fgcolor="#000000" bgcolor="#BFFFBF"
             type="rectangle" x="794" y="151" width="46" height="17"/>
    </entry>
    <entry id="16" name="hsa:5290 hsa:5291 hsa:5293 hsa:5295 hsa:5296 hsa:8503" type="gene"
        link="http://www.kegg.jp/dbget-bin/www_bget?hsa:5290+hsa:5291+hsa:5293+hsa:5295+hsa:5296+hsa:8503">
        <graphics name="PIK3CA, CLAPO, CLOVE, CWS5, MCAP, MCM, MCMTC, PI3K, PI3K-alpha, p110-alpha..." fgcolor="#000000" bgcolor="#BFFFBF"
             type="rectangle" x="337" y="243" width="46" height="17"/>
    </entry>
    <entry id="17" name="hsa:10000 hsa:207 hsa:208" type="gene"
        link="http://www.kegg.jp/dbget-bin/www_bget?hsa:10000+hsa:207+hsa:208">
        <graphics name="AKT3, MPPH, MPPH2, PKB-GAMMA, PKBG, PRKBG, RAC-PK-gamma, RAC-gamma, STK-2..." fgcolor="#000000" bgcolor="#BFFFBF"
             type="rectangle" x="433" y="243" width="46" height="17"/>
    </entry>
    <entry id="18" name="hsa:6926" type="gene"
        link="http://www.kegg.jp/dbget-bin/www_bget?hsa:6926">
        <graphics name="TBX3, TBX3-ISO, UMS, XHL" fgcolor="#000000" bgcolor="#BFFFBF"
             type="rectangle" x="794" y="242" width="46" height="17"/>
    </entry>
    <entry id="19" name="hsa:2885" type="gene"
        link="http://www.kegg.jp/dbget-bin/www_bget?hsa:2885">
        <graphics name="GRB2, ASH, EGFRBP-GRB2, Grb3-3, MST084, MSTP084, NCKAP2" fgcolor="#000000" bgcolor="#BFFFBF"
             type="rectangle" x="337" y="206" width="46" height="17"/>
    </entry>
    <entry id="20" name="hsa:3624 hsa:3625 hsa:3626 hsa:83729" type="gene"
        link="http://www.kegg.jp/dbget-bin/www_bget?hsa:3624+hsa:3625+hsa:3626+hsa:83729">
        <graphics name="INHBA, EDF, FRP..." fgcolor="#000000" bgcolor="#BFFFBF"
             type="rectangle" x="148" y="257" width="46" height="17"/>
    </entry>
    <entry id="21" name="hsa:130399 hsa:91 hsa:92 hsa:93" type="gene"
        link="http://www.kegg.jp/dbget-bin/www_bget?hsa:130399+hsa:91+hsa:92+hsa:93">
        <graphics name="ACVR1C, ACVRLK7, ALK7..." fgcolor="#000000" bgcolor="#BFFFBF"
             type="rectangle" x="244" y="270" width="46" height="17"/>
    </entry>
    <entry id="22" name="hsa:4087 hsa:4088" type="gene"
        link="http://www.kegg.jp/dbget-bin/www_bget?hsa:4087+hsa:4088">
        <graphics name="SMAD2, JV18, JV18-1, MADH2, MADR2, hMAD-2, hSMAD2..." fgcolor="#000000" bgcolor="#BFFFBF"
             type="rectangle" x="339" y="270" width="46" height="17"/>
    </entry>
    <entry id="23" name="hsa:652" type="gene"
        link="http://www.kegg.jp/dbget-bin/www_bget?hsa:652">
        <graphics name="BMP4, BMP2B, BMP2B1, MCOPS6, OFC11, ZYME" fgcolor="#000000" bgcolor="#BFFFBF"
             type="rectangle" x="148" y="358" width="46" height="17"/>
    </entry>
    <entry id="24" name="hsa:657 hsa:658 hsa:659 hsa:90" type="gene"
        link="http://www.kegg.jp/dbget-bin/www_bget?hsa:657+hsa:658+hsa:659+hsa:90">
        <graphics name="BMPR1A, 10q23del, ACVRLK3, ALK3, CD292, SKR5..." fgcolor="#000000" bgcolor="#BFFFBF"
             type="rectangle" x="244" y="358" width="46" height="17"/>
    </entry>
    <entry id="25" name="hsa:5594 hsa:5595" type="gene"
        link="http://www.kegg.jp/dbget-bin/www_bget?hsa:5594+hsa:5595">
        <graphics name="MAPK1, ERK, ERK-2, ERK2, ERT1, MAPK2, P42MAPK, PRKM1, PRKM2, p38, p40, p41, p41mapk, p42-MAPK..." fgcolor="#000000" bgcolor="#BFFFBF"
             type="rectangle" x="447" y="348" width="46" height="17"/>
    </entry>
    <entry id="26" name="hsa:79923" type="gene"
        link="http://www.kegg.jp/dbget-bin/www_bget?hsa:79923">
        <graphics name="NANOG" fgcolor="#000000" bgcolor="#BFFFBF"
             type="rectangle" x="1012" y="239" width="46" height="17"/>
    </entry>
    <entry id="27" name="hsa:5460 hsa:5462" type="gene"
        link="http://www.kegg.jp/dbget-bin/www_bget?hsa:5460+hsa:5462">
        <graphics name="POU5F1, OCT3, OCT4, OTF-3, OTF3, OTF4, Oct-3, Oct-4..." fgcolor="#000000" bgcolor="#BFFFBF"
             type="rectangle" x="962" y="328" width="46" height="17"/>
    </entry>
    <entry id="28" name="hsa:6657" type="gene"
        link="http://www.kegg.jp/dbget-bin/www_bget?hsa:6657">
        <graphics name="SOX2, ANOP3, MCOPS3" fgcolor="#000000" bgcolor="#BFFFBF"
             type="rectangle" x="922" y="151" width="46" height="17"/>
    </entry>
    <entry id="29" name="hsa:652" type="gene"
        link="http://www.kegg.jp/dbget-bin/www_bget?hsa:652">
        <graphics name="BMP4, BMP2B, BMP2B1, MCOPS6, OFC11, ZYME" fgcolor="#000000" bgcolor="#BFFFBF"
             type="rectangle" x="148" y="754" width="46" height="17"/>
    </entry>
    <entry id="30" name="hsa:657 hsa:658 hsa:659 hsa:90" type="gene"
        link="http://www.kegg.jp/dbget-bin/www_bget?hsa:657+hsa:658+hsa:659+hsa:90">
        <graphics name="BMPR1A, 10q23del, ACVRLK3, ALK3, CD292, SKR5..." fgcolor="#000000" bgcolor="#BFFFBF"
             type="rectangle" x="245" y="754" width="46" height="17"/>
    </entry>
    <entry id="31" name="hsa:3265 hsa:3845 hsa:4893" type="gene"
        link="http://www.kegg.jp/dbget-bin/www_bget?hsa:3265+hsa:3845+hsa:4893">
        <graphics name="HRAS, C-BAS/HAS, C-H-RAS, C-HA-RAS1, CTLO, H-RASIDX, HAMSV, HRAS1, KRAS, KRAS2, Ki-Ras, RASH1, RASK2, c-K-ras, c-Ki-ras, p21ras..." fgcolor="#000000" bgcolor="#BFFFBF"
             type="rectangle" x="338" y="884" width="46" height="17"/>
    </entry>
    <entry id="32" name="hsa:5894" type="gene"
        link="http://www.kegg.jp/dbget-bin/www_bget?hsa:5894">
        <graphics name="RAF1, CMD1NN, CRAF, NS5, Raf-1, c-Raf" fgcolor="#000000" bgcolor="#BFFFBF"
             type="rectangle" x="430" y="884" width="46" height="17"/>
    </entry>
    <entry id="33" name="hsa:5604 hsa:5605" type="gene"
        link="http://www.kegg.jp/dbget-bin/www_bget?hsa:5604+hsa:5605">
        <graphics name="MAP2K1, CFC3, MAPKK1, MEK1, MKK1, PRKMK1..." fgcolor="#000000" bgcolor="#BFFFBF"
             type="rectangle" x="524" y="884" width="46" height="17"/>
    </entry>
    <entry id="34" name="hsa:5594 hsa:5595" type="gene"
        link="http://www.kegg.jp/dbget-bin/www_bget?hsa:5594+hsa:5595">
        <graphics name="MAPK1, ERK, ERK-2, ERK2, ERT1, MAPK2, P42MAPK, PRKM1, PRKM2, p38, p40, p41, p41mapk, p42-MAPK..." fgcolor="#000000" bgcolor="#BFFFBF"
             type="rectangle" x="611" y="884" width="46" height="17"/>
    </entry>
    <entry id="35" name="hsa:5290 hsa:5291 hsa:5293 hsa:5295 hsa:5296 hsa:8503" type="gene"
        link="http://www.kegg.jp/dbget-bin/www_bget?hsa:5290+hsa:5291+hsa:5293+hsa:5295+hsa:5296+hsa:8503">
        <graphics name="PIK3CA, CLAPO, CLOVE, CWS5, MCAP, MCM, MCMTC, PI3K, PI3K-alpha, p110-alpha..." fgcolor="#000000" bgcolor="#BFFFBF"
             type="rectangle" x="338" y="930" width="46" height="17"/>
    </entry>
    <entry id="36" name="hsa:10000 hsa:207 hsa:208" type="gene"
        link="http://www.kegg.jp/dbget-bin/www_bget?hsa:10000+hsa:207+hsa:208">
        <graphics name="AKT3, MPPH, MPPH2, PKB-GAMMA, PKBG, PRKBG, RAC-PK-gamma, RAC-gamma, STK-2..." fgcolor="#000000" bgcolor="#BFFFBF"
             type="rectangle" x="430" y="930" width="46" height="17"/>
    </entry>
    <entry id="37" name="hsa:2247" type="gene"
        link="http://www.kegg.jp/dbget-bin/www_bget?hsa:2247">
        <graphics name="FGF2, BFGF, FGF-2, FGFB, HBGF-2" fgcolor="#000000" bgcolor="#BFFFBF"
             type="rectangle" x="148" y="884" width="46" height="17"/>
    </entry>
    <entry id="38" name="hsa:2260 hsa:2261 hsa:2263 hsa:2264" type="gene"
        link="http://www.kegg.jp/dbget-bin/www_bget?hsa:2260+hsa:2261+hsa:2263+hsa:2264">
        <graphics name="FGFR1, BFGFR, CD331, CEK, ECCL, FGFBR, FGFR-1, FLG, FLT-2, FLT2, HBGFR, HH2, HRTFDS, KAL2, N-SAM, OGD, bFGF-R-1..." fgcolor="#000000" bgcolor="#BFFFBF"
             type="rectangle" x="244" y="884" width="46" height="17"/>
    </entry>
    <entry id="39" name="hsa:3624 hsa:3625 hsa:3626 hsa:83729" type="gene"
        link="http://www.kegg.jp/dbget-bin/www_bget?hsa:3624+hsa:3625+hsa:3626+hsa:83729">
        <graphics name="INHBA, EDF, FRP..." fgcolor="#000000" bgcolor="#BFFFBF"
             type="rectangle" x="148" y="817" width="46" height="17"/>
    </entry>
    <entry id="40" name="hsa:3479" type="gene"
        link="http://www.kegg.jp/dbget-bin/www_bget?hsa:3479">
        <graphics name="IGF1, IGF, IGF-I, IGFI, MGF" fgcolor="#000000" bgcolor="#BFFFBF"
             type="rectangle" x="148" y="930" width="46" height="17"/>
    </entry>
    <entry id="41" name="hsa:3480" type="gene"
        link="http://www.kegg.jp/dbget-bin/www_bget?hsa:3480">
        <graphics name="IGF1R, CD221, IGFIR, IGFR, JTK13" fgcolor="#000000" bgcolor="#BFFFBF"
             type="rectangle" x="245" y="930" width="46" height="17"/>
    </entry>
    <entry id="42" name="hsa:51384 hsa:54361 hsa:7471 hsa:7472 hsa:7473 hsa:7474 hsa:7475 hsa:7476 hsa:7477 hsa:7478 hsa:7479 hsa:7480 hsa:7481 hsa:7482 hsa:7483 hsa:7484 hsa:80326 hsa:81029 hsa:89780" type="gene"
        link="http://www.kegg.jp/dbget-bin/www_bget?hsa:51384+hsa:54361+hsa:7471+hsa:7472+hsa:7473+hsa:7474+hsa:7475+hsa:7476+hsa:7477+hsa:7478+hsa:7479+hsa:7480+hsa:7481+hsa:7482+hsa:7483+hsa:7484+hsa:80326+hsa:81029+hsa:89780">
        <graphics name="WNT16..." fgcolor="#000000" bgcolor="#BFFFBF"
             type="rectangle" x="148" y="1008" width="46" height="17"/>
    </entry>
    <entry id="43" name="hsa:10297 hsa:324" type="gene"
        link="http://www.kegg.jp/dbget-bin/www_bget?hsa:10297+hsa:324">
        <graphics name="APC2, APCL..." fgcolor="#000000" bgcolor="#BFFFBF"
             type="rectangle" x="514" y="992" width="46" height="17"/>
    </entry>
    <entry id="44" name="hsa:8312 hsa:8313" type="gene"
        link="http://www.kegg.jp/dbget-bin/www_bget?hsa:8312+hsa:8313">
        <graphics name="AXIN1, AXIN, PPP1R49..." fgcolor="#000000" bgcolor="#BFFFBF"
             type="rectangle" x="469" y="992" width="46" height="17"/>
    </entry>
    <entry id="45" name="hsa:1855 hsa:1856 hsa:1857" type="gene"
        link="http://www.kegg.jp/dbget-bin/www_bget?hsa:1855+hsa:1856+hsa:1857">
        <graphics name="DVL1, DRS2, DVL, DVL1L1, DVL1P1..." fgcolor="#000000" bgcolor="#BFFFBF"
             type="rectangle" x="338" y="1009" width="46" height="17"/>
    </entry>
    <entry id="46" name="hsa:11211 hsa:2535 hsa:7855 hsa:7976 hsa:8321 hsa:8322 hsa:8323 hsa:8324 hsa:8325 hsa:8326" type="gene"
        link="http://www.kegg.jp/dbget-bin/www_bget?hsa:11211+hsa:2535+hsa:7855+hsa:7976+hsa:8321+hsa:8322+hsa:8323+hsa:8324+hsa:8325+hsa:8326">
        <graphics name="FZD10, CD350, FZ-10, Fz10, FzE7, hFz10..." fgcolor="#000000" bgcolor="#BFFFBF"
             type="rectangle" x="245" y="1009" width="46" height="17"/>
    </entry>
    <entry id="47" name="hsa:1499" type="gene"
        link="http://www.kegg.jp/dbget-bin/www_bget?hsa:1499">
        <graphics name="CTNNB1, CTNNB, EVR7, MRD19, armadillo" fgcolor="#000000" bgcolor="#BFFFBF"
             type="rectangle" x="511" y="1009" width="46" height="17"/>
    </entry>
    <entry id="48" name="hsa:2932" type="gene"
        link="http://www.kegg.jp/dbget-bin/www_bget?hsa:2932">
        <graphics name="GSK3B" fgcolor="#000000" bgcolor="#BFFFBF"
             type="rectangle" x="428" y="1009" width="46" height="17"/>
    </entry>
    <entry id="49" name="path:hsa04310" type="map"
        link="http://www.kegg.jp/dbget-bin/www_bget?hsa04310">
        <graphics name="Wnt signaling pathway" fgcolor="#000000" bgcolor="#FFFFFF"
             type="roundrectangle" x="333" y="1040" width="102" height="34"/>
    </entry>
    <entry id="50" name="hsa:79923" type="gene"
        link="http://www.kegg.jp/dbget-bin/www_bget?hsa:79923">
        <graphics name="NANOG" fgcolor="#000000" bgcolor="#BFFFBF"
             type="rectangle" x="1012" y="908" width="46" height="17"/>
    </entry>
    <entry id="51" name="hsa:5460 hsa:5462" type="gene"
        link="http://www.kegg.jp/dbget-bin/www_bget?hsa:5460+hsa:5462">
        <graphics name="POU5F1, OCT3, OCT4, OTF-3, OTF3, OTF4, Oct-3, Oct-4..." fgcolor="#000000" bgcolor="#BFFFBF"
             type="rectangle" x="962" y="998" width="46" height="17"/>
    </entry>
    <entry id="52" name="hsa:6657" type="gene"
        link="http://www.kegg.jp/dbget-bin/www_bget?hsa:6657">
        <graphics name="SOX2, ANOP3, MCOPS3" fgcolor="#000000" bgcolor="#BFFFBF"
             type="rectangle" x="922" y="822" width="46" height="17"/>
    </entry>
    <entry id="53" name="hsa:4086 hsa:4090 hsa:4093" type="gene"
        link="http://www.kegg.jp/dbget-bin/www_bget?hsa:4086+hsa:4090+hsa:4093">
        <graphics name="SMAD1, BSP-1, BSP1, JV4-1, JV41, MADH1, MADR1..." fgcolor="#000000" bgcolor="#BFFFBF"
             type="rectangle" x="361" y="754" width="46" height="17"/>
    </entry>
    <entry id="54" name="hsa:5604 hsa:5605" type="gene"
        link="http://www.kegg.jp/dbget-bin/www_bget?hsa:5604+hsa:5605">
        <graphics name="MAP2K1, CFC3, MAPKK1, MEK1, MKK1, PRKMK1..." fgcolor="#000000" bgcolor="#BFFFBF"
             type="rectangle" x="492" y="206" width="46" height="17"/>
    </entry>
    <entry id="55" name="path:hsa04350" type="map"
        link="http://www.kegg.jp/dbget-bin/www_bget?hsa04350">
        <graphics name="TGF-beta signaling pathway" fgcolor="#000000" bgcolor="#FFFFFF"
             type="roundrectangle" x="542" y="301" width="102" height="34"/>
    </entry>
    <entry id="56" name="path:hsa04350" type="map"
        link="http://www.kegg.jp/dbget-bin/www_bget?hsa04350">
        <graphics name="TGF-beta signaling pathway" fgcolor="#000000" bgcolor="#FFFFFF"
             type="roundrectangle" x="330" y="798" width="102" height="34"/>
    </entry>
    <entry id="57" name="path:hsa04630" type="map"
        link="http://www.kegg.jp/dbget-bin/www_bget?hsa04630">
        <graphics name="JAK-STAT signaling pathway" fgcolor="#000000" bgcolor="#FFFFFF"
             type="roundrectangle" x="392" y="116" width="117" height="34"/>
    </entry>
    <entry id="58" name="path:hsa04010" type="map"
        link="http://www.kegg.jp/dbget-bin/www_bget?hsa04010">
        <graphics name="MAPK signaling pathway" fgcolor="#000000" bgcolor="#FFFFFF"
             type="roundrectangle" x="565" y="853" width="102" height="34"/>
    </entry>
    <entry id="59" name="path:hsa04151" type="map"
        link="http://www.kegg.jp/dbget-bin/www_bget?hsa04151">
        <graphics name="PI3K-Akt signaling pathway" fgcolor="#000000" bgcolor="#FFFFFF"
             type="roundrectangle" x="379" y="967" width="102" height="34"/>
    </entry>
    <entry id="60" name="hsa:1432 hsa:5600 hsa:5603 hsa:6300" type="gene"
        link="http://www.kegg.jp/dbget-bin/www_bget?hsa:1432+hsa:5600+hsa:5603+hsa:6300">
        <graphics name="MAPK14, CSBP, CSBP1, CSBP2, CSPB1, EXIP, Mxi2, PRKM14, PRKM15, RK, SAPK2A, p38, p38ALPHA..." fgcolor="#000000" bgcolor="#BFFFBF"
             type="rectangle" x="447" y="371" width="46" height="17"/>
    </entry>
    <entry id="61" name="hsa:130399 hsa:91 hsa:92 hsa:93" type="gene"
        link="http://www.kegg.jp/dbget-bin/www_bget?hsa:130399+hsa:91+hsa:92+hsa:93">
        <graphics name="ACVR1C, ACVRLK7, ALK7..." fgcolor="#000000" bgcolor="#BFFFBF"
             type="rectangle" x="244" y="830" width="46" height="17"/>
    </entry>
    <entry id="62" name="hsa:4087 hsa:4088" type="gene"
        link="http://www.kegg.jp/dbget-bin/www_bget?hsa:4087+hsa:4088">
        <graphics name="SMAD2, JV18, JV18-1, MADH2, MADR2, hMAD-2, hSMAD2..." fgcolor="#000000" bgcolor="#BFFFBF"
             type="rectangle" x="361" y="830" width="46" height="17"/>
    </entry>
    <entry id="63" name="hsa:4089" type="gene"
        link="http://www.kegg.jp/dbget-bin/www_bget?hsa:4089">
        <graphics name="SMAD4, DPC4, JIP, MADH4, MYHRS" fgcolor="#000000" bgcolor="#BFFFBF"
             type="rectangle" x="444" y="804" width="46" height="17"/>
    </entry>
    <entry id="64" name="hsa:4089" type="gene"
        link="http://www.kegg.jp/dbget-bin/www_bget?hsa:4089">
        <graphics name="SMAD4, DPC4, JIP, MADH4, MYHRS" fgcolor="#000000" bgcolor="#BFFFBF"
             type="rectangle" x="443" y="732" width="46" height="17"/>
    </entry>
    <entry id="65" name="hsa:5594 hsa:5595" type="gene"
        link="http://www.kegg.jp/dbget-bin/www_bget?hsa:5594+hsa:5595">
        <graphics name="MAPK1, ERK, ERK-2, ERK2, ERT1, MAPK2, P42MAPK, PRKM1, PRKM2, p38, p40, p41, p41mapk, p42-MAPK..." fgcolor="#000000" bgcolor="#BFFFBF"
             type="rectangle" x="590" y="206" width="46" height="17"/>
    </entry>
    <entry id="66" name="hsa:4609" type="gene"
        link="http://www.kegg.jp/dbget-bin/www_bget?hsa:4609">
        <graphics name="MYC, MRTL, MYCC, bHLHe39, c-Myc" fgcolor="#000000" bgcolor="#BFFFBF"
             type="rectangle" x="794" y="200" width="46" height="17"/>
    </entry>
    <entry id="67" name="hsa:4609" type="gene"
        link="http://www.kegg.jp/dbget-bin/www_bget?hsa:4609">
        <graphics name="MYC, MRTL, MYCC, bHLHe39, c-Myc" fgcolor="#000000" bgcolor="#BFFFBF"
             type="rectangle" x="794" y="1050" width="46" height="17"/>
    </entry>
    <entry id="68" name="hsa:4086 hsa:4090 hsa:4093" type="gene"
        link="http://www.kegg.jp/dbget-bin/www_bget?hsa:4086+hsa:4090+hsa:4093">
        <graphics name="SMAD1, BSP-1, BSP1, JV4-1, JV41, MADH1, MADR1..." fgcolor="#000000" bgcolor="#BFFFBF"
             type="rectangle" x="339" y="326" width="46" height="17"/>
    </entry>
    <entry id="69" name="hsa:3397 hsa:3398 hsa:3399 hsa:3400" type="gene"
        link="http://www.kegg.jp/dbget-bin/www_bget?hsa:3397+hsa:3398+hsa:3399+hsa:3400">
        <graphics name="ID1, ID, bHLHb24..." fgcolor="#000000" bgcolor="#BFFFBF"
             type="rectangle" x="794" y="326" width="46" height="17"/>
    </entry>
    <entry id="70" name="hsa:5460 hsa:5462" type="gene"
        link="http://www.kegg.jp/dbget-bin/www_bget?hsa:5460+hsa:5462">
        <graphics name="POU5F1, OCT3, OCT4, OTF-3, OTF3, OTF4, Oct-3, Oct-4..." fgcolor="#000000" bgcolor="#BFFFBF"
             type="rectangle" x="1219" y="154" width="46" height="17"/>
    </entry>
    <entry id="71" name="hsa:6657" type="gene"
        link="http://www.kegg.jp/dbget-bin/www_bget?hsa:6657">
        <graphics name="SOX2, ANOP3, MCOPS3" fgcolor="#000000" bgcolor="#BFFFBF"
             type="rectangle" x="1277" y="154" width="46" height="17"/>
    </entry>
    <entry id="72" name="hsa:79923" type="gene"
        link="http://www.kegg.jp/dbget-bin/www_bget?hsa:79923">
        <graphics name="NANOG" fgcolor="#000000" bgcolor="#BFFFBF"
             type="rectangle" x="1334" y="154" width="46" height="17"/>
    </entry>
    <entry id="73" name="hsa:6774" type="gene"
        link="http://www.kegg.jp/dbget-bin/www_bget?hsa:6774">
        <graphics name="STAT3, ADMIO, ADMIO1, APRF, HIES" fgcolor="#000000" bgcolor="#BFFFBF"
             type="rectangle" x="1219" y="205" width="46" height="17"/>
    </entry>
    <entry id="74" name="hsa:8820" type="gene"
        link="http://www.kegg.jp/dbget-bin/www_bget?hsa:8820">
        <graphics name="HESX1, ANF, CPHD5, RPX" fgcolor="#000000" bgcolor="#BFFFBF"
             type="rectangle" x="1277" y="205" width="46" height="17"/>
    </entry>
    <entry id="75" name="hsa:7547" type="gene"
        link="http://www.kegg.jp/dbget-bin/www_bget?hsa:7547">
        <graphics name="ZIC3, HTX, HTX1, VACTERLX, ZNF203" fgcolor="#000000" bgcolor="#BFFFBF"
             type="rectangle" x="1219" y="230" width="46" height="17"/>
    </entry>
    <entry id="76" name="hsa:2103" type="gene"
        link="http://www.kegg.jp/dbget-bin/www_bget?hsa:2103">
        <graphics name="ESRRB, DFNB35, ERR2, ERRb, ESRL2, NR3B2" fgcolor="#000000" bgcolor="#BFFFBF"
             type="rectangle" x="1277" y="230" width="46" height="17"/>
    </entry>
    <entry id="77" name="hsa:6929" type="gene"
        link="http://www.kegg.jp/dbget-bin/www_bget?hsa:6929">
        <graphics name="TCF3, AGM8, E2A, E47, ITF1, TCF-3, VDIR, bHLHb21, p75" fgcolor="#000000" bgcolor="#BFFFBF"
             type="rectangle" x="1219" y="272" width="46" height="17"/>
    </entry>
    <entry id="78" name="hsa:2247" type="gene"
        link="http://www.kegg.jp/dbget-bin/www_bget?hsa:2247">
        <graphics name="FGF2, BFGF, FGF-2, FGFB, HBGF-2" fgcolor="#000000" bgcolor="#BFFFBF"
             type="rectangle" x="1277" y="272" width="46" height="17"/>
    </entry>
    <entry id="79" name="hsa:7044" type="gene"
        link="http://www.kegg.jp/dbget-bin/www_bget?hsa:7044">
        <graphics name="LEFTY2, EBAF, LEFTA, LEFTYA, TGFB4" fgcolor="#000000" bgcolor="#BFFFBF"
             type="rectangle" x="1219" y="298" width="46" height="17"/>
    </entry>
    <entry id="80" name="hsa:6498" type="gene"
        link="http://www.kegg.jp/dbget-bin/www_bget?hsa:6498">
        <graphics name="SKIL, SNO, SnoA, SnoI, SnoN" fgcolor="#000000" bgcolor="#BFFFBF"
             type="rectangle" x="1277" y="298" width="46" height="17"/>
    </entry>
    <entry id="81" name="hsa:56916" type="gene"
        link="http://www.kegg.jp/dbget-bin/www_bget?hsa:56916">
        <graphics name="SMARCAD1, ADERM, BASNS, ETL1, HEL1, HRZ" fgcolor="#000000" bgcolor="#BFFFBF"
             type="rectangle" x="1219" y="343" width="46" height="17"/>
    </entry>
    <entry id="82" name="hsa:7994" type="gene"
        link="http://www.kegg.jp/dbget-bin/www_bget?hsa:7994">
        <graphics name="KAT6A, MOZ, MRD32, MYST-3, MYST3, RUNXBP2, ZC2HC6A, ZNF220" fgcolor="#000000" bgcolor="#BFFFBF"
             type="rectangle" x="1277" y="343" width="46" height="17"/>
    </entry>
    <entry id="83" name="hsa:9869" type="gene"
        link="http://www.kegg.jp/dbget-bin/www_bget?hsa:9869">
        <graphics name="SETDB1, ESET, H3-K9-HMTase4, KG1T, KMT1E, TDRD21" fgcolor="#000000" bgcolor="#BFFFBF"
             type="rectangle" x="1219" y="369" width="46" height="17"/>
    </entry>
    <entry id="84" name="hsa:3720" type="gene"
        link="http://www.kegg.jp/dbget-bin/www_bget?hsa:3720">
        <graphics name="JARID2, JMJ" fgcolor="#000000" bgcolor="#BFFFBF"
             type="rectangle" x="1277" y="369" width="46" height="17"/>
    </entry>
    <entry id="85" name="hsa:5978" type="gene"
        link="http://www.kegg.jp/dbget-bin/www_bget?hsa:5978">
        <graphics name="REST, DFNA27, GINGF5, HGF5, NRSF, WT6, XBR" fgcolor="#000000" bgcolor="#BFFFBF"
             type="rectangle" x="1219" y="414" width="46" height="17"/>
    </entry>
    <entry id="86" name="hsa:55183" type="gene"
        link="http://www.kegg.jp/dbget-bin/www_bget?hsa:55183">
        <graphics name="RIF1" fgcolor="#000000" bgcolor="#BFFFBF"
             type="rectangle" x="1219" y="458" width="46" height="17"/>
    </entry>
    <entry id="87" name="hsa:5080" type="gene"
        link="http://www.kegg.jp/dbget-bin/www_bget?hsa:5080">
        <graphics name="PAX6, AN, AN2, ASGD5, D11S812E, FVH1, MGDA, WAGR" fgcolor="#000000" bgcolor="#BFFFBF"
             type="rectangle" x="1219" y="614" width="46" height="17"/>
    </entry>
    <entry id="88" name="hsa:4211" type="gene"
        link="http://www.kegg.jp/dbget-bin/www_bget?hsa:4211">
        <graphics name="MEIS1" fgcolor="#000000" bgcolor="#BFFFBF"
             type="rectangle" x="1277" y="614" width="46" height="17"/>
    </entry>
    <entry id="89" name="hsa:3211" type="gene"
        link="http://www.kegg.jp/dbget-bin/www_bget?hsa:3211">
        <graphics name="HOXB1, HCFP3, HOX2, HOX2I, Hox-2.9" fgcolor="#000000" bgcolor="#BFFFBF"
             type="rectangle" x="1334" y="614" width="46" height="17"/>
    </entry>
    <entry id="90" name="hsa:64211" type="gene"
        link="http://www.kegg.jp/dbget-bin/www_bget?hsa:64211">
        <graphics name="LHX5" fgcolor="#000000" bgcolor="#BFFFBF"
             type="rectangle" x="1219" y="640" width="46" height="17"/>
    </entry>
    <entry id="91" name="hsa:5013" type="gene"
        link="http://www.kegg.jp/dbget-bin/www_bget?hsa:5013">
        <graphics name="OTX1" fgcolor="#000000" bgcolor="#BFFFBF"
             type="rectangle" x="1277" y="640" width="46" height="17"/>
    </entry>
    <entry id="92" name="hsa:4762" type="gene"
        link="http://www.kegg.jp/dbget-bin/www_bget?hsa:4762">
        <graphics name="NEUROG1, AKA, Math4C, NEUROD3, bHLHa6, ngn1" fgcolor="#000000" bgcolor="#BFFFBF"
             type="rectangle" x="1334" y="640" width="46" height="17"/>
    </entry>
    <entry id="93" name="hsa:9421" type="gene"
        link="http://www.kegg.jp/dbget-bin/www_bget?hsa:9421">
        <graphics name="HAND1, Hxt, Thing1, bHLHa27, eHand" fgcolor="#000000" bgcolor="#BFFFBF"
             type="rectangle" x="1219" y="698" width="46" height="17"/>
    </entry>
    <entry id="94" name="hsa:1749" type="gene"
        link="http://www.kegg.jp/dbget-bin/www_bget?hsa:1749">
        <graphics name="DLX5, SHFM1D" fgcolor="#000000" bgcolor="#BFFFBF"
             type="rectangle" x="1277" y="698" width="46" height="17"/>
    </entry>
    <entry id="95" name="hsa:4617" type="gene"
        link="http://www.kegg.jp/dbget-bin/www_bget?hsa:4617">
        <graphics name="MYF5, EORVA, bHLHc2" fgcolor="#000000" bgcolor="#BFFFBF"
             type="rectangle" x="1219" y="724" width="46" height="17"/>
    </entry>
    <entry id="96" name="hsa:3175" type="gene"
        link="http://www.kegg.jp/dbget-bin/www_bget?hsa:3175">
        <graphics name="ONECUT1, HNF-6, HNF6, HNF6A" fgcolor="#000000" bgcolor="#BFFFBF"
             type="rectangle" x="1277" y="724" width="46" height="17"/>
    </entry>
    <entry id="97" name="hsa:3670" type="gene"
        link="http://www.kegg.jp/dbget-bin/www_bget?hsa:3670">
        <graphics name="ISL1, ISLET1, Isl-1" fgcolor="#000000" bgcolor="#BFFFBF"
             type="rectangle" x="1219" y="784" width="46" height="17"/>
    </entry>
    <entry id="98" name="hsa:463" type="gene"
        link="http://www.kegg.jp/dbget-bin/www_bget?hsa:463">
        <graphics name="ZFHX3, ATBF1, ATBT, ZNF927" fgcolor="#000000" bgcolor="#BFFFBF"
             type="rectangle" x="1277" y="784" width="46" height="17"/>
    </entry>
    <entry id="99" name="hsa:80712" type="gene"
        link="http://www.kegg.jp/dbget-bin/www_bget?hsa:80712">
        <graphics name="ESX1, ESX1L, ESXR1" fgcolor="#000000" bgcolor="#BFFFBF"
             type="rectangle" x="1219" y="839" width="46" height="17"/>
    </entry>
    <entry id="100" name="hsa:6929" type="gene"
        link="http://www.kegg.jp/dbget-bin/www_bget?hsa:6929">
        <graphics name="TCF3, AGM8, E2A, E47, ITF1, TCF-3, VDIR, bHLHb21, p75" fgcolor="#000000" bgcolor="#BFFFBF"
             type="rectangle" x="611" y="387" width="46" height="17"/>
    </entry>
    <entry id="101" name="hsa:2103" type="gene"
        link="http://www.kegg.jp/dbget-bin/www_bget?hsa:2103">
        <graphics name="ESRRB, DFNB35, ERR2, ERRb, ESRL2, NR3B2" fgcolor="#000000" bgcolor="#BFFFBF"
             type="rectangle" x="794" y="384" width="46" height="17"/>
    </entry>
    <entry id="102" name="hsa:1852" type="gene"
        link="http://www.kegg.jp/dbget-bin/www_bget?hsa:1852">
        <graphics name="DUSP9, MKP-4, MKP4" fgcolor="#000000" bgcolor="#BFFFBF"
             type="rectangle" x="794" y="292" width="46" height="17"/>
    </entry>
    <entry id="103" name="path:hsa04010" type="map"
        link="http://www.kegg.jp/dbget-bin/www_bget?hsa04010">
        <graphics name="MAPK signaling pathway" fgcolor="#000000" bgcolor="#FFFFFF"
             type="roundrectangle" x="542" y="176" width="102" height="34"/>
    </entry>
    <entry id="104" name="hsa:100532731 hsa:10336 hsa:648 hsa:7703 hsa:84108 hsa:84333 hsa:84759" type="gene"
        link="http://www.kegg.jp/dbget-bin/www_bget?hsa:100532731+hsa:10336+hsa:648+hsa:7703+hsa:84108+hsa:84333+hsa:84759">
        <graphics name="COMMD3-BMI1, BMI1, PCGF4, RNF51..." fgcolor="#000000" bgcolor="#BFFFBF"
             type="rectangle" x="1030" y="598" width="46" height="17"/>
    </entry>
    <entry id="105" name="hsa:4089" type="gene"
        link="http://www.kegg.jp/dbget-bin/www_bget?hsa:4089">
        <graphics name="SMAD4, DPC4, JIP, MADH4, MYHRS" fgcolor="#000000" bgcolor="#BFFFBF"
             type="rectangle" x="443" y="300" width="46" height="17"/>
    </entry>
    <entry id="106" name="hsa:4838" type="gene"
        link="http://www.kegg.jp/dbget-bin/www_bget?hsa:4838">
        <graphics name="NODAL, HTX5" fgcolor="#000000" bgcolor="#BFFFBF"
             type="rectangle" x="148" y="280" width="46" height="17"/>
    </entry>
    <entry id="107" name="hsa:4838" type="gene"
        link="http://www.kegg.jp/dbget-bin/www_bget?hsa:4838">
        <graphics name="NODAL, HTX5" fgcolor="#000000" bgcolor="#BFFFBF"
             type="rectangle" x="148" y="840" width="46" height="17"/>
    </entry>
    <entry id="108" name="undefined" type="group">
        <graphics fgcolor="#000000" bgcolor="#FFFFFF"
             type="rectangle" x="495" y="424" width="92" height="34"/>
        <component id="2"/>
        <component id="3"/>
        <component id="7"/>
    </entry>
    <relation entry1="11" entry2="12" type="PPrel">
        <subtype name="activation" value="--&gt;"/>
    </relation>
    <relation entry1="12" entry2="13" type="PPrel">
        <subtype name="activation" value="--&gt;"/>
    </relation>
    <relation entry1="13" entry2="14" type="PPrel">
        <subtype name="activation" value="--&gt;"/>
    </relation>
    <relation entry1="12" entry2="19" type="PPrel">
        <subtype name="activation" value="--&gt;"/>
    </relation>
    <relation entry1="12" entry2="16" type="PPrel">
        <subtype name="activation" value="--&gt;"/>
    </relation>
    <relation entry1="20" entry2="21" type="PPrel">
        <subtype name="activation" value="--&gt;"/>
    </relation>
    <relation entry1="106" entry2="21" type="PPrel">
        <subtype name="activation" value="--&gt;"/>
    </relation>
    <relation entry1="21" entry2="22" type="PPrel">
        <subtype name="activation" value="--&gt;"/>
    </relation>
    <relation entry1="23" entry2="24" type="PPrel">
        <subtype name="activation" value="--&gt;"/>
    </relation>
    <relation entry1="24" entry2="68" type="PPrel">
        <subtype name="activation" value="--&gt;"/>
    </relation>
    <relation entry1="1" entry2="5" type="PPrel">
        <subtype name="activation" value="--&gt;"/>
    </relation>
    <relation entry1="5" entry2="4" type="PPrel">
        <subtype name="activation" value="--&gt;"/>
    </relation>
    <relation entry1="108" entry2="9" type="PPrel">
        <subtype name="activation" value="--&gt;"/>
    </relation>
    <relation entry1="29" entry2="30" type="PPrel">
        <subtype name="activation" value="--&gt;"/>
    </relation>
    <relation entry1="30" entry2="53" type="PPrel">
        <subtype name="activation" value="--&gt;"/>
    </relation>
    <relation entry1="39" entry2="61" type="PPrel">
        <subtype name="activation" value="--&gt;"/>
    </relation>
    <relation entry1="107" entry2="61" type="PPrel">
        <subtype name="activation" value="--&gt;"/>
    </relation>
    <relation entry1="61" entry2="62" type="PPrel">
        <subtype name="activation" value="--&gt;"/>
    </relation>
    <relation entry1="37" entry2="38" type="PPrel">
        <subtype name="activation" value="--&gt;"/>
    </relation>
    <relation entry1="38" entry2="31" type="PPrel">
        <subtype name="activation" value="--&gt;"/>
    </relation>
    <relation entry1="31" entry2="32" type="PPrel">
        <subtype name="activation" value="--&gt;"/>
    </relation>
    <relation entry1="38" entry2="35" type="PPrel">
        <subtype name="activation" value="--&gt;"/>
    </relation>
    <relation entry1="40" entry2="41" type="PPrel">
        <subtype name="activation" value="--&gt;"/>
    </relation>
    <relation entry1="41" entry2="35" type="PPrel">
        <subtype name="activation" value="--&gt;"/>
    </relation>
    <relation entry1="42" entry2="46" type="PPrel">
        <subtype name="activation" value="--&gt;"/>
    </relation>
    <relation entry1="46" entry2="45" type="PPrel">
        <subtype name="activation" value="--&gt;"/>
    </relation>
    <relation entry1="19" entry2="54" type="PPrel">
        <subtype name="activation" value="--&gt;"/>
        <subtype name="indirect effect" value="..&gt;"/>
    </relation>
    <relation entry1="16" entry2="17" type="PPrel">
        <subtype name="activation" value="--&gt;"/>
        <subtype name="indirect effect" value="..&gt;"/>
    </relation>
    <relation entry1="35" entry2="36" type="PPrel">
        <subtype name="activation" value="--&gt;"/>
        <subtype name="indirect effect" value="..&gt;"/>
    </relation>
    <relation entry1="54" entry2="65" type="PPrel">
        <subtype name="activation" value="--&gt;"/>
        <subtype name="phosphorylation" value="+p"/>
    </relation>
    <relation entry1="32" entry2="33" type="PPrel">
        <subtype name="activation" value="--&gt;"/>
        <subtype name="phosphorylation" value="+p"/>
    </relation>
    <relation entry1="33" entry2="34" type="PPrel">
        <subtype name="activation" value="--&gt;"/>
        <subtype name="phosphorylation" value="+p"/>
    </relation>
    <relation entry1="65" entry2="18" type="PPrel">
        <subtype name="inhibition" value="--|"/>
    </relation>
    <relation entry1="102" entry2="65" type="PPrel">
        <subtype name="inhibition" value="--|"/>
    </relation>
    <relation entry1="7" entry2="100" type="PPrel">
        <subtype name="inhibition" value="--|"/>
    </relation>
    <relation entry1="4" entry2="8" type="PPrel">
        <subtype name="inhibition" value="--|"/>
    </relation>
    <relation entry1="8" entry2="7" type="PPrel">
        <subtype name="inhibition" value="--|"/>
        <subtype name="phosphorylation" value="+p"/>
    </relation>
    <relation entry1="48" entry2="47" type="PPrel">
        <subtype name="inhibition" value="--|"/>
        <subtype name="phosphorylation" value="+p"/>
    </relation>
    <relation entry1="24" entry2="25" type="PPrel">
        <subtype name="inhibition" value="--|"/>
        <subtype name="indirect effect" value="..&gt;"/>
    </relation>
    <relation entry1="24" entry2="60" type="PPrel">
        <subtype name="inhibition" value="--|"/>
        <subtype name="indirect effect" value="..&gt;"/>
    </relation>
    <relation entry1="14" entry2="15" type="GErel">
        <subtype name="expression" value="--&gt;"/>
    </relation>
    <relation entry1="14" entry2="66" type="GErel">
        <subtype name="expression" value="--&gt;"/>
    </relation>
    <relation entry1="68" entry2="102" type="GErel">
        <subtype name="expression" value="--&gt;"/>
    </relation>
    <relation entry1="68" entry2="69" type="GErel">
        <subtype name="expression" value="--&gt;"/>
    </relation>
    <relation entry1="15" entry2="28" type="GErel">
        <subtype name="expression" value="--&gt;"/>
    </relation>
    <relation entry1="18" entry2="26" type="GErel">
        <subtype name="expression" value="--&gt;"/>
    </relation>
    <relation entry1="28" entry2="26" type="GErel">
        <subtype name="expression" value="--&gt;"/>
    </relation>
    <relation entry1="26" entry2="27" type="GErel">
        <subtype name="expression" value="--&gt;"/>
    </relation>
    <relation entry1="27" entry2="28" type="GErel">
        <subtype name="expression" value="--&gt;"/>
    </relation>
    <relation entry1="52" entry2="50" type="GErel">
        <subtype name="expression" value="--&gt;"/>
    </relation>
    <relation entry1="50" entry2="51" type="GErel">
        <subtype name="expression" value="--&gt;"/>
    </relation>
    <relation entry1="51" entry2="52" type="GErel">
        <subtype name="expression" value="--&gt;"/>
    </relation>
    <relation entry1="68" entry2="105" type="PPrel">
        <subtype name="binding/association" value="---"/>
    </relation>
    <relation entry1="53" entry2="64" type="PPrel">
        <subtype name="binding/association" value="---"/>
    </relation>
    <relation entry1="62" entry2="63" type="PPrel">
        <subtype name="binding/association" value="---"/>
    </relation>
    <relation entry1="48" entry2="67" type="PPrel">
        <subtype name="inhibition" value="--|"/>
        <subtype name="phosphorylation" value="+p"/>
    </relation>
    <relation entry1="45" entry2="48" type="PPrel">
        <subtype name="inhibition" value="--|"/>
    </relation>
    <relation entry1="100" entry2="101" type="GErel">
        <subtype name="repression" value="--|"/>
    </relation>
</pathway>
