<?xml version="1.0"?>
<!DOCTYPE pathway SYSTEM "http://www.kegg.jp/kegg/xml/KGML_v0.7.2_.dtd">
<!-- Creation date: May 17, 2018 11:02:23 +0900 (GMT+9) -->
<pathway name="path:hsa04630" org="hsa" number="04630"
         title="JAK-STAT signaling pathway"
         image="http://www.kegg.jp/kegg/pathway/hsa/hsa04630.png"
         link="http://www.kegg.jp/kegg-bin/show_pathway?hsa04630">
    <entry id="1" name="hsa:4609" type="gene"
        link="http://www.kegg.jp/dbget-bin/www_bget?hsa:4609">
        <graphics name="MYC, MRTL, MYCC, bHLHe39, c-Myc" fgcolor="#000000" bgcolor="#BFFFBF"
             type="rectangle" x="900" y="240" width="46" height="17"/>
    </entry>
    <entry id="2" name="hsa:10000 hsa:207 hsa:208" type="gene"
        link="http://www.kegg.jp/dbget-bin/www_bget?hsa:10000+hsa:207+hsa:208">
        <graphics name="AKT3, MPPH, MPPH2, PKB-GAMMA, PKBG, PRKBG, RAC-PK-gamma, RAC-gamma, STK-2..." fgcolor="#000000" bgcolor="#BFFFBF"
             type="rectangle" x="429" y="427" width="46" height="17"/>
    </entry>
    <entry id="3" name="hsa:5290 hsa:5291 hsa:5293 hsa:5295 hsa:5296 hsa:8503" type="gene"
        link="http://www.kegg.jp/dbget-bin/www_bget?hsa:5290+hsa:5291+hsa:5293+hsa:5295+hsa:5296+hsa:8503">
        <graphics name="PIK3CA, CLOVE, CWS5, MCAP, MCM, MCMTC, PI3K, PI3K-alpha, p110-alpha..." fgcolor="#000000" bgcolor="#BFFFBF"
             type="rectangle" x="346" y="426" width="46" height="17"/>
    </entry>
    <entry id="4" name="hsa:6654 hsa:6655" type="gene"
        link="http://www.kegg.jp/dbget-bin/www_bget?hsa:6654+hsa:6655">
        <graphics name="SOS1, GF1, GGF1, GINGF, HGF, NS4, SOS-1..." fgcolor="#000000" bgcolor="#BFFFBF"
             type="rectangle" x="429" y="361" width="46" height="17"/>
    </entry>
    <entry id="5" name="hsa:2885" type="gene"
        link="http://www.kegg.jp/dbget-bin/www_bget?hsa:2885">
        <graphics name="GRB2, ASH, EGFRBP-GRB2, Grb3-3, MST084, MSTP084, NCKAP2" fgcolor="#000000" bgcolor="#BFFFBF"
             type="rectangle" x="346" y="369" width="46" height="17"/>
    </entry>
    <entry id="6" name="hsa:1154" type="gene"
        link="http://www.kegg.jp/dbget-bin/www_bget?hsa:1154">
        <graphics name="CISH, BACTS2, CIS, CIS-1, G18, SOCS" fgcolor="#000000" bgcolor="#BFFFBF"
             type="rectangle" x="900" y="174" width="46" height="17"/>
    </entry>
    <entry id="7" name="hsa:596" type="gene"
        link="http://www.kegg.jp/dbget-bin/www_bget?hsa:596">
        <graphics name="BCL2, Bcl-2, PPP1R50" fgcolor="#000000" bgcolor="#BFFFBF"
             type="rectangle" x="900" y="197" width="46" height="17"/>
    </entry>
    <entry id="8" name="hsa:122809 hsa:30837 hsa:8651 hsa:8835 hsa:9021 hsa:9306 hsa:9655" type="gene"
        link="http://www.kegg.jp/dbget-bin/www_bget?hsa:122809+hsa:30837+hsa:8651+hsa:8835+hsa:9021+hsa:9306+hsa:9655">
        <graphics name="SOCS4, SOCS7..." fgcolor="#000000" bgcolor="#BFFFBF"
             type="rectangle" x="948" y="174" width="46" height="17"/>
    </entry>
    <entry id="9" name="hsa:1387 hsa:2033" type="gene"
        link="http://www.kegg.jp/dbget-bin/www_bget?hsa:1387+hsa:2033">
        <graphics name="CREBBP, CBP, KAT3A, RSTS, RSTS1..." fgcolor="#000000" bgcolor="#BFFFBF"
             type="rectangle" x="688" y="273" width="46" height="17"/>
    </entry>
    <entry id="10" name="hsa:10379" type="gene"
        link="http://www.kegg.jp/dbget-bin/www_bget?hsa:10379">
        <graphics name="IRF9, IRF-9, ISGF3, ISGF3G, p48" fgcolor="#000000" bgcolor="#BFFFBF"
             type="rectangle" x="584" y="273" width="46" height="17"/>
    </entry>
    <entry id="11" name="hsa:6772 hsa:6773 hsa:6774 hsa:6775 hsa:6776 hsa:6777 hsa:6778" type="gene"
        link="http://www.kegg.jp/dbget-bin/www_bget?hsa:6772+hsa:6773+hsa:6774+hsa:6775+hsa:6776+hsa:6777+hsa:6778">
        <graphics name="STAT1, CANDF7, IMD31A, IMD31B, IMD31C, ISGF-3, STAT91..." fgcolor="#000000" bgcolor="#BFFFBF"
             type="rectangle" x="352" y="240" width="46" height="17"/>
    </entry>
    <entry id="12" name="hsa:10401 hsa:51588 hsa:8554 hsa:9063" type="gene"
        link="http://www.kegg.jp/dbget-bin/www_bget?hsa:10401+hsa:51588+hsa:8554+hsa:9063">
        <graphics name="PIAS3, ZMIZ5..." fgcolor="#000000" bgcolor="#BFFFBF"
             type="rectangle" x="743" y="206" width="46" height="17"/>
    </entry>
    <entry id="13" name="hsa:5777" type="gene"
        link="http://www.kegg.jp/dbget-bin/www_bget?hsa:5777">
        <graphics name="PTPN6, HCP, HCPH, HPTP1C, PTP-1C, SH-PTP1, SHP-1, SHP-1L, SHP1" fgcolor="#000000" bgcolor="#BFFFBF"
             type="rectangle" x="272" y="284" width="46" height="17"/>
    </entry>
    <entry id="14" name="hsa:10254 hsa:8027" type="gene"
        link="http://www.kegg.jp/dbget-bin/www_bget?hsa:10254+hsa:8027">
        <graphics name="STAM2, Hbp, STAM2A, STAM2B..." fgcolor="#000000" bgcolor="#BFFFBF"
             type="rectangle" x="284" y="194" width="46" height="17"/>
    </entry>
    <entry id="15" name="hsa:3716 hsa:3717 hsa:3718 hsa:7297" type="gene"
        link="http://www.kegg.jp/dbget-bin/www_bget?hsa:3716+hsa:3717+hsa:3718+hsa:7297">
        <graphics name="JAK1, JAK1A, JAK1B, JTK3..." fgcolor="#000000" bgcolor="#BFFFBF"
             type="rectangle" x="225" y="240" width="46" height="17"/>
    </entry>
    <entry id="16" name="path:hsa04120" type="map"
        link="http://www.kegg.jp/dbget-bin/www_bget?hsa04120">
        <graphics name="Ubiquitin mediated proteolysis" fgcolor="#000000" bgcolor="#FFFFFF"
             type="roundrectangle" x="385" y="122" width="127" height="34"/>
    </entry>
    <entry id="17" name="path:hsa04010" type="map"
        link="http://www.kegg.jp/dbget-bin/www_bget?hsa04010">
        <graphics name="MAPK signaling pathway" fgcolor="#000000" bgcolor="#FFFFFF"
             type="roundrectangle" x="573" y="332" width="105" height="34"/>
    </entry>
    <entry id="18" name="path:hsa04151" type="map"
        link="http://www.kegg.jp/dbget-bin/www_bget?hsa04151">
        <graphics name="PI3K-Akt signaling pathway" fgcolor="#000000" bgcolor="#FFFFFF"
             type="roundrectangle" x="590" y="405" width="105" height="34"/>
    </entry>
    <entry id="19" name="hsa:2273" type="gene"
        link="http://www.kegg.jp/dbget-bin/www_bget?hsa:2273">
        <graphics name="FHL1, FCMSU, FHL-1, FHL1A, FHL1B, FLH1A, KYOT, RBMX1A, RBMX1B, SLIM, SLIM-1, SLIM1, SLIMMER, XMPMA" fgcolor="#000000" bgcolor="#BFFFBF"
             type="rectangle" x="746" y="273" width="46" height="17"/>
    </entry>
    <entry id="20" name="path:hsa04060" type="map"
        link="http://www.kegg.jp/dbget-bin/www_bget?hsa04060">
        <graphics name="Cytokine-cytokine receptor interaction" fgcolor="#000000" bgcolor="#FFFFFF"
             type="roundrectangle" x="105" y="177" width="107" height="34"/>
    </entry>
    <entry id="21" name="path:hsa04630" type="map"
        link="http://www.kegg.jp/dbget-bin/www_bget?hsa04630">
        <graphics name="TITLE:JAK-STAT signaling pathway" fgcolor="#000000" bgcolor="#FFFFFF"
             type="roundrectangle" x="164" y="58" width="248" height="25"/>
    </entry>
    <entry id="22" name="hsa:116379 hsa:1271 hsa:1438 hsa:1439 hsa:1441 hsa:149233 hsa:163702 hsa:1956 hsa:2057 hsa:2690 hsa:3454 hsa:3455 hsa:3459 hsa:3460 hsa:3559 hsa:3560 hsa:3561 hsa:3563 hsa:3566 hsa:3568 hsa:3570 hsa:3572 hsa:3575 hsa:3581 hsa:3587 hsa:3588 hsa:3590 hsa:3594 hsa:3595 hsa:3597 hsa:3598 hsa:3601 hsa:3953 hsa:3977 hsa:4352 hsa:50615 hsa:5156 hsa:5159 hsa:53832 hsa:53833 hsa:5618 hsa:58985 hsa:64109 hsa:9180 hsa:9466" type="gene"
        link="http://www.kegg.jp/dbget-bin/www_bget?hsa:116379+hsa:1271+hsa:1438+hsa:1439+hsa:1441+hsa:149233+hsa:163702+hsa:1956+hsa:2057+hsa:2690+hsa:3454+hsa:3455+hsa:3459+hsa:3460+hsa:3559+hsa:3560+hsa:3561+hsa:3563+hsa:3566+hsa:3568+hsa:3570+hsa:3572+hsa:3575+hsa:3581+hsa:3587+hsa:3588+hsa:3590+hsa:3594+hsa:3595+hsa:3597+hsa:3598+hsa:3601+hsa:3953+hsa:3977+hsa:4352+hsa:50615+hsa:5156+hsa:5159+hsa:53832+hsa:53833+hsa:5618+hsa:58985+hsa:64109+hsa:9180+hsa:9466">
        <graphics name="IL22RA2, CRF2-10, CRF2-S1, CRF2X, IL-22BP, IL-22R-alpha-2, IL-22RA2, ZCYTOR16..." fgcolor="#000000" bgcolor="#BFFFBF"
             type="rectangle" x="180" y="240" width="46" height="17"/>
    </entry>
    <entry id="23" name="hsa:5771" type="gene"
        link="http://www.kegg.jp/dbget-bin/www_bget?hsa:5771">
        <graphics name="PTPN2, PTN2, PTPT, TC-PTP, TCELLPTP, TCPTP" fgcolor="#000000" bgcolor="#BFFFBF"
             type="rectangle" x="689" y="206" width="46" height="17"/>
    </entry>
    <entry id="24" name="hsa:4170" type="gene"
        link="http://www.kegg.jp/dbget-bin/www_bget?hsa:4170">
        <graphics name="MCL1, BCL2L3, EAT, MCL1-ES, MCL1L, MCL1S, Mcl-1, TM, bcl2-L-3, mcl1/EAT" fgcolor="#000000" bgcolor="#BFFFBF"
             type="rectangle" x="948" y="197" width="46" height="17"/>
    </entry>
    <entry id="25" name="path:hsa04210" type="map"
        link="http://www.kegg.jp/dbget-bin/www_bget?hsa04210">
        <graphics name="Apoptosis" fgcolor="#000000" bgcolor="#FFFFFF"
             type="roundrectangle" x="1135" y="201" width="87" height="25"/>
    </entry>
    <entry id="26" name="path:hsa04110" type="map"
        link="http://www.kegg.jp/dbget-bin/www_bget?hsa04110">
        <graphics name="Cell cycle" fgcolor="#000000" bgcolor="#FFFFFF"
             type="roundrectangle" x="1165" y="252" width="87" height="25"/>
    </entry>
    <entry id="27" name="hsa:5292" type="gene"
        link="http://www.kegg.jp/dbget-bin/www_bget?hsa:5292">
        <graphics name="PIM1, PIM" fgcolor="#000000" bgcolor="#BFFFBF"
             type="rectangle" x="948" y="216" width="46" height="17"/>
    </entry>
    <entry id="28" name="hsa:595 hsa:894 hsa:896" type="gene"
        link="http://www.kegg.jp/dbget-bin/www_bget?hsa:595+hsa:894+hsa:896">
        <graphics name="CCND1, BCL1, D11S287E, PRAD1, U21B31..." fgcolor="#000000" bgcolor="#BFFFBF"
             type="rectangle" x="948" y="240" width="46" height="17"/>
    </entry>
    <entry id="29" name="hsa:5781" type="gene"
        link="http://www.kegg.jp/dbget-bin/www_bget?hsa:5781">
        <graphics name="PTPN11, BPTP3, CFC, JMML, METCDS, NS1, PTP-1D, PTP2C, SH-PTP2, SH-PTP3, SHP2" fgcolor="#000000" bgcolor="#BFFFBF"
             type="rectangle" x="346" y="352" width="46" height="17"/>
    </entry>
    <entry id="30" name="hsa:1026" type="gene"
        link="http://www.kegg.jp/dbget-bin/www_bget?hsa:1026">
        <graphics name="CDKN1A, CAP20, CDKN1, CIP1, MDA-6, P21, SDI1, WAF1, p21CIP1" fgcolor="#000000" bgcolor="#BFFFBF"
             type="rectangle" x="900" y="259" width="46" height="17"/>
    </entry>
    <entry id="31" name="hsa:598" type="gene"
        link="http://www.kegg.jp/dbget-bin/www_bget?hsa:598">
        <graphics name="BCL2L1, BCL-XL/S, BCL2L, BCLX, Bcl-X, PPP1R52" fgcolor="#000000" bgcolor="#BFFFBF"
             type="rectangle" x="900" y="216" width="46" height="17"/>
    </entry>
    <entry id="32" name="hsa:3265" type="gene"
        link="http://www.kegg.jp/dbget-bin/www_bget?hsa:3265">
        <graphics name="HRAS, C-BAS/HAS, C-H-RAS, C-HA-RAS1, CTLO, H-RASIDX, HAMSV, HRAS1, RASH1, p21ras" fgcolor="#000000" bgcolor="#BFFFBF"
             type="rectangle" x="510" y="361" width="46" height="17"/>
    </entry>
    <entry id="33" name="hsa:5894" type="gene"
        link="http://www.kegg.jp/dbget-bin/www_bget?hsa:5894">
        <graphics name="RAF1, CMD1NN, CRAF, NS5, Raf-1, c-Raf" fgcolor="#000000" bgcolor="#BFFFBF"
             type="rectangle" x="592" y="361" width="46" height="17"/>
    </entry>
    <entry id="34" name="hsa:316" type="gene"
        link="http://www.kegg.jp/dbget-bin/www_bget?hsa:316">
        <graphics name="AOX1, AO, AOH1" fgcolor="#000000" bgcolor="#BFFFBF"
             type="rectangle" x="900" y="278" width="46" height="17"/>
    </entry>
    <entry id="35" name="hsa:2475" type="gene"
        link="http://www.kegg.jp/dbget-bin/www_bget?hsa:2475">
        <graphics name="MTOR, FRAP, FRAP1, FRAP2, RAFT1, RAPT1, SKS" fgcolor="#000000" bgcolor="#BFFFBF"
             type="rectangle" x="510" y="427" width="46" height="17"/>
    </entry>
    <entry id="36" name="hsa:2670" type="gene"
        link="http://www.kegg.jp/dbget-bin/www_bget?hsa:2670">
        <graphics name="GFAP, ALXDRD" fgcolor="#000000" bgcolor="#BFFFBF"
             type="rectangle" x="900" y="297" width="46" height="17"/>
    </entry>
    <entry id="37" name="hsa:5771" type="gene"
        link="http://www.kegg.jp/dbget-bin/www_bget?hsa:5771">
        <graphics name="PTPN2, PTN2, PTPT, TC-PTP, TCELLPTP, TCPTP" fgcolor="#000000" bgcolor="#BFFFBF"
             type="rectangle" x="223" y="284" width="46" height="17"/>
    </entry>
    <entry id="38" name="hsa:11009 hsa:1437 hsa:1489 hsa:282616 hsa:282617 hsa:282618 hsa:29949 hsa:338376 hsa:3439 hsa:3440 hsa:3441 hsa:3442 hsa:3443 hsa:3444 hsa:3445 hsa:3446 hsa:3447 hsa:3448 hsa:3449 hsa:3451 hsa:3452 hsa:3456 hsa:3458 hsa:3467 hsa:3558 hsa:3562 hsa:3565 hsa:3567 hsa:3569 hsa:3574 hsa:3578 hsa:3586 hsa:3589 hsa:3592 hsa:3593 hsa:3596 hsa:3600 hsa:3976 hsa:5008 hsa:50604 hsa:50616 hsa:51561 hsa:53342 hsa:56832 hsa:59067 hsa:85480" type="gene"
        link="http://www.kegg.jp/dbget-bin/www_bget?hsa:11009+hsa:1437+hsa:1489+hsa:282616+hsa:282617+hsa:282618+hsa:29949+hsa:338376+hsa:3439+hsa:3440+hsa:3441+hsa:3442+hsa:3443+hsa:3444+hsa:3445+hsa:3446+hsa:3447+hsa:3448+hsa:3449+hsa:3451+hsa:3452+hsa:3456+hsa:3458+hsa:3467+hsa:3558+hsa:3562+hsa:3565+hsa:3567+hsa:3569+hsa:3574+hsa:3578+hsa:3586+hsa:3589+hsa:3592+hsa:3593+hsa:3596+hsa:3600+hsa:3976+hsa:5008+hsa:50604+hsa:50616+hsa:51561+hsa:53342+hsa:56832+hsa:59067+hsa:85480">
        <graphics name="IL24, C49A, FISP, IL10B, MDA7, MOB5, ST16..." fgcolor="#000000" bgcolor="#BFFFBF"
             type="rectangle" x="99" y="215" width="46" height="17"/>
    </entry>
    <entry id="39" name="hsa:1270 hsa:1440 hsa:1442 hsa:1443 hsa:2056 hsa:2688 hsa:2689 hsa:3952 hsa:5617 hsa:7066" type="gene"
        link="http://www.kegg.jp/dbget-bin/www_bget?hsa:1270+hsa:1440+hsa:1442+hsa:1443+hsa:2056+hsa:2688+hsa:2689+hsa:3952+hsa:5617+hsa:7066">
        <graphics name="CNTF, HCNTF..." fgcolor="#000000" bgcolor="#BFFFBF"
             type="rectangle" x="99" y="247" width="46" height="17"/>
    </entry>
    <entry id="40" name="hsa:6772 hsa:6773 hsa:6774 hsa:6775 hsa:6776 hsa:6777 hsa:6778" type="gene"
        link="http://www.kegg.jp/dbget-bin/www_bget?hsa:6772+hsa:6773+hsa:6774+hsa:6775+hsa:6776+hsa:6777+hsa:6778">
        <graphics name="STAT1, CANDF7, IMD31A, IMD31B, IMD31C, ISGF-3, STAT91..." fgcolor="#000000" bgcolor="#BFFFBF"
             type="rectangle" x="454" y="231" width="46" height="17"/>
    </entry>
    <entry id="41" name="hsa:6772 hsa:6773 hsa:6774 hsa:6775 hsa:6776 hsa:6777 hsa:6778" type="gene"
        link="http://www.kegg.jp/dbget-bin/www_bget?hsa:6772+hsa:6773+hsa:6774+hsa:6775+hsa:6776+hsa:6777+hsa:6778">
        <graphics name="STAT1, CANDF7, IMD31A, IMD31B, IMD31C, ISGF-3, STAT91..." fgcolor="#000000" bgcolor="#BFFFBF"
             type="rectangle" x="454" y="248" width="46" height="17"/>
    </entry>
    <entry id="42" name="hsa:1950 hsa:5154 hsa:5155" type="gene"
        link="http://www.kegg.jp/dbget-bin/www_bget?hsa:1950+hsa:5154+hsa:5155">
        <graphics name="EGF, HOMG4, URG..." fgcolor="#000000" bgcolor="#BFFFBF"
             type="rectangle" x="99" y="279" width="46" height="17"/>
    </entry>
    <entry id="43" name="undefined" type="group">
        <graphics fgcolor="#000000" bgcolor="#FFFFFF"
             type="rectangle" x="454" y="239" width="46" height="34"/>
        <component id="40"/>
        <component id="41"/>
    </entry>
    <entry id="44" name="undefined" type="group">
        <graphics fgcolor="#000000" bgcolor="#FFFFFF"
             type="rectangle" x="346" y="360" width="46" height="34"/>
        <component id="29"/>
        <component id="5"/>
    </entry>
    <relation entry1="38" entry2="22" type="PPrel">
        <subtype name="activation" value="--&gt;"/>
    </relation>
    <relation entry1="39" entry2="22" type="PPrel">
        <subtype name="activation" value="--&gt;"/>
    </relation>
    <relation entry1="9" entry2="43" type="PPrel">
        <subtype name="activation" value="--&gt;"/>
    </relation>
    <relation entry1="44" entry2="4" type="PPrel">
        <subtype name="activation" value="--&gt;"/>
    </relation>
    <relation entry1="4" entry2="32" type="PPrel">
        <subtype name="activation" value="--&gt;"/>
    </relation>
    <relation entry1="32" entry2="33" type="PPrel">
        <subtype name="activation" value="--&gt;"/>
    </relation>
    <relation entry1="15" entry2="11" type="PPrel">
        <subtype name="activation" value="--&gt;"/>
        <subtype name="phosphorylation" value="+p"/>
    </relation>
    <relation entry1="15" entry2="29" type="PPrel">
        <subtype name="activation" value="--&gt;"/>
        <subtype name="phosphorylation" value="+p"/>
    </relation>
    <relation entry1="15" entry2="3" type="PPrel">
        <subtype name="activation" value="--&gt;"/>
        <subtype name="phosphorylation" value="+p"/>
    </relation>
    <relation entry1="3" entry2="2" type="PPrel">
        <subtype name="activation" value="--&gt;"/>
        <subtype name="indirect effect" value="..&gt;"/>
    </relation>
    <relation entry1="2" entry2="35" type="PPrel">
        <subtype name="activation" value="--&gt;"/>
        <subtype name="indirect effect" value="..&gt;"/>
    </relation>
    <relation entry1="11" entry2="43" type="PPrel">
        <subtype name="state change" value="..."/>
    </relation>
    <relation entry1="43" entry2="6" type="GErel">
        <subtype name="expression" value="--&gt;"/>
    </relation>
    <relation entry1="43" entry2="7" type="GErel">
        <subtype name="expression" value="--&gt;"/>
    </relation>
    <relation entry1="43" entry2="31" type="GErel">
        <subtype name="expression" value="--&gt;"/>
    </relation>
    <relation entry1="43" entry2="1" type="GErel">
        <subtype name="expression" value="--&gt;"/>
    </relation>
    <relation entry1="43" entry2="30" type="GErel">
        <subtype name="expression" value="--&gt;"/>
    </relation>
    <relation entry1="43" entry2="34" type="GErel">
        <subtype name="expression" value="--&gt;"/>
    </relation>
    <relation entry1="43" entry2="36" type="GErel">
        <subtype name="expression" value="--&gt;"/>
    </relation>
    <relation entry1="43" entry2="8" type="GErel">
        <subtype name="expression" value="--&gt;"/>
    </relation>
    <relation entry1="43" entry2="24" type="GErel">
        <subtype name="expression" value="--&gt;"/>
    </relation>
    <relation entry1="43" entry2="27" type="GErel">
        <subtype name="expression" value="--&gt;"/>
    </relation>
    <relation entry1="43" entry2="28" type="GErel">
        <subtype name="expression" value="--&gt;"/>
    </relation>
    <relation entry1="22" entry2="15" type="PPrel">
        <subtype name="binding/association" value="---"/>
    </relation>
    <relation entry1="43" entry2="10" type="PPrel">
        <subtype name="binding/association" value="---"/>
    </relation>
    <relation entry1="12" entry2="43" type="PPrel">
        <subtype name="inhibition" value="--|"/>
    </relation>
    <relation entry1="23" entry2="43" type="PPrel">
        <subtype name="inhibition" value="--|"/>
        <subtype name="dephosphorylation" value="-p"/>
    </relation>
    <relation entry1="37" entry2="15" type="PPrel">
        <subtype name="inhibition" value="--|"/>
        <subtype name="dephosphorylation" value="-p"/>
    </relation>
    <relation entry1="13" entry2="15" type="PPrel">
        <subtype name="inhibition" value="--|"/>
        <subtype name="dephosphorylation" value="-p"/>
    </relation>
    <relation entry1="19" entry2="43" type="PPrel">
        <subtype name="ubiquitination" value="+u"/>
    </relation>
    <relation entry1="6" entry2="11" type="PPrel">
        <subtype name="inhibition" value="--|"/>
    </relation>
    <relation entry1="8" entry2="15" type="PPrel">
        <subtype name="inhibition" value="--|"/>
    </relation>
    <relation entry1="14" entry2="15" type="PPrel">
        <subtype name="activation" value="--&gt;"/>
    </relation>
    <relation entry1="42" entry2="22" type="PPrel">
    </relation>
</pathway>
