<?xml version="1.0"?>
<!DOCTYPE pathway SYSTEM "http://www.kegg.jp/kegg/xml/KGML_v0.7.2_.dtd">
<!-- Creation date: Jul 24, 2017 13:17:58 +0900 (GMT+9) -->
<pathway name="path:hsa05222" org="hsa" number="05222"
         title="Small cell lung cancer"
         image="http://www.kegg.jp/kegg/pathway/hsa/hsa05222.png"
         link="http://www.kegg.jp/kegg-bin/show_pathway?hsa05222">
    <entry id="1" name="path:hsa04115" type="map"
        link="http://www.kegg.jp/dbget-bin/www_bget?hsa04115">
        <graphics name="p53 signaling pathway" fgcolor="#000000" bgcolor="#FFFFFF"
             type="roundrectangle" x="626" y="176" width="102" height="34"/>
    </entry>
    <entry id="2" name="hsa:898 hsa:9134" type="gene"
        link="http://www.kegg.jp/dbget-bin/www_bget?hsa:898+hsa:9134">
        <graphics name="CCNE1, CCNE, pCCNE1..." fgcolor="#000000" bgcolor="#BFFFBF"
             type="rectangle" x="908" y="377" width="46" height="17"/>
    </entry>
    <entry id="3" name="hsa:1017" type="gene"
        link="http://www.kegg.jp/dbget-bin/www_bget?hsa:1017">
        <graphics name="CDK2, CDKN2, p33(CDK2)" fgcolor="#000000" bgcolor="#BFFFBF"
             type="rectangle" x="908" y="360" width="46" height="17"/>
    </entry>
    <entry id="4" name="hsa:595" type="gene"
        link="http://www.kegg.jp/dbget-bin/www_bget?hsa:595">
        <graphics name="CCND1, BCL1, D11S287E, PRAD1, U21B31" fgcolor="#000000" bgcolor="#BFFFBF"
             type="rectangle" x="847" y="321" width="46" height="17"/>
    </entry>
    <entry id="5" name="path:hsa04210" type="map"
        link="http://www.kegg.jp/dbget-bin/www_bget?hsa04210">
        <graphics name="Apoptosis" fgcolor="#000000" bgcolor="#FFFFFF"
             type="roundrectangle" x="544" y="321" width="102" height="34"/>
    </entry>
    <entry id="6" name="path:hsa04512" type="map"
        link="http://www.kegg.jp/dbget-bin/www_bget?hsa04512">
        <graphics name="ECM-receptor interaction" fgcolor="#000000" bgcolor="#FFFFFF"
             type="roundrectangle" x="146" y="573" width="102" height="34"/>
    </entry>
    <entry id="7" name="path:hsa04510" type="map"
        link="http://www.kegg.jp/dbget-bin/www_bget?hsa04510">
        <graphics name="Focal adhesion" fgcolor="#000000" bgcolor="#FFFFFF"
             type="roundrectangle" x="308" y="663" width="102" height="34"/>
    </entry>
    <entry id="8" name="hsa:3688" type="gene"
        link="http://www.kegg.jp/dbget-bin/www_bget?hsa:3688">
        <graphics name="ITGB1, CD29, FNRB, GPIIA, MDF2, MSK12, VLA-BETA, VLAB" fgcolor="#000000" bgcolor="#BFFFBF"
             type="rectangle" x="223" y="621" width="46" height="17"/>
    </entry>
    <entry id="9" name="hsa:3655 hsa:3673 hsa:3674 hsa:3675 hsa:3685" type="gene"
        link="http://www.kegg.jp/dbget-bin/www_bget?hsa:3655+hsa:3673+hsa:3674+hsa:3675+hsa:3685">
        <graphics name="ITGA6, CD49f, ITGA6B, VLA-6..." fgcolor="#000000" bgcolor="#BFFFBF"
             type="rectangle" x="223" y="604" width="46" height="17"/>
    </entry>
    <entry id="10" name="hsa:7709" type="gene"
        link="http://www.kegg.jp/dbget-bin/www_bget?hsa:7709">
        <graphics name="ZBTB17, MIZ-1, ZNF151, ZNF60, pHZ-67" fgcolor="#000000" bgcolor="#BFFFBF"
             type="rectangle" x="760" y="438" width="46" height="17"/>
    </entry>
    <entry id="11" name="cpd:C05981" type="compound"
        link="http://www.kegg.jp/dbget-bin/www_bget?C05981">
        <graphics name="C05981" fgcolor="#000000" bgcolor="#FFFFFF"
             type="circle" x="422" y="613" width="8" height="8"/>
    </entry>
    <entry id="12" name="cpd:C00777 cpd:C15493" type="compound"
        link="http://www.kegg.jp/dbget-bin/www_bget?C00777+C15493">
        <graphics name="C00777..." fgcolor="#000000" bgcolor="#FFFFFF"
             type="circle" x="628" y="120" width="8" height="8"/>
    </entry>
    <entry id="13" name="hsa:1027" type="gene"
        link="http://www.kegg.jp/dbget-bin/www_bget?hsa:1027">
        <graphics name="CDKN1B, CDKN4, KIP1, MEN1B, MEN4, P27KIP1" fgcolor="#000000" bgcolor="#BFFFBF"
             type="rectangle" x="846" y="359" width="46" height="17"/>
    </entry>
    <entry id="14" name="hsa:6256 hsa:6257 hsa:6258" type="gene"
        link="http://www.kegg.jp/dbget-bin/www_bget?hsa:6256+hsa:6257+hsa:6258">
        <graphics name="RXRA, NR2B1..." fgcolor="#000000" bgcolor="#BFFFBF"
             type="rectangle" x="844" y="129" width="46" height="17"/>
    </entry>
    <entry id="15" name="hsa:5915" type="gene"
        link="http://www.kegg.jp/dbget-bin/www_bget?hsa:5915">
        <graphics name="RARB, HAP, MCOPS12, NR1B2, RARbeta1, RRB2" fgcolor="#000000" bgcolor="#BFFFBF"
             type="rectangle" x="844" y="112" width="46" height="17"/>
    </entry>
    <entry id="16" name="hsa:10000 hsa:207 hsa:208" type="gene"
        link="http://www.kegg.jp/dbget-bin/www_bget?hsa:10000+hsa:207+hsa:208">
        <graphics name="AKT3, MPPH, MPPH2, PKB-GAMMA, PKBG, PRKBG, RAC-PK-gamma, RAC-gamma, STK-2..." fgcolor="#000000" bgcolor="#BFFFBF"
             type="rectangle" x="473" y="613" width="46" height="17"/>
    </entry>
    <entry id="17" name="hsa:1163 hsa:1164" type="gene"
        link="http://www.kegg.jp/dbget-bin/www_bget?hsa:1163+hsa:1164">
        <graphics name="CKS1B, CKS1, PNAS-16, PNAS-18, ckshs1..." fgcolor="#000000" bgcolor="#BFFFBF"
             type="rectangle" x="833" y="443" width="46" height="17"/>
    </entry>
    <entry id="18" name="hsa:842" type="gene"
        link="http://www.kegg.jp/dbget-bin/www_bget?hsa:842">
        <graphics name="CASP9, APAF-3, APAF3, ICE-LAP6, MCH6, PPP1R56" fgcolor="#000000" bgcolor="#BFFFBF"
             type="rectangle" x="553" y="366" width="46" height="17"/>
    </entry>
    <entry id="19" name="hsa:317" type="gene"
        link="http://www.kegg.jp/dbget-bin/www_bget?hsa:317">
        <graphics name="APAF1, APAF-1, CED4" fgcolor="#000000" bgcolor="#BFFFBF"
             type="rectangle" x="439" y="380" width="46" height="17"/>
    </entry>
    <entry id="20" name="hsa:4149" type="gene"
        link="http://www.kegg.jp/dbget-bin/www_bget?hsa:4149">
        <graphics name="MAX, bHLHd4" fgcolor="#000000" bgcolor="#BFFFBF"
             type="rectangle" x="780" y="537" width="46" height="17"/>
    </entry>
    <entry id="21" name="hsa:4609" type="gene"
        link="http://www.kegg.jp/dbget-bin/www_bget?hsa:4609">
        <graphics name="MYC, MRTL, MYCC, bHLHe39, c-Myc" fgcolor="#000000" bgcolor="#BFFFBF"
             type="rectangle" x="780" y="520" width="46" height="17"/>
    </entry>
    <entry id="22" name="hsa:5728" type="gene"
        link="http://www.kegg.jp/dbget-bin/www_bget?hsa:5728">
        <graphics name="PTEN, 10q23del, BZS, CWS1, DEC, GLM2, MHAM, MMAC1, PTEN1, PTENbeta, TEP1" fgcolor="#000000" bgcolor="#BFFFBF"
             type="rectangle" x="393" y="661" width="46" height="17"/>
    </entry>
    <entry id="23" name="hsa:5290 hsa:5291 hsa:5293 hsa:5295 hsa:5296 hsa:8503" type="gene"
        link="http://www.kegg.jp/dbget-bin/www_bget?hsa:5290+hsa:5291+hsa:5293+hsa:5295+hsa:5296+hsa:8503">
        <graphics name="PIK3CA, CLOVE, CWS5, MCAP, MCM, MCMTC, PI3K, PI3K-alpha, p110-alpha..." fgcolor="#000000" bgcolor="#BFFFBF"
             type="rectangle" x="366" y="613" width="46" height="17"/>
    </entry>
    <entry id="24" name="hsa:5747" type="gene"
        link="http://www.kegg.jp/dbget-bin/www_bget?hsa:5747">
        <graphics name="PTK2, FADK, FAK, FAK1, FRNK, PPP1R71, p125FAK, pp125FAK" fgcolor="#000000" bgcolor="#BFFFBF"
             type="rectangle" x="295" y="613" width="46" height="17"/>
    </entry>
    <entry id="25" name="hsa:2272" type="gene"
        link="http://www.kegg.jp/dbget-bin/www_bget?hsa:2272">
        <graphics name="FHIT, AP3Aase, FRA3B" fgcolor="#000000" bgcolor="#BFFFBF"
             type="rectangle" x="284" y="145" width="46" height="17"/>
    </entry>
    <entry id="26" name="hsa:54205" type="gene"
        link="http://www.kegg.jp/dbget-bin/www_bget?hsa:54205">
        <graphics name="CYCS, CYC, HCS, THC4" fgcolor="#000000" bgcolor="#BFFFBF"
             type="rectangle" x="438" y="350" width="46" height="17"/>
    </entry>
    <entry id="27" name="hsa:10319 hsa:1282 hsa:1284 hsa:1285 hsa:1286 hsa:1287 hsa:1288 hsa:22798 hsa:2335 hsa:284217 hsa:3908 hsa:3909 hsa:3910 hsa:3911 hsa:3912 hsa:3913 hsa:3914 hsa:3915 hsa:3918" type="gene"
        link="http://www.kegg.jp/dbget-bin/www_bget?hsa:10319+hsa:1282+hsa:1284+hsa:1285+hsa:1286+hsa:1287+hsa:1288+hsa:22798+hsa:2335+hsa:284217+hsa:3908+hsa:3909+hsa:3910+hsa:3911+hsa:3912+hsa:3913+hsa:3914+hsa:3915+hsa:3918">
        <graphics name="LAMC3, OCCM..." fgcolor="#000000" bgcolor="#BFFFBF"
             type="rectangle" x="145" y="613" width="46" height="17"/>
    </entry>
    <entry id="28" name="path:hsa05222" type="map"
        link="http://www.kegg.jp/dbget-bin/www_bget?hsa05222">
        <graphics name="TITLE:Small cell lung cancer" fgcolor="#000000" bgcolor="#FFFFFF"
             type="roundrectangle" x="153" y="58" width="225" height="25"/>
    </entry>
    <entry id="29" name="path:hsa04210" type="map"
        link="http://www.kegg.jp/dbget-bin/www_bget?hsa04210">
        <graphics name="Apoptosis" fgcolor="#000000" bgcolor="#FFFFFF"
             type="roundrectangle" x="1091" y="625" width="102" height="34"/>
    </entry>
    <entry id="30" name="path:hsa04110" type="map"
        link="http://www.kegg.jp/dbget-bin/www_bget?hsa04110">
        <graphics name="Cell cycle" fgcolor="#000000" bgcolor="#FFFFFF"
             type="roundrectangle" x="1080" y="346" width="102" height="34"/>
    </entry>
    <entry id="31" name="hsa:112401 hsa:329 hsa:330 hsa:331 hsa:79444" type="gene"
        link="http://www.kegg.jp/dbget-bin/www_bget?hsa:112401+hsa:329+hsa:330+hsa:331+hsa:79444">
        <graphics name="BIRC8, ILP-2, ILP2, hILP2..." fgcolor="#000000" bgcolor="#BFFFBF"
             type="rectangle" x="877" y="604" width="46" height="17"/>
    </entry>
    <entry id="32" name="hsa:596" type="gene"
        link="http://www.kegg.jp/dbget-bin/www_bget?hsa:596">
        <graphics name="BCL2, Bcl-2, PPP1R50" fgcolor="#000000" bgcolor="#BFFFBF"
             type="rectangle" x="360" y="291" width="46" height="17"/>
    </entry>
    <entry id="33" name="hsa:595" type="gene"
        link="http://www.kegg.jp/dbget-bin/www_bget?hsa:595">
        <graphics name="CCND1, BCL1, D11S287E, PRAD1, U21B31" fgcolor="#000000" bgcolor="#BFFFBF"
             type="rectangle" x="877" y="569" width="46" height="17"/>
    </entry>
    <entry id="34" name="hsa:4843" type="gene"
        link="http://www.kegg.jp/dbget-bin/www_bget?hsa:4843">
        <graphics name="NOS2, HEP-NOS, INOS, NOS, NOS2A" fgcolor="#000000" bgcolor="#BFFFBF"
             type="rectangle" x="877" y="707" width="46" height="17"/>
    </entry>
    <entry id="35" name="hsa:5743" type="gene"
        link="http://www.kegg.jp/dbget-bin/www_bget?hsa:5743">
        <graphics name="PTGS2, COX-2, COX2, GRIPGHS, PGG/HS, PGHS-2, PHS-2, hCox-2" fgcolor="#000000" bgcolor="#BFFFBF"
             type="rectangle" x="877" y="685" width="46" height="17"/>
    </entry>
    <entry id="36" name="hsa:1147 hsa:3551 hsa:8517" type="gene"
        link="http://www.kegg.jp/dbget-bin/www_bget?hsa:1147+hsa:3551+hsa:8517">
        <graphics name="CHUK, IKBKA, IKK-alpha, IKK1, IKKA, NFKBIKA, TCF16..." fgcolor="#000000" bgcolor="#BFFFBF"
             type="rectangle" x="548" y="613" width="46" height="17"/>
    </entry>
    <entry id="37" name="hsa:4792" type="gene"
        link="http://www.kegg.jp/dbget-bin/www_bget?hsa:4792">
        <graphics name="NFKBIA, IKBA, MAD-3, NFKBI" fgcolor="#000000" bgcolor="#BFFFBF"
             type="rectangle" x="622" y="613" width="46" height="17"/>
    </entry>
    <entry id="38" name="hsa:598" type="gene"
        link="http://www.kegg.jp/dbget-bin/www_bget?hsa:598">
        <graphics name="BCL2L1, BCL-XL/S, BCL2L, BCLX, Bcl-X, PPP1R52" fgcolor="#000000" bgcolor="#BFFFBF"
             type="rectangle" x="877" y="626" width="46" height="17"/>
    </entry>
    <entry id="39" name="hsa:7185 hsa:7186 hsa:7187 hsa:7188 hsa:7189 hsa:9618" type="gene"
        link="http://www.kegg.jp/dbget-bin/www_bget?hsa:7185+hsa:7186+hsa:7187+hsa:7188+hsa:7189+hsa:9618">
        <graphics name="TRAF1, EBI6, MGC:10353..." fgcolor="#000000" bgcolor="#BFFFBF"
             type="rectangle" x="877" y="648" width="46" height="17"/>
    </entry>
    <entry id="40" name="hsa:1869 hsa:1870 hsa:1871" type="gene"
        link="http://www.kegg.jp/dbget-bin/www_bget?hsa:1869+hsa:1870+hsa:1871">
        <graphics name="E2F1, E2F-1, RBAP1, RBBP3, RBP3..." fgcolor="#000000" bgcolor="#BFFFBF"
             type="rectangle" x="986" y="406" width="46" height="17"/>
    </entry>
    <entry id="41" name="hsa:1019 hsa:1021" type="gene"
        link="http://www.kegg.jp/dbget-bin/www_bget?hsa:1019+hsa:1021">
        <graphics name="CDK4, CMM3, PSK-J3..." fgcolor="#000000" bgcolor="#BFFFBF"
             type="rectangle" x="847" y="304" width="46" height="17"/>
    </entry>
    <entry id="42" name="hsa:4790 hsa:5970" type="gene"
        link="http://www.kegg.jp/dbget-bin/www_bget?hsa:4790+hsa:5970">
        <graphics name="NFKB1, CVID12, EBP-1, KBF1, NF-kB1, NF-kappa-B, NF-kappaB, NFKB-p105, NFKB-p50, NFkappaB, p105, p50..." fgcolor="#000000" bgcolor="#BFFFBF"
             type="rectangle" x="622" y="646" width="46" height="17"/>
    </entry>
    <entry id="43" name="hsa:5925" type="gene"
        link="http://www.kegg.jp/dbget-bin/www_bget?hsa:5925">
        <graphics name="RB1, OSRC, PPP1R130, RB, p105-Rb, pRb, pp110" fgcolor="#000000" bgcolor="#BFFFBF"
             type="rectangle" x="986" y="369" width="46" height="17"/>
    </entry>
    <entry id="44" name="hsa:6502" type="gene"
        link="http://www.kegg.jp/dbget-bin/www_bget?hsa:6502">
        <graphics name="SKP2, FBL1, FBXL1, FLB1, p45" fgcolor="#000000" bgcolor="#BFFFBF"
             type="rectangle" x="838" y="400" width="46" height="17"/>
    </entry>
    <entry id="45" name="hsa:1030" type="gene"
        link="http://www.kegg.jp/dbget-bin/www_bget?hsa:1030">
        <graphics name="CDKN2B, CDK4I, INK4B, MTS2, P15, TP15, p15INK4b" fgcolor="#000000" bgcolor="#BFFFBF"
             type="rectangle" x="746" y="303" width="46" height="17"/>
    </entry>
    <entry id="46" name="path:hsa04151" type="map"
        link="http://www.kegg.jp/dbget-bin/www_bget?hsa04151">
        <graphics name="PI3K-Akt signaling pathway" fgcolor="#000000" bgcolor="#FFFFFF"
             type="roundrectangle" x="497" y="663" width="102" height="34"/>
    </entry>
    <entry id="47" name="hsa:581" type="gene"
        link="http://www.kegg.jp/dbget-bin/www_bget?hsa:581">
        <graphics name="BAX, BCL2L4" fgcolor="#000000" bgcolor="#BFFFBF"
             type="rectangle" x="373" y="337" width="46" height="17"/>
    </entry>
    <entry id="48" name="hsa:836" type="gene"
        link="http://www.kegg.jp/dbget-bin/www_bget?hsa:836">
        <graphics name="CASP3, CPP32, CPP32B, SCA-1" fgcolor="#000000" bgcolor="#BFFFBF"
             type="rectangle" x="638" y="366" width="46" height="17"/>
    </entry>
    <entry id="49" name="hsa:7157" type="gene"
        link="http://www.kegg.jp/dbget-bin/www_bget?hsa:7157">
        <graphics name="TP53, BCC7, LFS1, P53, TRP53" fgcolor="#000000" bgcolor="#BFFFBF"
             type="rectangle" x="802" y="209" width="46" height="17"/>
    </entry>
    <entry id="50" name="hsa:1026" type="gene"
        link="http://www.kegg.jp/dbget-bin/www_bget?hsa:1026">
        <graphics name="CDKN1A, CAP20, CDKN1, CIP1, MDA-6, P21, SDI1, WAF1, p21CIP1" fgcolor="#000000" bgcolor="#BFFFBF"
             type="rectangle" x="932" y="189" width="46" height="17"/>
    </entry>
    <entry id="51" name="hsa:10912 hsa:1647 hsa:4616" type="gene"
        link="http://www.kegg.jp/dbget-bin/www_bget?hsa:10912+hsa:1647+hsa:4616">
        <graphics name="GADD45G, CR6, DDIT2, GADD45gamma, GRP17..." fgcolor="#000000" bgcolor="#BFFFBF"
             type="rectangle" x="984" y="189" width="46" height="17"/>
    </entry>
    <entry id="52" name="hsa:581" type="gene"
        link="http://www.kegg.jp/dbget-bin/www_bget?hsa:581">
        <graphics name="BAX, BCL2L4" fgcolor="#000000" bgcolor="#BFFFBF"
             type="rectangle" x="932" y="211" width="46" height="17"/>
    </entry>
    <entry id="53" name="hsa:578" type="gene"
        link="http://www.kegg.jp/dbget-bin/www_bget?hsa:578">
        <graphics name="BAK1, BAK, BAK-LIKE, BCL2L7, CDN1" fgcolor="#000000" bgcolor="#BFFFBF"
             type="rectangle" x="984" y="211" width="46" height="17"/>
    </entry>
    <entry id="54" name="hsa:1643" type="gene"
        link="http://www.kegg.jp/dbget-bin/www_bget?hsa:1643">
        <graphics name="DDB2, DDBB, UV-DDB2, XPE" fgcolor="#000000" bgcolor="#BFFFBF"
             type="rectangle" x="932" y="233" width="46" height="17"/>
    </entry>
    <entry id="55" name="hsa:51426" type="gene"
        link="http://www.kegg.jp/dbget-bin/www_bget?hsa:51426">
        <graphics name="POLK, DINB1, DINP, POLQ" fgcolor="#000000" bgcolor="#BFFFBF"
             type="rectangle" x="984" y="233" width="46" height="17"/>
    </entry>
    <entry id="56" name="undefined" type="group">
        <graphics fgcolor="#000000" bgcolor="#FFFFFF"
             type="rectangle" x="223" y="612" width="46" height="34"/>
        <component id="8"/>
        <component id="9"/>
    </entry>
    <entry id="57" name="undefined" type="group">
        <graphics fgcolor="#000000" bgcolor="#FFFFFF"
             type="rectangle" x="847" y="312" width="46" height="34"/>
        <component id="4"/>
        <component id="41"/>
    </entry>
    <entry id="58" name="undefined" type="group">
        <graphics fgcolor="#000000" bgcolor="#FFFFFF"
             type="rectangle" x="908" y="368" width="46" height="34"/>
        <component id="2"/>
        <component id="3"/>
    </entry>
    <entry id="59" name="undefined" type="group">
        <graphics fgcolor="#000000" bgcolor="#FFFFFF"
             type="rectangle" x="780" y="528" width="46" height="34"/>
        <component id="20"/>
        <component id="21"/>
    </entry>
    <entry id="60" name="undefined" type="group">
        <graphics fgcolor="#000000" bgcolor="#FFFFFF"
             type="rectangle" x="844" y="120" width="46" height="34"/>
        <component id="14"/>
        <component id="15"/>
    </entry>
    <relation entry1="23" entry2="16" type="PPrel">
        <subtype name="compound" value="11"/>
    </relation>
    <relation entry1="17" entry2="44" type="PPrel">
        <subtype name="activation" value="--&gt;"/>
    </relation>
    <relation entry1="27" entry2="56" type="PPrel">
        <subtype name="activation" value="--&gt;"/>
    </relation>
    <relation entry1="56" entry2="24" type="PPrel">
        <subtype name="activation" value="--&gt;"/>
    </relation>
    <relation entry1="24" entry2="23" type="PPrel">
        <subtype name="activation" value="--&gt;"/>
    </relation>
    <relation entry1="16" entry2="36" type="PPrel">
        <subtype name="activation" value="--&gt;"/>
        <subtype name="phosphorylation" value="+p"/>
    </relation>
    <relation entry1="36" entry2="37" type="PPrel">
        <subtype name="activation" value="--&gt;"/>
        <subtype name="phosphorylation" value="+p"/>
    </relation>
    <relation entry1="57" entry2="43" type="PPrel">
        <subtype name="activation" value="--&gt;"/>
        <subtype name="phosphorylation" value="+p"/>
    </relation>
    <relation entry1="58" entry2="43" type="PPrel">
        <subtype name="activation" value="--&gt;"/>
        <subtype name="phosphorylation" value="+p"/>
    </relation>
    <relation entry1="10" entry2="45" type="GErel">
        <subtype name="expression" value="--&gt;"/>
    </relation>
    <relation entry1="59" entry2="57" type="GErel">
        <subtype name="expression" value="--&gt;"/>
    </relation>
    <relation entry1="42" entry2="33" type="GErel">
        <subtype name="expression" value="--&gt;"/>
    </relation>
    <relation entry1="42" entry2="31" type="GErel">
        <subtype name="expression" value="--&gt;"/>
    </relation>
    <relation entry1="42" entry2="38" type="GErel">
        <subtype name="expression" value="--&gt;"/>
    </relation>
    <relation entry1="42" entry2="39" type="GErel">
        <subtype name="expression" value="--&gt;"/>
    </relation>
    <relation entry1="42" entry2="35" type="GErel">
        <subtype name="expression" value="--&gt;"/>
    </relation>
    <relation entry1="42" entry2="34" type="GErel">
        <subtype name="expression" value="--&gt;"/>
    </relation>
    <relation entry1="44" entry2="13" type="PPrel">
        <subtype name="inhibition" value="--|"/>
    </relation>
    <relation entry1="13" entry2="58" type="PPrel">
        <subtype name="inhibition" value="--|"/>
    </relation>
    <relation entry1="40" entry2="43" type="PPrel">
        <subtype name="dissociation" value="-+-"/>
    </relation>
    <relation entry1="37" entry2="42" type="PPrel">
        <subtype name="dissociation" value="-+-"/>
    </relation>
    <relation entry1="59" entry2="17" type="GErel">
        <subtype name="expression" value="--&gt;"/>
    </relation>
    <relation entry1="45" entry2="57" type="PPrel">
        <subtype name="inhibition" value="--|"/>
    </relation>
    <relation entry1="12" entry2="60" type="PCrel">
        <subtype name="missing interaction" value="-/-"/>
    </relation>
    <relation entry1="26" entry2="18" type="PPrel">
        <subtype name="missing interaction" value="-/-"/>
    </relation>
    <relation entry1="19" entry2="18" type="PPrel">
        <subtype name="missing interaction" value="-/-"/>
    </relation>
    <relation entry1="22" entry2="11" type="PCrel">
        <subtype name="missing interaction" value="-/-"/>
    </relation>
    <relation entry1="59" entry2="10" type="PPrel">
        <subtype name="inhibition" value="--|"/>
    </relation>
    <relation entry1="32" entry2="47" type="PPrel">
        <subtype name="inhibition" value="--|"/>
    </relation>
    <relation entry1="18" entry2="48" type="PPrel">
        <subtype name="missing interaction" value="-/-"/>
    </relation>
    <relation entry1="49" entry2="50" type="PPrel">
        <subtype name="missing interaction" value="-/-"/>
    </relation>
    <relation entry1="49" entry2="51" type="PPrel">
        <subtype name="missing interaction" value="-/-"/>
    </relation>
    <relation entry1="49" entry2="52" type="PPrel">
        <subtype name="missing interaction" value="-/-"/>
    </relation>
    <relation entry1="49" entry2="53" type="PPrel">
        <subtype name="missing interaction" value="-/-"/>
    </relation>
    <relation entry1="49" entry2="54" type="PPrel">
        <subtype name="missing interaction" value="-/-"/>
    </relation>
    <relation entry1="49" entry2="55" type="PPrel">
        <subtype name="missing interaction" value="-/-"/>
    </relation>
</pathway>
