<?xml version="1.0"?>
<!DOCTYPE pathway SYSTEM "http://www.kegg.jp/kegg/xml/KGML_v0.7.2_.dtd">
<!-- Creation date: Mar 16, 2018 15:09:01 +0900 (GMT+9) -->
<pathway name="path:hsa05211" org="hsa" number="05211"
         title="Renal cell carcinoma"
         image="http://www.kegg.jp/kegg/pathway/hsa/hsa05211.png"
         link="http://www.kegg.jp/kegg-bin/show_pathway?hsa05211">
    <entry id="1" name="hsa:5781" type="gene"
        link="http://www.kegg.jp/dbget-bin/www_bget?hsa:5781">
        <graphics name="PTPN11, BPTP3, CFC, JMML, METCDS, NS1, PTP-1D, PTP2C, SH-PTP2, SH-PTP3, SHP2" fgcolor="#000000" bgcolor="#BFFFBF"
             type="rectangle" x="533" y="389" width="46" height="17"/>
    </entry>
    <entry id="2" name="hsa:7040 hsa:7042 hsa:7043" type="gene"
        link="http://www.kegg.jp/dbget-bin/www_bget?hsa:7040+hsa:7042+hsa:7043">
        <graphics name="TGFB1, CED, DPD1, LAP, TGFB, TGFbeta..." fgcolor="#000000" bgcolor="#BFFFBF"
             type="rectangle" x="800" y="628" width="46" height="17"/>
    </entry>
    <entry id="3" name="hsa:7422" type="gene"
        link="http://www.kegg.jp/dbget-bin/www_bget?hsa:7422">
        <graphics name="VEGFA, MVCD1, VEGF, VPF" fgcolor="#000000" bgcolor="#BFFFBF"
             type="rectangle" x="800" y="602" width="46" height="17"/>
    </entry>
    <entry id="4" name="hsa:6513" type="gene"
        link="http://www.kegg.jp/dbget-bin/www_bget?hsa:6513">
        <graphics name="SLC2A1, CSE, DYT17, DYT18, DYT9, EIG12, GLUT, GLUT-1, GLUT1, GLUT1DS, HTLVR, PED, SDCHCN" fgcolor="#000000" bgcolor="#BFFFBF"
             type="rectangle" x="800" y="575" width="46" height="17"/>
    </entry>
    <entry id="5" name="hsa:405 hsa:9915" type="gene"
        link="http://www.kegg.jp/dbget-bin/www_bget?hsa:405+hsa:9915">
        <graphics name="ARNT, HIF-1-beta, HIF-1beta, HIF1-beta, HIF1B, HIF1BETA, TANGO, bHLHe2..." fgcolor="#000000" bgcolor="#BFFFBF"
             type="rectangle" x="676" y="640" width="46" height="17"/>
    </entry>
    <entry id="6" name="hsa:1387 hsa:2033" type="gene"
        link="http://www.kegg.jp/dbget-bin/www_bget?hsa:1387+hsa:2033">
        <graphics name="CREBBP, CBP, KAT3A, RSTS, RSTS1..." fgcolor="#000000" bgcolor="#BFFFBF"
             type="rectangle" x="699" y="579" width="46" height="17"/>
    </entry>
    <entry id="7" name="hsa:8453" type="gene"
        link="http://www.kegg.jp/dbget-bin/www_bget?hsa:8453">
        <graphics name="CUL2" fgcolor="#000000" bgcolor="#BFFFBF"
             type="rectangle" x="544" y="716" width="46" height="17"/>
    </entry>
    <entry id="8" name="hsa:9978" type="gene"
        link="http://www.kegg.jp/dbget-bin/www_bget?hsa:9978">
        <graphics name="RBX1, BA554C12.1, RNF75, ROC1" fgcolor="#000000" bgcolor="#BFFFBF"
             type="rectangle" x="544" y="699" width="46" height="17"/>
    </entry>
    <entry id="9" name="hsa:6923" type="gene"
        link="http://www.kegg.jp/dbget-bin/www_bget?hsa:6923">
        <graphics name="ELOB, SIII, TCEB2" fgcolor="#000000" bgcolor="#BFFFBF"
             type="rectangle" x="498" y="733" width="46" height="17"/>
    </entry>
    <entry id="10" name="hsa:6921" type="gene"
        link="http://www.kegg.jp/dbget-bin/www_bget?hsa:6921">
        <graphics name="ELOC, SIII, TCEB1" fgcolor="#000000" bgcolor="#BFFFBF"
             type="rectangle" x="498" y="716" width="46" height="17"/>
    </entry>
    <entry id="11" name="hsa:7428" type="gene"
        link="http://www.kegg.jp/dbget-bin/www_bget?hsa:7428">
        <graphics name="VHL, HRCA1, RCA1, VHL1, pVHL" fgcolor="#000000" bgcolor="#BFFFBF"
             type="rectangle" x="498" y="699" width="46" height="17"/>
    </entry>
    <entry id="12" name="hsa:112398 hsa:112399 hsa:54583" type="gene"
        link="http://www.kegg.jp/dbget-bin/www_bget?hsa:112398+hsa:112399+hsa:54583">
        <graphics name="EGLN2, EIT6, HIF-PH1, HIFPH1, HPH-1, HPH-3, PHD1..." fgcolor="#000000" bgcolor="#BFFFBF"
             type="rectangle" x="416" y="708" width="46" height="17"/>
    </entry>
    <entry id="13" name="hsa:2034 hsa:3091" type="gene"
        link="http://www.kegg.jp/dbget-bin/www_bget?hsa:2034+hsa:3091">
        <graphics name="EPAS1, ECYT4, HIF2A, HLF, MOP2, PASD2, bHLHe73..." fgcolor="#000000" bgcolor="#BFFFBF"
             type="rectangle" x="296" y="632" width="46" height="17"/>
    </entry>
    <entry id="14" name="cpd:C00007" type="compound"
        link="http://www.kegg.jp/dbget-bin/www_bget?C00007">
        <graphics name="C00007" fgcolor="#000000" bgcolor="#FFFFFF"
             type="circle" x="449" y="684" width="8" height="8"/>
    </entry>
    <entry id="15" name="cpd:C00149" type="compound"
        link="http://www.kegg.jp/dbget-bin/www_bget?C00149">
        <graphics name="C00149" fgcolor="#000000" bgcolor="#FFFFFF"
             type="circle" x="334" y="753" width="8" height="8"/>
    </entry>
    <entry id="16" name="cpd:C00122" type="compound"
        link="http://www.kegg.jp/dbget-bin/www_bget?C00122">
        <graphics name="C00122" fgcolor="#000000" bgcolor="#FFFFFF"
             type="circle" x="334" y="708" width="8" height="8"/>
    </entry>
    <entry id="17" name="hsa:8453" type="gene"
        link="http://www.kegg.jp/dbget-bin/www_bget?hsa:8453">
        <graphics name="CUL2" fgcolor="#000000" bgcolor="#BFFFBF"
             type="rectangle" x="480" y="238" width="46" height="17"/>
    </entry>
    <entry id="18" name="hsa:9978" type="gene"
        link="http://www.kegg.jp/dbget-bin/www_bget?hsa:9978">
        <graphics name="RBX1, BA554C12.1, RNF75, ROC1" fgcolor="#000000" bgcolor="#BFFFBF"
             type="rectangle" x="480" y="221" width="46" height="17"/>
    </entry>
    <entry id="19" name="hsa:6923" type="gene"
        link="http://www.kegg.jp/dbget-bin/www_bget?hsa:6923">
        <graphics name="ELOB, SIII, TCEB2" fgcolor="#000000" bgcolor="#BFFFBF"
             type="rectangle" x="434" y="255" width="46" height="17"/>
    </entry>
    <entry id="20" name="hsa:6921" type="gene"
        link="http://www.kegg.jp/dbget-bin/www_bget?hsa:6921">
        <graphics name="ELOC, SIII, TCEB1" fgcolor="#000000" bgcolor="#BFFFBF"
             type="rectangle" x="434" y="238" width="46" height="17"/>
    </entry>
    <entry id="21" name="hsa:7040 hsa:7042 hsa:7043" type="gene"
        link="http://www.kegg.jp/dbget-bin/www_bget?hsa:7040+hsa:7042+hsa:7043">
        <graphics name="TGFB1, CED, DPD1, LAP, TGFB, TGFbeta..." fgcolor="#000000" bgcolor="#BFFFBF"
             type="rectangle" x="800" y="136" width="46" height="17"/>
    </entry>
    <entry id="22" name="hsa:7039" type="gene"
        link="http://www.kegg.jp/dbget-bin/www_bget?hsa:7039">
        <graphics name="TGFA, TFGA" fgcolor="#000000" bgcolor="#BFFFBF"
             type="rectangle" x="800" y="680" width="46" height="17"/>
    </entry>
    <entry id="23" name="hsa:5155" type="gene"
        link="http://www.kegg.jp/dbget-bin/www_bget?hsa:5155">
        <graphics name="PDGFB, IBGC5, PDGF-2, PDGF2, SIS, SSV, c-sis" fgcolor="#000000" bgcolor="#BFFFBF"
             type="rectangle" x="800" y="654" width="46" height="17"/>
    </entry>
    <entry id="24" name="cpd:C00007" type="compound"
        link="http://www.kegg.jp/dbget-bin/www_bget?C00007">
        <graphics name="C00007" fgcolor="#000000" bgcolor="#FFFFFF"
             type="circle" x="386" y="211" width="8" height="8"/>
    </entry>
    <entry id="25" name="hsa:201163" type="gene"
        link="http://www.kegg.jp/dbget-bin/www_bget?hsa:201163">
        <graphics name="FLCN, BHD, FLCL" fgcolor="#000000" bgcolor="#BFFFBF"
             type="rectangle" x="326" y="861" width="46" height="17"/>
    </entry>
    <entry id="26" name="hsa:2271" type="gene"
        link="http://www.kegg.jp/dbget-bin/www_bget?hsa:2271">
        <graphics name="FH, FMRD, HLRCC, LRCC, MCL, MCUL1" fgcolor="#000000" bgcolor="#BFFFBF"
             type="rectangle" x="299" y="729" width="46" height="17"/>
    </entry>
    <entry id="27" name="hsa:7422" type="gene"
        link="http://www.kegg.jp/dbget-bin/www_bget?hsa:7422">
        <graphics name="VEGFA, MVCD1, VEGF, VPF" fgcolor="#000000" bgcolor="#BFFFBF"
             type="rectangle" x="800" y="110" width="46" height="17"/>
    </entry>
    <entry id="28" name="hsa:5879" type="gene"
        link="http://www.kegg.jp/dbget-bin/www_bget?hsa:5879">
        <graphics name="RAC1, MIG5, MRD48, Rac-1, TC-25, p21-Rac1" fgcolor="#000000" bgcolor="#BFFFBF"
             type="rectangle" x="580" y="455" width="46" height="17"/>
    </entry>
    <entry id="29" name="hsa:1398 hsa:1399" type="gene"
        link="http://www.kegg.jp/dbget-bin/www_bget?hsa:1398+hsa:1399">
        <graphics name="CRK, CRKII, p38..." fgcolor="#000000" bgcolor="#BFFFBF"
             type="rectangle" x="535" y="359" width="46" height="17"/>
    </entry>
    <entry id="30" name="hsa:2889" type="gene"
        link="http://www.kegg.jp/dbget-bin/www_bget?hsa:2889">
        <graphics name="RAPGEF1, C3G, GRF2" fgcolor="#000000" bgcolor="#BFFFBF"
             type="rectangle" x="620" y="358" width="46" height="17"/>
    </entry>
    <entry id="31" name="hsa:6654 hsa:6655" type="gene"
        link="http://www.kegg.jp/dbget-bin/www_bget?hsa:6654+hsa:6655">
        <graphics name="SOS1, GF1, GGF1, GINGF, HGF, NS4, SOS-1..." fgcolor="#000000" bgcolor="#BFFFBF"
             type="rectangle" x="413" y="424" width="46" height="17"/>
    </entry>
    <entry id="32" name="hsa:2885" type="gene"
        link="http://www.kegg.jp/dbget-bin/www_bget?hsa:2885">
        <graphics name="GRB2, ASH, EGFRBP-GRB2, Grb3-3, MST084, MSTP084, NCKAP2" fgcolor="#000000" bgcolor="#BFFFBF"
             type="rectangle" x="330" y="424" width="46" height="17"/>
    </entry>
    <entry id="33" name="hsa:112398 hsa:112399 hsa:54583" type="gene"
        link="http://www.kegg.jp/dbget-bin/www_bget?hsa:112398+hsa:112399+hsa:54583">
        <graphics name="EGLN2, EIT6, HIF-PH1, HIFPH1, HPH-1, HPH-3, PHD1..." fgcolor="#000000" bgcolor="#BFFFBF"
             type="rectangle" x="354" y="232" width="46" height="17"/>
    </entry>
    <entry id="34" name="hsa:7428" type="gene"
        link="http://www.kegg.jp/dbget-bin/www_bget?hsa:7428">
        <graphics name="VHL, HRCA1, RCA1, VHL1, pVHL" fgcolor="#000000" bgcolor="#BFFFBF"
             type="rectangle" x="434" y="221" width="46" height="17"/>
    </entry>
    <entry id="35" name="hsa:405 hsa:9915" type="gene"
        link="http://www.kegg.jp/dbget-bin/www_bget?hsa:405+hsa:9915">
        <graphics name="ARNT, HIF-1-beta, HIF-1beta, HIF1-beta, HIF1B, HIF1BETA, TANGO, bHLHe2..." fgcolor="#000000" bgcolor="#BFFFBF"
             type="rectangle" x="676" y="160" width="46" height="17"/>
    </entry>
    <entry id="36" name="hsa:1387 hsa:2033" type="gene"
        link="http://www.kegg.jp/dbget-bin/www_bget?hsa:1387+hsa:2033">
        <graphics name="CREBBP, CBP, KAT3A, RSTS, RSTS1..." fgcolor="#000000" bgcolor="#BFFFBF"
             type="rectangle" x="697" y="98" width="46" height="17"/>
    </entry>
    <entry id="37" name="hsa:2034 hsa:3091" type="gene"
        link="http://www.kegg.jp/dbget-bin/www_bget?hsa:2034+hsa:3091">
        <graphics name="EPAS1, ECYT4, HIF2A, HLF, MOP2, PASD2, bHLHe73..." fgcolor="#000000" bgcolor="#BFFFBF"
             type="rectangle" x="284" y="154" width="46" height="17"/>
    </entry>
    <entry id="38" name="hsa:4233" type="gene"
        link="http://www.kegg.jp/dbget-bin/www_bget?hsa:4233">
        <graphics name="MET, AUTS9, DFNB97, HGFR, RCCP2, c-Met" fgcolor="#000000" bgcolor="#BFFFBF"
             type="rectangle" x="233" y="377" width="46" height="17"/>
    </entry>
    <entry id="39" name="hsa:2549" type="gene"
        link="http://www.kegg.jp/dbget-bin/www_bget?hsa:2549">
        <graphics name="GAB1" fgcolor="#000000" bgcolor="#BFFFBF"
             type="rectangle" x="330" y="330" width="46" height="17"/>
    </entry>
    <entry id="40" name="hsa:10298 hsa:106821730 hsa:5058 hsa:5062 hsa:5063 hsa:56924 hsa:57144" type="gene"
        link="http://www.kegg.jp/dbget-bin/www_bget?hsa:10298+hsa:106821730+hsa:5058+hsa:5062+hsa:5063+hsa:56924+hsa:57144">
        <graphics name="PAK4..." fgcolor="#000000" bgcolor="#BFFFBF"
             type="rectangle" x="657" y="466" width="46" height="17"/>
    </entry>
    <entry id="41" name="hsa:5155" type="gene"
        link="http://www.kegg.jp/dbget-bin/www_bget?hsa:5155">
        <graphics name="PDGFB, IBGC5, PDGF-2, PDGF2, SIS, SSV, c-sis" fgcolor="#000000" bgcolor="#BFFFBF"
             type="rectangle" x="800" y="162" width="46" height="17"/>
    </entry>
    <entry id="42" name="hsa:6513" type="gene"
        link="http://www.kegg.jp/dbget-bin/www_bget?hsa:6513">
        <graphics name="SLC2A1, CSE, DYT17, DYT18, DYT9, EIG12, GLUT, GLUT-1, GLUT1, GLUT1DS, HTLVR, PED, SDCHCN" fgcolor="#000000" bgcolor="#BFFFBF"
             type="rectangle" x="800" y="83" width="46" height="17"/>
    </entry>
    <entry id="43" name="hsa:5906 hsa:5908" type="gene"
        link="http://www.kegg.jp/dbget-bin/www_bget?hsa:5906+hsa:5908">
        <graphics name="RAP1A, C21KG, G-22K, KREV-1, KREV1, RAP1, SMGP21..." fgcolor="#000000" bgcolor="#BFFFBF"
             type="rectangle" x="707" y="358" width="46" height="17"/>
    </entry>
    <entry id="44" name="hsa:998" type="gene"
        link="http://www.kegg.jp/dbget-bin/www_bget?hsa:998">
        <graphics name="CDC42, CDC42Hs, G25K, TKS" fgcolor="#000000" bgcolor="#BFFFBF"
             type="rectangle" x="580" y="478" width="46" height="17"/>
    </entry>
    <entry id="45" name="hsa:2113" type="gene"
        link="http://www.kegg.jp/dbget-bin/www_bget?hsa:2113">
        <graphics name="ETS1, ETS-1, EWSR2, c-ets-1, p54" fgcolor="#000000" bgcolor="#BFFFBF"
             type="rectangle" x="888" y="413" width="46" height="17"/>
    </entry>
    <entry id="46" name="hsa:10000 hsa:207 hsa:208" type="gene"
        link="http://www.kegg.jp/dbget-bin/www_bget?hsa:10000+hsa:207+hsa:208">
        <graphics name="AKT3, MPPH, MPPH2, PKB-GAMMA, PKBG, PRKBG, RAC-PK-gamma, RAC-gamma, STK-2..." fgcolor="#000000" bgcolor="#BFFFBF"
             type="rectangle" x="838" y="330" width="46" height="17"/>
    </entry>
    <entry id="47" name="hsa:5290 hsa:5291 hsa:5293 hsa:5295 hsa:5296 hsa:8503" type="gene"
        link="http://www.kegg.jp/dbget-bin/www_bget?hsa:5290+hsa:5291+hsa:5293+hsa:5295+hsa:5296+hsa:8503">
        <graphics name="PIK3CA, CLOVE, CWS5, MCAP, MCM, MCMTC, PI3K, PI3K-alpha, p110-alpha..." fgcolor="#000000" bgcolor="#BFFFBF"
             type="rectangle" x="707" y="330" width="46" height="17"/>
    </entry>
    <entry id="48" name="hsa:3725" type="gene"
        link="http://www.kegg.jp/dbget-bin/www_bget?hsa:3725">
        <graphics name="JUN, AP-1, AP1, c-Jun, p39" fgcolor="#000000" bgcolor="#BFFFBF"
             type="rectangle" x="888" y="435" width="46" height="17"/>
    </entry>
    <entry id="49" name="hsa:7039" type="gene"
        link="http://www.kegg.jp/dbget-bin/www_bget?hsa:7039">
        <graphics name="TGFA, TFGA" fgcolor="#000000" bgcolor="#BFFFBF"
             type="rectangle" x="800" y="188" width="46" height="17"/>
    </entry>
    <entry id="50" name="hsa:3082" type="gene"
        link="http://www.kegg.jp/dbget-bin/www_bget?hsa:3082">
        <graphics name="HGF, DFNB39, F-TCF, HGFB, HPTA, SF" fgcolor="#000000" bgcolor="#BFFFBF"
             type="rectangle" x="151" y="376" width="46" height="17"/>
    </entry>
    <entry id="51" name="path:hsa05211" type="map"
        link="http://www.kegg.jp/dbget-bin/www_bget?hsa05211">
        <graphics name="TITLE:Renal cell carcinoma" fgcolor="#000000" bgcolor="#FFFFFF"
             type="roundrectangle" x="139" y="58" width="197" height="25"/>
    </entry>
    <entry id="52" name="hsa:5594 hsa:5595" type="gene"
        link="http://www.kegg.jp/dbget-bin/www_bget?hsa:5594+hsa:5595">
        <graphics name="MAPK1, ERK, ERK-2, ERK2, ERT1, MAPK2, P42MAPK, PRKM1, PRKM2, p38, p40, p41, p41mapk, p42-MAPK..." fgcolor="#000000" bgcolor="#BFFFBF"
             type="rectangle" x="743" y="424" width="46" height="17"/>
    </entry>
    <entry id="53" name="hsa:5604 hsa:5605" type="gene"
        link="http://www.kegg.jp/dbget-bin/www_bget?hsa:5604+hsa:5605">
        <graphics name="MAP2K1, CFC3, MAPKK1, MEK1, MKK1, PRKMK1..." fgcolor="#000000" bgcolor="#BFFFBF"
             type="rectangle" x="661" y="424" width="46" height="17"/>
    </entry>
    <entry id="54" name="hsa:369 hsa:5894 hsa:673" type="gene"
        link="http://www.kegg.jp/dbget-bin/www_bget?hsa:369+hsa:5894+hsa:673">
        <graphics name="ARAF, A-RAF, ARAF1, PKS2, RAFA1..." fgcolor="#000000" bgcolor="#BFFFBF"
             type="rectangle" x="579" y="424" width="46" height="17"/>
    </entry>
    <entry id="55" name="hsa:3265 hsa:3845 hsa:4893" type="gene"
        link="http://www.kegg.jp/dbget-bin/www_bget?hsa:3265+hsa:3845+hsa:4893">
        <graphics name="HRAS, C-BAS/HAS, C-H-RAS, C-HA-RAS1, CTLO, H-RASIDX, HAMSV, HRAS1, RASH1, p21ras..." fgcolor="#000000" bgcolor="#BFFFBF"
             type="rectangle" x="495" y="425" width="46" height="17"/>
    </entry>
    <entry id="56" name="path:hsa04010" type="map"
        link="http://www.kegg.jp/dbget-bin/www_bget?hsa04010">
        <graphics name="MAPK signaling pathway" fgcolor="#000000" bgcolor="#FFFFFF"
             type="roundrectangle" x="415" y="462" width="100" height="34"/>
    </entry>
    <entry id="57" name="path:hsa04120" type="map"
        link="http://www.kegg.jp/dbget-bin/www_bget?hsa04120">
        <graphics name="Ubiquitin mediated proteolysis" fgcolor="#000000" bgcolor="#FFFFFF"
             type="roundrectangle" x="567" y="224" width="100" height="34"/>
    </entry>
    <entry id="58" name="path:hsa00020" type="map"
        link="http://www.kegg.jp/dbget-bin/www_bget?hsa00020">
        <graphics name="Citrate cycle (TCA cycle)" fgcolor="#000000" bgcolor="#FFFFFF"
             type="roundrectangle" x="417" y="745" width="100" height="34"/>
    </entry>
    <entry id="59" name="path:hsa04370" type="map"
        link="http://www.kegg.jp/dbget-bin/www_bget?hsa04370">
        <graphics name="VEGF signaling pathway" fgcolor="#000000" bgcolor="#FFFFFF"
             type="roundrectangle" x="1015" y="639" width="100" height="34"/>
    </entry>
    <entry id="60" name="path:hsa04350" type="map"
        link="http://www.kegg.jp/dbget-bin/www_bget?hsa04350">
        <graphics name="TGF-beta signaling pathway" fgcolor="#000000" bgcolor="#FFFFFF"
             type="roundrectangle" x="1016" y="682" width="100" height="34"/>
    </entry>
    <entry id="61" name="path:hsa04370" type="map"
        link="http://www.kegg.jp/dbget-bin/www_bget?hsa04370">
        <graphics name="VEGF signaling pathway" fgcolor="#000000" bgcolor="#FFFFFF"
             type="roundrectangle" x="1014" y="146" width="100" height="34"/>
    </entry>
    <entry id="62" name="path:hsa04350" type="map"
        link="http://www.kegg.jp/dbget-bin/www_bget?hsa04350">
        <graphics name="TGF-beta signaling pathway" fgcolor="#000000" bgcolor="#FFFFFF"
             type="roundrectangle" x="1015" y="191" width="100" height="34"/>
    </entry>
    <entry id="63" name="path:hsa04066" type="map"
        link="http://www.kegg.jp/dbget-bin/www_bget?hsa04066">
        <graphics name="HIF-1 signaling pathway" fgcolor="#000000" bgcolor="#FFFFFF"
             type="roundrectangle" x="567" y="97" width="100" height="34"/>
    </entry>
    <entry id="64" name="path:hsa04066" type="map"
        link="http://www.kegg.jp/dbget-bin/www_bget?hsa04066">
        <graphics name="HIF-1 signaling pathway" fgcolor="#000000" bgcolor="#FFFFFF"
             type="roundrectangle" x="567" y="583" width="100" height="34"/>
    </entry>
    <entry id="65" name="hsa:572" type="gene"
        link="http://www.kegg.jp/dbget-bin/www_bget?hsa:572">
        <graphics name="BAD, BBC2, BCL2L8" fgcolor="#000000" bgcolor="#BFFFBF"
             type="rectangle" x="910" y="330" width="46" height="17"/>
    </entry>
    <entry id="66" name="hsa:5546" type="gene"
        link="http://www.kegg.jp/dbget-bin/www_bget?hsa:5546">
        <graphics name="PRCC, RCCP1, TPRC" fgcolor="#000000" bgcolor="#BFFFBF"
             type="rectangle" x="854" y="511" width="46" height="17"/>
    </entry>
    <entry id="67" name="hsa:7030" type="gene"
        link="http://www.kegg.jp/dbget-bin/www_bget?hsa:7030">
        <graphics name="TFE3, RCCP2, RCCX1, TFEA, bHLHe33" fgcolor="#000000" bgcolor="#BFFFBF"
             type="rectangle" x="909" y="511" width="46" height="17"/>
    </entry>
    <entry id="68" name="hsa:1026" type="gene"
        link="http://www.kegg.jp/dbget-bin/www_bget?hsa:1026">
        <graphics name="CDKN1A, CAP20, CDKN1, CIP1, MDA-6, P21, SDI1, WAF1, p21CIP1" fgcolor="#000000" bgcolor="#BFFFBF"
             type="rectangle" x="1022" y="511" width="46" height="17"/>
    </entry>
    <relation entry1="36" entry2="37" type="PPrel">
        <subtype name="binding/association" value="---"/>
    </relation>
    <relation entry1="35" entry2="37" type="PPrel">
        <subtype name="binding/association" value="---"/>
    </relation>
    <relation entry1="6" entry2="13" type="PPrel">
        <subtype name="binding/association" value="---"/>
    </relation>
    <relation entry1="5" entry2="13" type="PPrel">
        <subtype name="binding/association" value="---"/>
    </relation>
    <relation entry1="37" entry2="42" type="GErel">
        <subtype name="expression" value="--&gt;"/>
    </relation>
    <relation entry1="37" entry2="27" type="GErel">
        <subtype name="expression" value="--&gt;"/>
    </relation>
    <relation entry1="37" entry2="21" type="GErel">
        <subtype name="expression" value="--&gt;"/>
    </relation>
    <relation entry1="37" entry2="41" type="GErel">
        <subtype name="expression" value="--&gt;"/>
    </relation>
    <relation entry1="37" entry2="49" type="GErel">
        <subtype name="expression" value="--&gt;"/>
    </relation>
    <relation entry1="13" entry2="4" type="GErel">
        <subtype name="expression" value="--&gt;"/>
    </relation>
    <relation entry1="13" entry2="3" type="GErel">
        <subtype name="expression" value="--&gt;"/>
    </relation>
    <relation entry1="13" entry2="2" type="GErel">
        <subtype name="expression" value="--&gt;"/>
    </relation>
    <relation entry1="13" entry2="23" type="GErel">
        <subtype name="expression" value="--&gt;"/>
    </relation>
    <relation entry1="13" entry2="22" type="GErel">
        <subtype name="expression" value="--&gt;"/>
    </relation>
    <relation entry1="33" entry2="37" type="PPrel">
        <subtype name="activation" value="--&gt;"/>
    </relation>
    <relation entry1="50" entry2="38" type="PPrel">
        <subtype name="activation" value="--&gt;"/>
    </relation>
    <relation entry1="38" entry2="39" type="PPrel">
        <subtype name="activation" value="--&gt;"/>
        <subtype name="phosphorylation" value="+p"/>
    </relation>
    <relation entry1="54" entry2="53" type="PPrel">
        <subtype name="activation" value="--&gt;"/>
        <subtype name="phosphorylation" value="+p"/>
    </relation>
    <relation entry1="53" entry2="52" type="PPrel">
        <subtype name="activation" value="--&gt;"/>
        <subtype name="phosphorylation" value="+p"/>
    </relation>
    <relation entry1="52" entry2="45" type="PPrel">
        <subtype name="activation" value="--&gt;"/>
        <subtype name="phosphorylation" value="+p"/>
    </relation>
    <relation entry1="52" entry2="48" type="PPrel">
        <subtype name="activation" value="--&gt;"/>
        <subtype name="phosphorylation" value="+p"/>
    </relation>
    <relation entry1="39" entry2="47" type="PPrel">
        <subtype name="activation" value="--&gt;"/>
    </relation>
    <relation entry1="47" entry2="46" type="PPrel">
        <subtype name="indirect effect" value="..&gt;"/>
    </relation>
    <relation entry1="39" entry2="29" type="PPrel">
        <subtype name="activation" value="--&gt;"/>
    </relation>
    <relation entry1="29" entry2="30" type="PPrel">
        <subtype name="activation" value="--&gt;"/>
    </relation>
    <relation entry1="30" entry2="43" type="PPrel">
        <subtype name="activation" value="--&gt;"/>
    </relation>
    <relation entry1="39" entry2="1" type="PPrel">
        <subtype name="activation" value="--&gt;"/>
    </relation>
    <relation entry1="1" entry2="52" type="PPrel">
        <subtype name="indirect effect" value="..&gt;"/>
    </relation>
    <relation entry1="39" entry2="32" type="PPrel">
        <subtype name="activation" value="--&gt;"/>
    </relation>
    <relation entry1="38" entry2="32" type="PPrel">
        <subtype name="activation" value="--&gt;"/>
    </relation>
    <relation entry1="32" entry2="31" type="PPrel">
        <subtype name="activation" value="--&gt;"/>
    </relation>
    <relation entry1="28" entry2="40" type="PPrel">
        <subtype name="activation" value="--&gt;"/>
    </relation>
    <relation entry1="44" entry2="40" type="PPrel">
        <subtype name="activation" value="--&gt;"/>
    </relation>
    <relation entry1="16" entry2="12" type="PCrel">
        <subtype name="inhibition" value="--|"/>
    </relation>
    <relation entry1="46" entry2="65" type="PPrel">
        <subtype name="inhibition" value="--|"/>
    </relation>
</pathway>
