<?xml version="1.0"?>
<!DOCTYPE pathway SYSTEM "http://www.kegg.jp/kegg/xml/KGML_v0.7.2_.dtd">
<!-- Creation date: Dec 7, 2015 09:46:08 +0900 (GMT+9) -->
<pathway name="path:hsa04973" org="hsa" number="04973"
         title="Carbohydrate digestion and absorption"
         image="http://www.kegg.jp/kegg/pathway/hsa/hsa04973.png"
         link="http://www.kegg.jp/kegg-bin/show_pathway?hsa04973">
    <entry id="1" name="path:hsa04973" type="map"
        link="http://www.kegg.jp/dbget-bin/www_bget?hsa04973">
        <graphics name="TITLE:Carbohydrate digestion and absorption" fgcolor="#000000" bgcolor="#FFFFFF"
             type="roundrectangle" x="223" y="58" width="366" height="25"/>
    </entry>
    <entry id="2" name="path:hsa04970" type="map"
        link="http://www.kegg.jp/dbget-bin/www_bget?hsa04970">
        <graphics name="Salivary secretion" fgcolor="#000000" bgcolor="#FFFFFF"
             type="roundrectangle" x="141" y="203" width="115" height="25"/>
    </entry>
    <entry id="3" name="path:hsa04530" type="map"
        link="http://www.kegg.jp/dbget-bin/www_bget?hsa04530">
        <graphics name="Tight junction" fgcolor="#000000" bgcolor="#FFFFFF"
             type="roundrectangle" x="600" y="117" width="115" height="25"/>
    </entry>
    <entry id="4" name="hsa:6523" type="gene"
        link="http://www.kegg.jp/dbget-bin/www_bget?hsa:6523">
        <graphics name="SLC5A1, D22S675, NAGT, SGLT1" fgcolor="#000000" bgcolor="#BFFFBF"
             type="rectangle" x="446" y="382" width="46" height="17"/>
    </entry>
    <entry id="5" name="hsa:6518" type="gene"
        link="http://www.kegg.jp/dbget-bin/www_bget?hsa:6518">
        <graphics name="SLC2A5, GLUT-5, GLUT5" fgcolor="#000000" bgcolor="#BFFFBF"
             type="rectangle" x="535" y="568" width="46" height="17"/>
    </entry>
    <entry id="6" name="hsa:6514" type="gene"
        link="http://www.kegg.jp/dbget-bin/www_bget?hsa:6514">
        <graphics name="SLC2A2, GLUT2" fgcolor="#000000" bgcolor="#BFFFBF"
             type="rectangle" x="976" y="358" width="46" height="17"/>
    </entry>
    <entry id="7" name="hsa:23439 hsa:476 hsa:477 hsa:478 hsa:480 hsa:481 hsa:482 hsa:483 hsa:486" type="gene"
        link="http://www.kegg.jp/dbget-bin/www_bget?hsa:23439+hsa:476+hsa:477+hsa:478+hsa:480+hsa:481+hsa:482+hsa:483+hsa:486">
        <graphics name="ATP1B4..." fgcolor="#000000" bgcolor="#BFFFBF"
             type="rectangle" x="975" y="309" width="46" height="17"/>
    </entry>
    <entry id="8" name="hsa:2542" type="gene"
        link="http://www.kegg.jp/dbget-bin/www_bget?hsa:2542">
        <graphics name="SLC37A4, G6PT1, G6PT2, G6PT3, GSD1b, GSD1c, GSD1d, PRO0685, TRG-19, TRG19" fgcolor="#000000" bgcolor="#BFFFBF"
             type="rectangle" x="747" y="443" width="46" height="17"/>
    </entry>
    <entry id="9" name="cpd:C00092" type="compound"
        link="http://www.kegg.jp/dbget-bin/www_bget?C00092">
        <graphics name="C00092" fgcolor="#000000" bgcolor="#FFFFFF"
             type="circle" x="691" y="442" width="8" height="8"/>
    </entry>
    <entry id="10" name="cpd:C00092" type="compound"
        link="http://www.kegg.jp/dbget-bin/www_bget?C00092">
        <graphics name="C00092" fgcolor="#000000" bgcolor="#FFFFFF"
             type="circle" x="809" y="443" width="8" height="8"/>
    </entry>
    <entry id="11" name="cpd:C00031" type="compound"
        link="http://www.kegg.jp/dbget-bin/www_bget?C00031">
        <graphics name="C00031" fgcolor="#000000" bgcolor="#FFFFFF"
             type="circle" x="919" y="441" width="8" height="8"/>
    </entry>
    <entry id="12" name="cpd:C00031" type="compound"
        link="http://www.kegg.jp/dbget-bin/www_bget?C00031">
        <graphics name="C00031" fgcolor="#000000" bgcolor="#FFFFFF"
             type="circle" x="877" y="519" width="8" height="8"/>
    </entry>
    <entry id="13" name="cpd:C00031" type="compound"
        link="http://www.kegg.jp/dbget-bin/www_bget?C00031">
        <graphics name="C00031" fgcolor="#000000" bgcolor="#FFFFFF"
             type="circle" x="1040" y="599" width="8" height="8"/>
    </entry>
    <entry id="14" name="cpd:C01330" type="compound"
        link="http://www.kegg.jp/dbget-bin/www_bget?C01330">
        <graphics name="C01330" fgcolor="#000000" bgcolor="#FFFFFF"
             type="circle" x="389" y="373" width="8" height="8"/>
    </entry>
    <entry id="15" name="cpd:C00124 cpd:C00031" type="compound"
        link="http://www.kegg.jp/dbget-bin/www_bget?C00124+C00031">
        <graphics name="C00124..." fgcolor="#000000" bgcolor="#FFFFFF"
             type="circle" x="389" y="386" width="8" height="8"/>
    </entry>
    <entry id="16" name="cpd:C00124 cpd:C00031" type="compound"
        link="http://www.kegg.jp/dbget-bin/www_bget?C00124+C00031">
        <graphics name="C00124..." fgcolor="#000000" bgcolor="#FFFFFF"
             type="circle" x="1043" y="359" width="8" height="8"/>
    </entry>
    <entry id="17" name="cpd:C00095" type="compound"
        link="http://www.kegg.jp/dbget-bin/www_bget?C00095">
        <graphics name="C00095" fgcolor="#000000" bgcolor="#FFFFFF"
             type="circle" x="479" y="567" width="8" height="8"/>
    </entry>
    <entry id="18" name="hsa:6514" type="gene"
        link="http://www.kegg.jp/dbget-bin/www_bget?hsa:6514">
        <graphics name="SLC2A2, GLUT2" fgcolor="#000000" bgcolor="#BFFFBF"
             type="rectangle" x="976" y="695" width="46" height="17"/>
    </entry>
    <entry id="19" name="cpd:C00031 cpd:C00095" type="compound"
        link="http://www.kegg.jp/dbget-bin/www_bget?C00031+C00095">
        <graphics name="C00031..." fgcolor="#000000" bgcolor="#FFFFFF"
             type="circle" x="1048" y="695" width="8" height="8"/>
    </entry>
    <entry id="20" name="cpd:C01330" type="compound"
        link="http://www.kegg.jp/dbget-bin/www_bget?C01330">
        <graphics name="C01330" fgcolor="#000000" bgcolor="#FFFFFF"
             type="circle" x="1041" y="303" width="8" height="8"/>
    </entry>
    <entry id="21" name="cpd:C00238" type="compound"
        link="http://www.kegg.jp/dbget-bin/www_bget?C00238">
        <graphics name="C00238" fgcolor="#000000" bgcolor="#FFFFFF"
             type="circle" x="910" y="313" width="8" height="8"/>
    </entry>
    <entry id="22" name="hsa:3938" type="gene"
        link="http://www.kegg.jp/dbget-bin/www_bget?hsa:3938">
        <graphics name="LCT, LAC, LPH, LPH1" fgcolor="#000000" bgcolor="#BFFFBF"
             type="rectangle" x="420" y="248" width="46" height="17"/>
    </entry>
    <entry id="23" name="hsa:6476" type="gene"
        link="http://www.kegg.jp/dbget-bin/www_bget?hsa:6476">
        <graphics name="SI" fgcolor="#000000" bgcolor="#BFFFBF"
             type="rectangle" x="425" y="504" width="46" height="17"/>
    </entry>
    <entry id="24" name="cpd:C00243" type="compound"
        link="http://www.kegg.jp/dbget-bin/www_bget?C00243">
        <graphics name="C00243" fgcolor="#000000" bgcolor="#FFFFFF"
             type="circle" x="305" y="183" width="8" height="8"/>
    </entry>
    <entry id="25" name="cpd:C00124" type="compound"
        link="http://www.kegg.jp/dbget-bin/www_bget?C00124">
        <graphics name="C00124" fgcolor="#000000" bgcolor="#FFFFFF"
             type="circle" x="285" y="315" width="8" height="8"/>
    </entry>
    <entry id="26" name="cpd:C00031" type="compound"
        link="http://www.kegg.jp/dbget-bin/www_bget?C00031">
        <graphics name="C00031" fgcolor="#000000" bgcolor="#FFFFFF"
             type="circle" x="328" y="302" width="8" height="8"/>
    </entry>
    <entry id="27" name="cpd:C00089" type="compound"
        link="http://www.kegg.jp/dbget-bin/www_bget?C00089">
        <graphics name="C00089" fgcolor="#000000" bgcolor="#FFFFFF"
             type="circle" x="356" y="183" width="8" height="8"/>
    </entry>
    <entry id="28" name="cpd:C00031" type="compound"
        link="http://www.kegg.jp/dbget-bin/www_bget?C00031">
        <graphics name="C00031" fgcolor="#000000" bgcolor="#FFFFFF"
             type="circle" x="307" y="589" width="8" height="8"/>
    </entry>
    <entry id="29" name="cpd:C02049" type="compound"
        link="http://www.kegg.jp/dbget-bin/www_bget?C02049">
        <graphics name="C02049" fgcolor="#000000" bgcolor="#FFFFFF"
             type="circle" x="222" y="403" width="8" height="8"/>
    </entry>
    <entry id="30" name="cpd:C01835" type="compound"
        link="http://www.kegg.jp/dbget-bin/www_bget?C01835">
        <graphics name="C01835" fgcolor="#000000" bgcolor="#FFFFFF"
             type="circle" x="150" y="418" width="8" height="8"/>
    </entry>
    <entry id="31" name="cpd:C00208" type="compound"
        link="http://www.kegg.jp/dbget-bin/www_bget?C00208">
        <graphics name="C00208" fgcolor="#000000" bgcolor="#FFFFFF"
             type="circle" x="270" y="388" width="8" height="8"/>
    </entry>
    <entry id="32" name="hsa:8972 hsa:93432" type="gene"
        link="http://www.kegg.jp/dbget-bin/www_bget?hsa:8972+hsa:93432">
        <graphics name="MGAM, MG, MGA..." fgcolor="#000000" bgcolor="#BFFFBF"
             type="rectangle" x="507" y="443" width="46" height="17"/>
    </entry>
    <entry id="33" name="cpd:C00369" type="compound"
        link="http://www.kegg.jp/dbget-bin/www_bget?C00369">
        <graphics name="C00369" fgcolor="#000000" bgcolor="#FFFFFF"
             type="circle" x="223" y="183" width="8" height="8"/>
    </entry>
    <entry id="34" name="path:hsa04972" type="map"
        link="http://www.kegg.jp/dbget-bin/www_bget?hsa04972">
        <graphics name="Pancreatic secretion" fgcolor="#000000" bgcolor="#FFFFFF"
             type="roundrectangle" x="141" y="235" width="115" height="25"/>
    </entry>
    <entry id="35" name="hsa:276 hsa:277 hsa:278 hsa:279 hsa:280" type="gene"
        link="http://www.kegg.jp/dbget-bin/www_bget?hsa:276+hsa:277+hsa:278+hsa:279+hsa:280">
        <graphics name="AMY1A, AMY1..." fgcolor="#000000" bgcolor="#BFFFBF"
             type="rectangle" x="137" y="286" width="46" height="17"/>
    </entry>
    <entry id="36" name="hsa:6514" type="gene"
        link="http://www.kegg.jp/dbget-bin/www_bget?hsa:6514">
        <graphics name="SLC2A2, GLUT2" fgcolor="#000000" bgcolor="#BFFFBF"
             type="rectangle" x="536" y="699" width="46" height="17"/>
    </entry>
    <entry id="37" name="cpd:C00031" type="compound"
        link="http://www.kegg.jp/dbget-bin/www_bget?C00031">
        <graphics name="C00031" fgcolor="#000000" bgcolor="#FFFFFF"
             type="circle" x="469" y="699" width="8" height="8"/>
    </entry>
    <entry id="38" name="hsa:776" type="gene"
        link="http://www.kegg.jp/dbget-bin/www_bget?hsa:776">
        <graphics name="CACNA1D, CACH3, CACN4, CACNL1A2, CCHL1A2, Cav1.3, PASNA, SANDD" fgcolor="#000000" bgcolor="#BFFFBF"
             type="rectangle" x="447" y="636" width="46" height="17"/>
    </entry>
    <entry id="39" name="cpd:C00076" type="compound"
        link="http://www.kegg.jp/dbget-bin/www_bget?C00076">
        <graphics name="C00076" fgcolor="#000000" bgcolor="#FFFFFF"
             type="circle" x="394" y="635" width="8" height="8"/>
    </entry>
    <entry id="40" name="hsa:6514" type="gene"
        link="http://www.kegg.jp/dbget-bin/www_bget?hsa:6514">
        <graphics name="SLC2A2, GLUT2" fgcolor="#000000" bgcolor="#BFFFBF"
             type="rectangle" x="636" y="654" width="46" height="17"/>
    </entry>
    <entry id="41" name="cpd:C00076" type="compound"
        link="http://www.kegg.jp/dbget-bin/www_bget?C00076">
        <graphics name="C00076" fgcolor="#000000" bgcolor="#FFFFFF"
             type="circle" x="543" y="635" width="8" height="8"/>
    </entry>
    <entry id="42" name="hsa:3098 hsa:3099 hsa:3101 hsa:80201" type="gene"
        link="http://www.kegg.jp/dbget-bin/www_bget?hsa:3098+hsa:3099+hsa:3101+hsa:80201">
        <graphics name="HK1, HK, HK1-ta, HK1-tb, HK1-tc, HKD, HKI, HMSNR, HXK1, hexokinase..." fgcolor="#000000" bgcolor="#BFFFBF"
             type="rectangle" x="720" y="417" width="46" height="17"/>
    </entry>
    <entry id="43" name="hsa:2538 hsa:57818 hsa:92579" type="gene"
        link="http://www.kegg.jp/dbget-bin/www_bget?hsa:2538+hsa:57818+hsa:92579">
        <graphics name="G6PC, G6PC1, G6PT, G6Pase, GSD1, GSD1a..." fgcolor="#000000" bgcolor="#BFFFBF"
             type="rectangle" x="854" y="430" width="46" height="17"/>
    </entry>
    <entry id="44" name="hsa:5290 hsa:5291 hsa:5293 hsa:5295 hsa:5296 hsa:8503" type="gene"
        link="http://www.kegg.jp/dbget-bin/www_bget?hsa:5290+hsa:5291+hsa:5293+hsa:5295+hsa:5296+hsa:8503">
        <graphics name="PIK3CA, CLOVE, CWS5, MCAP, MCM, MCMTC, PI3K, PI3K-alpha, p110-alpha..." fgcolor="#000000" bgcolor="#BFFFBF"
             type="rectangle" x="680" y="504" width="46" height="17"/>
    </entry>
    <entry id="45" name="hsa:10000 hsa:207 hsa:208" type="gene"
        link="http://www.kegg.jp/dbget-bin/www_bget?hsa:10000+hsa:207+hsa:208">
        <graphics name="AKT3, MPPH, MPPH2, PKB-GAMMA, PKBG, PRKBG, RAC-PK-gamma, RAC-gamma, STK-2..." fgcolor="#000000" bgcolor="#BFFFBF"
             type="rectangle" x="793" y="544" width="46" height="17"/>
    </entry>
    <entry id="46" name="cpd:C00095" type="compound"
        link="http://www.kegg.jp/dbget-bin/www_bget?C00095">
        <graphics name="C00095" fgcolor="#000000" bgcolor="#FFFFFF"
             type="circle" x="643" y="567" width="8" height="8"/>
    </entry>
    <entry id="47" name="cpd:C05981" type="compound"
        link="http://www.kegg.jp/dbget-bin/www_bget?C05981">
        <graphics name="C05981" fgcolor="#000000" bgcolor="#FFFFFF"
             type="circle" x="746" y="506" width="8" height="8"/>
    </entry>
    <entry id="48" name="hsa:80834" type="gene"
        link="http://www.kegg.jp/dbget-bin/www_bget?hsa:80834">
        <graphics name="TAS1R2, GPR71, T1R2, TR2" fgcolor="#000000" bgcolor="#BFFFBF"
             type="rectangle" x="447" y="759" width="46" height="17"/>
    </entry>
    <entry id="49" name="hsa:83756" type="gene"
        link="http://www.kegg.jp/dbget-bin/www_bget?hsa:83756">
        <graphics name="TAS1R3, T1R3" fgcolor="#000000" bgcolor="#BFFFBF"
             type="rectangle" x="447" y="776" width="46" height="17"/>
    </entry>
    <entry id="50" name="hsa:346562" type="gene"
        link="http://www.kegg.jp/dbget-bin/www_bget?hsa:346562">
        <graphics name="GNAT3, GDCA" fgcolor="#000000" bgcolor="#BFFFBF"
             type="rectangle" x="551" y="769" width="46" height="17"/>
    </entry>
    <entry id="51" name="hsa:5330" type="gene"
        link="http://www.kegg.jp/dbget-bin/www_bget?hsa:5330">
        <graphics name="PLCB2, PLC-beta-2" fgcolor="#000000" bgcolor="#BFFFBF"
             type="rectangle" x="643" y="769" width="46" height="17"/>
    </entry>
    <entry id="52" name="hsa:5579" type="gene"
        link="http://www.kegg.jp/dbget-bin/www_bget?hsa:5579">
        <graphics name="PRKCB, PKC-beta, PKCB, PRKCB1, PRKCB2" fgcolor="#000000" bgcolor="#BFFFBF"
             type="rectangle" x="718" y="720" width="46" height="17"/>
    </entry>
    <entry id="53" name="cpd:C00165" type="compound"
        link="http://www.kegg.jp/dbget-bin/www_bget?C00165">
        <graphics name="C00165" fgcolor="#000000" bgcolor="#FFFFFF"
             type="circle" x="717" y="768" width="8" height="8"/>
    </entry>
    <entry id="54" name="path:hsa04742" type="map"
        link="http://www.kegg.jp/dbget-bin/www_bget?hsa04742">
        <graphics name="Taste transduction" fgcolor="#000000" bgcolor="#FFFFFF"
             type="roundrectangle" x="604" y="738" width="116" height="25"/>
    </entry>
    <entry id="55" name="cpd:C12285 cpd:C12284" type="compound"
        link="http://www.kegg.jp/dbget-bin/www_bget?C12285+C12284">
        <graphics name="C12285..." fgcolor="#000000" bgcolor="#FFFFFF"
             type="circle" x="371" y="772" width="8" height="8"/>
    </entry>
    <entry id="56" name="cpd:C00760" type="compound"
        link="http://www.kegg.jp/dbget-bin/www_bget?C00760">
        <graphics name="C00760" fgcolor="#000000" bgcolor="#FFFFFF"
             type="circle" x="74" y="628" width="8" height="8"/>
    </entry>
    <entry id="57" name="cpd:C00369" type="compound"
        link="http://www.kegg.jp/dbget-bin/www_bget?C00369">
        <graphics name="C00369" fgcolor="#000000" bgcolor="#FFFFFF"
             type="circle" x="148" y="629" width="8" height="8"/>
    </entry>
    <entry id="58" name="cpd:C00707" type="compound"
        link="http://www.kegg.jp/dbget-bin/www_bget?C00707">
        <graphics name="C00707" fgcolor="#000000" bgcolor="#FFFFFF"
             type="circle" x="200" y="629" width="8" height="8"/>
    </entry>
    <entry id="59" name="cpd:C01355" type="compound"
        link="http://www.kegg.jp/dbget-bin/www_bget?C01355">
        <graphics name="C01355" fgcolor="#000000" bgcolor="#FFFFFF"
             type="circle" x="128" y="654" width="8" height="8"/>
    </entry>
    <entry id="60" name="cpd:C00246" type="compound"
        link="http://www.kegg.jp/dbget-bin/www_bget?C00246">
        <graphics name="C00246" fgcolor="#000000" bgcolor="#FFFFFF"
             type="circle" x="98" y="827" width="8" height="8"/>
    </entry>
    <entry id="61" name="cpd:C00163" type="compound"
        link="http://www.kegg.jp/dbget-bin/www_bget?C00163">
        <graphics name="C00163" fgcolor="#000000" bgcolor="#FFFFFF"
             type="circle" x="160" y="827" width="8" height="8"/>
    </entry>
    <entry id="62" name="cpd:C00033" type="compound"
        link="http://www.kegg.jp/dbget-bin/www_bget?C00033">
        <graphics name="C00033" fgcolor="#000000" bgcolor="#FFFFFF"
             type="circle" x="218" y="828" width="8" height="8"/>
    </entry>
    <entry id="63" name="cpd:C00714" type="compound"
        link="http://www.kegg.jp/dbget-bin/www_bget?C00714">
        <graphics name="C00714" fgcolor="#000000" bgcolor="#FFFFFF"
             type="circle" x="253" y="629" width="8" height="8"/>
    </entry>
    <entry id="64" name="cpd:C08822" type="compound"
        link="http://www.kegg.jp/dbget-bin/www_bget?C08822">
        <graphics name="C08822" fgcolor="#000000" bgcolor="#FFFFFF"
             type="circle" x="214" y="653" width="8" height="8"/>
    </entry>
    <entry id="65" name="cpd:C00011" type="compound"
        link="http://www.kegg.jp/dbget-bin/www_bget?C00011">
        <graphics name="C00011" fgcolor="#000000" bgcolor="#FFFFFF"
             type="circle" x="264" y="828" width="8" height="8"/>
    </entry>
    <entry id="66" name="cpd:C00282" type="compound"
        link="http://www.kegg.jp/dbget-bin/www_bget?C00282">
        <graphics name="C00282" fgcolor="#000000" bgcolor="#FFFFFF"
             type="circle" x="264" y="861" width="8" height="8"/>
    </entry>
    <entry id="67" name="path:ko00650" type="map"
        link="http://www.kegg.jp/dbget-bin/www_bget?ko00650">
        <graphics name="Butanoate metabolism" fgcolor="#000000" bgcolor="#FFFFFF"
             type="roundrectangle" x="279" y="709" width="123" height="25"/>
    </entry>
    <entry id="68" name="path:ko00640" type="map"
        link="http://www.kegg.jp/dbget-bin/www_bget?ko00640">
        <graphics name="Propanoate metabolism" fgcolor="#000000" bgcolor="#FFFFFF"
             type="roundrectangle" x="279" y="739" width="123" height="25"/>
    </entry>
    <entry id="69" name="path:ko00620" type="map"
        link="http://www.kegg.jp/dbget-bin/www_bget?ko00620">
        <graphics name="Pyruvate metabolism" fgcolor="#000000" bgcolor="#FFFFFF"
             type="roundrectangle" x="279" y="769" width="123" height="25"/>
    </entry>
    <entry id="70" name="undefined" type="group">
        <graphics fgcolor="#000000" bgcolor="#FFFFFF"
             type="rectangle" x="447" y="767" width="46" height="34"/>
        <component id="48"/>
        <component id="49"/>
    </entry>
    <relation entry1="46" entry2="44" type="PCrel">
        <subtype name="activation" value="--&gt;"/>
    </relation>
    <relation entry1="44" entry2="47" type="PCrel">
        <subtype name="activation" value="--&gt;"/>
    </relation>
    <relation entry1="47" entry2="45" type="PCrel">
        <subtype name="activation" value="--&gt;"/>
    </relation>
    <relation entry1="45" entry2="5" type="PPrel">
        <subtype name="activation" value="--&gt;"/>
        <subtype name="indirect effect" value="..&gt;"/>
    </relation>
    <relation entry1="70" entry2="50" type="PPrel">
        <subtype name="activation" value="--&gt;"/>
    </relation>
    <relation entry1="50" entry2="51" type="PPrel">
        <subtype name="activation" value="--&gt;"/>
    </relation>
    <relation entry1="51" entry2="53" type="PCrel">
        <subtype name="activation" value="--&gt;"/>
    </relation>
    <relation entry1="53" entry2="52" type="PCrel">
        <subtype name="activation" value="--&gt;"/>
    </relation>
    <relation entry1="52" entry2="36" type="PPrel">
        <subtype name="activation" value="--&gt;"/>
        <subtype name="indirect effect" value="..&gt;"/>
    </relation>
</pathway>
