<?xml version="1.0"?>
<!DOCTYPE pathway SYSTEM "http://www.kegg.jp/kegg/xml/KGML_v0.7.2_.dtd">
<!-- Creation date: Feb 5, 2019 16:33:10 +0900 (GMT+9) -->
<pathway name="path:hsa04972" org="hsa" number="04972"
         title="Pancreatic secretion"
         image="http://www.kegg.jp/kegg/pathway/hsa/hsa04972.png"
         link="http://www.kegg.jp/kegg-bin/show_pathway?hsa04972">
    <entry id="1" name="path:hsa04972" type="map"
        link="http://www.kegg.jp/dbget-bin/www_bget?hsa04972">
        <graphics name="TITLE:Pancreatic secretion" fgcolor="#000000" bgcolor="#FFFFFF"
             type="roundrectangle" x="141" y="58" width="201" height="25"/>
    </entry>
    <entry id="2" name="path:hsa04530" type="map"
        link="http://www.kegg.jp/dbget-bin/www_bget?hsa04530">
        <graphics name="Tight junction" fgcolor="#000000" bgcolor="#FFFFFF"
             type="roundrectangle" x="670" y="152" width="115" height="25"/>
    </entry>
    <entry id="3" name="cpd:C01330" type="compound"
        link="http://www.kegg.jp/dbget-bin/www_bget?C01330">
        <graphics name="C01330" fgcolor="#000000" bgcolor="#FFFFFF"
             type="circle" x="109" y="417" width="8" height="8"/>
    </entry>
    <entry id="4" name="cpd:C00698" type="compound"
        link="http://www.kegg.jp/dbget-bin/www_bget?C00698">
        <graphics name="C00698" fgcolor="#000000" bgcolor="#FFFFFF"
             type="circle" x="109" y="395" width="8" height="8"/>
    </entry>
    <entry id="5" name="cpd:C00238" type="compound"
        link="http://www.kegg.jp/dbget-bin/www_bget?C00238">
        <graphics name="C00238" fgcolor="#000000" bgcolor="#FFFFFF"
             type="circle" x="109" y="375" width="8" height="8"/>
    </entry>
    <entry id="6" name="cpd:C01330" type="compound"
        link="http://www.kegg.jp/dbget-bin/www_bget?C01330">
        <graphics name="C01330" fgcolor="#000000" bgcolor="#FFFFFF"
             type="circle" x="162" y="696" width="8" height="8"/>
    </entry>
    <entry id="7" name="hsa:886" type="gene"
        link="http://www.kegg.jp/dbget-bin/www_bget?hsa:886">
        <graphics name="CCKAR, CCK-A, CCK1-R, CCK1R, CCKRA" fgcolor="#000000" bgcolor="#BFFFBF"
             type="rectangle" x="199" y="333" width="46" height="17"/>
    </entry>
    <entry id="8" name="hsa:1131" type="gene"
        link="http://www.kegg.jp/dbget-bin/www_bget?hsa:1131">
        <graphics name="CHRM3, EGBRS, HM3, PBS" fgcolor="#000000" bgcolor="#BFFFBF"
             type="rectangle" x="199" y="292" width="46" height="17"/>
    </entry>
    <entry id="9" name="hsa:6558" type="gene"
        link="http://www.kegg.jp/dbget-bin/www_bget?hsa:6558">
        <graphics name="SLC12A2, BSC, BSC2, NKCC1, PPP1R141" fgcolor="#000000" bgcolor="#BFFFBF"
             type="rectangle" x="199" y="399" width="46" height="17"/>
    </entry>
    <entry id="10" name="hsa:2776" type="gene"
        link="http://www.kegg.jp/dbget-bin/www_bget?hsa:2776">
        <graphics name="GNAQ, CMC1, G-ALPHA-q, GAQ, SWS" fgcolor="#000000" bgcolor="#BFFFBF"
             type="rectangle" x="294" y="293" width="46" height="17"/>
    </entry>
    <entry id="11" name="hsa:23236 hsa:5330 hsa:5331 hsa:5332" type="gene"
        link="http://www.kegg.jp/dbget-bin/www_bget?hsa:23236+hsa:5330+hsa:5331+hsa:5332">
        <graphics name="PLCB1, EIEE12, PI-PLC, PLC-154, PLC-I, PLC-beta-1, PLC154, PLCB1A, PLCB1B..." fgcolor="#000000" bgcolor="#BFFFBF"
             type="rectangle" x="367" y="292" width="46" height="17"/>
    </entry>
    <entry id="12" name="hsa:3708 hsa:3709 hsa:3710" type="gene"
        link="http://www.kegg.jp/dbget-bin/www_bget?hsa:3708+hsa:3709+hsa:3710">
        <graphics name="ITPR1, ACV, CLA4, INSP3R1, IP3R, IP3R1, PPP1R94, SCA15, SCA16, SCA29..." fgcolor="#000000" bgcolor="#BFFFBF"
             type="rectangle" x="525" y="475" width="46" height="17"/>
    </entry>
    <entry id="13" name="cpd:C01245" type="compound"
        link="http://www.kegg.jp/dbget-bin/www_bget?C01245">
        <graphics name="C01245" fgcolor="#000000" bgcolor="#FFFFFF"
             type="circle" x="418" y="364" width="8" height="8"/>
    </entry>
    <entry id="14" name="cpd:C00076" type="compound"
        link="http://www.kegg.jp/dbget-bin/www_bget?C00076">
        <graphics name="C00076" fgcolor="#000000" bgcolor="#FFFFFF"
             type="circle" x="415" y="482" width="8" height="8"/>
    </entry>
    <entry id="15" name="hsa:490 hsa:491 hsa:492 hsa:493" type="gene"
        link="http://www.kegg.jp/dbget-bin/www_bget?hsa:490+hsa:491+hsa:492+hsa:493">
        <graphics name="ATP2B1, PMCA1, PMCA1kb..." fgcolor="#000000" bgcolor="#BFFFBF"
             type="rectangle" x="199" y="531" width="46" height="17"/>
    </entry>
    <entry id="16" name="cpd:C00076" type="compound"
        link="http://www.kegg.jp/dbget-bin/www_bget?C00076">
        <graphics name="C00076" fgcolor="#000000" bgcolor="#FFFFFF"
             type="circle" x="249" y="530" width="8" height="8"/>
    </entry>
    <entry id="17" name="cpd:C00165" type="compound"
        link="http://www.kegg.jp/dbget-bin/www_bget?C00165">
        <graphics name="C00165" fgcolor="#000000" bgcolor="#FFFFFF"
             type="circle" x="400" y="253" width="8" height="8"/>
    </entry>
    <entry id="18" name="hsa:5578 hsa:5579 hsa:5582" type="gene"
        link="http://www.kegg.jp/dbget-bin/www_bget?hsa:5578+hsa:5579+hsa:5582">
        <graphics name="PRKCA, AAG6, PKC-alpha, PKCA, PKCI+/-, PKCalpha, PRKACA..." fgcolor="#000000" bgcolor="#BFFFBF"
             type="rectangle" x="479" y="257" width="46" height="17"/>
    </entry>
    <entry id="19" name="cpd:C01996" type="compound"
        link="http://www.kegg.jp/dbget-bin/www_bget?C01996">
        <graphics name="C01996" fgcolor="#000000" bgcolor="#FFFFFF"
             type="circle" x="131" y="291" width="8" height="8"/>
    </entry>
    <entry id="20" name="hsa:3784" type="gene"
        link="http://www.kegg.jp/dbget-bin/www_bget?hsa:3784">
        <graphics name="KCNQ1, ATFB1, ATFB3, JLNS1, KCNA8, KCNA9, KVLQT1, Kv1.9, Kv7.1, LQT, LQT1, RWS, SQT2, WRS" fgcolor="#000000" bgcolor="#BFFFBF"
             type="rectangle" x="199" y="463" width="46" height="17"/>
    </entry>
    <entry id="21" name="cpd:C00238" type="compound"
        link="http://www.kegg.jp/dbget-bin/www_bget?C00238">
        <graphics name="C00238" fgcolor="#000000" bgcolor="#FFFFFF"
             type="circle" x="262" y="463" width="8" height="8"/>
    </entry>
    <entry id="22" name="hsa:3778" type="gene"
        link="http://www.kegg.jp/dbget-bin/www_bget?hsa:3778">
        <graphics name="KCNMA1, BKTM, CADEDS, KCa1.1, MaxiK, PNKD3, SAKCA, SLO, SLO-ALPHA, SLO1, bA205K10.1, hSlo, mSLO1" fgcolor="#000000" bgcolor="#BFFFBF"
             type="rectangle" x="199" y="500" width="46" height="17"/>
    </entry>
    <entry id="23" name="cpd:C00238" type="compound"
        link="http://www.kegg.jp/dbget-bin/www_bget?C00238">
        <graphics name="C00238" fgcolor="#000000" bgcolor="#FFFFFF"
             type="circle" x="263" y="500" width="8" height="8"/>
    </entry>
    <entry id="24" name="path:hsa04020" type="map"
        link="http://www.kegg.jp/dbget-bin/www_bget?hsa04020">
        <graphics name="Calcium signaling pathway" fgcolor="#000000" bgcolor="#FFFFFF"
             type="roundrectangle" x="375" y="409" width="107" height="34"/>
    </entry>
    <entry id="25" name="hsa:23439 hsa:476 hsa:477 hsa:478 hsa:480 hsa:481 hsa:482 hsa:483 hsa:486" type="gene"
        link="http://www.kegg.jp/dbget-bin/www_bget?hsa:23439+hsa:476+hsa:477+hsa:478+hsa:480+hsa:481+hsa:482+hsa:483+hsa:486">
        <graphics name="ATP1B4..." fgcolor="#000000" bgcolor="#BFFFBF"
             type="rectangle" x="199" y="430" width="46" height="17"/>
    </entry>
    <entry id="26" name="cpd:C01330" type="compound"
        link="http://www.kegg.jp/dbget-bin/www_bget?C01330">
        <graphics name="C01330" fgcolor="#000000" bgcolor="#FFFFFF"
             type="circle" x="262" y="435" width="8" height="8"/>
    </entry>
    <entry id="27" name="cpd:C00238" type="compound"
        link="http://www.kegg.jp/dbget-bin/www_bget?C00238">
        <graphics name="C00238" fgcolor="#000000" bgcolor="#FFFFFF"
             type="circle" x="147" y="426" width="8" height="8"/>
    </entry>
    <entry id="28" name="hsa:6548" type="gene"
        link="http://www.kegg.jp/dbget-bin/www_bget?hsa:6548">
        <graphics name="SLC9A1, APNH, LIKNS, NHE-1, NHE1, PPP1R143" fgcolor="#000000" bgcolor="#BFFFBF"
             type="rectangle" x="199" y="901" width="46" height="17"/>
    </entry>
    <entry id="29" name="cpd:C01330" type="compound"
        link="http://www.kegg.jp/dbget-bin/www_bget?C01330">
        <graphics name="C01330" fgcolor="#000000" bgcolor="#FFFFFF"
             type="circle" x="145" y="897" width="8" height="8"/>
    </entry>
    <entry id="30" name="cpd:C00080" type="compound"
        link="http://www.kegg.jp/dbget-bin/www_bget?C00080">
        <graphics name="C00080" fgcolor="#000000" bgcolor="#FFFFFF"
             type="circle" x="258" y="905" width="8" height="8"/>
    </entry>
    <entry id="31" name="cpd:C00698" type="compound"
        link="http://www.kegg.jp/dbget-bin/www_bget?C00698">
        <graphics name="C00698" fgcolor="#000000" bgcolor="#FFFFFF"
             type="circle" x="768" y="864" width="8" height="8"/>
    </entry>
    <entry id="32" name="cpd:C00288" type="compound"
        link="http://www.kegg.jp/dbget-bin/www_bget?C00288">
        <graphics name="C00288" fgcolor="#000000" bgcolor="#FFFFFF"
             type="circle" x="659" y="872" width="8" height="8"/>
    </entry>
    <entry id="33" name="cpd:C01353" type="compound"
        link="http://www.kegg.jp/dbget-bin/www_bget?C01353">
        <graphics name="C01353" fgcolor="#000000" bgcolor="#FFFFFF"
             type="circle" x="417" y="928" width="8" height="8"/>
    </entry>
    <entry id="34" name="cpd:C00001" type="compound"
        link="http://www.kegg.jp/dbget-bin/www_bget?C00001">
        <graphics name="C00001" fgcolor="#000000" bgcolor="#FFFFFF"
             type="circle" x="439" y="965" width="8" height="8"/>
    </entry>
    <entry id="35" name="cpd:C00011" type="compound"
        link="http://www.kegg.jp/dbget-bin/www_bget?C00011">
        <graphics name="C00011" fgcolor="#000000" bgcolor="#FFFFFF"
             type="circle" x="395" y="965" width="8" height="8"/>
    </entry>
    <entry id="36" name="hsa:1811" type="gene"
        link="http://www.kegg.jp/dbget-bin/www_bget?hsa:1811">
        <graphics name="SLC26A3, CLD, DRA" fgcolor="#000000" bgcolor="#BFFFBF"
             type="rectangle" x="702" y="868" width="46" height="17"/>
    </entry>
    <entry id="37" name="hsa:23439 hsa:476 hsa:477 hsa:478 hsa:480 hsa:481 hsa:482 hsa:483 hsa:486" type="gene"
        link="http://www.kegg.jp/dbget-bin/www_bget?hsa:23439+hsa:476+hsa:477+hsa:478+hsa:480+hsa:481+hsa:482+hsa:483+hsa:486">
        <graphics name="ATP1B4..." fgcolor="#000000" bgcolor="#BFFFBF"
             type="rectangle" x="199" y="938" width="46" height="17"/>
    </entry>
    <entry id="38" name="hsa:3778" type="gene"
        link="http://www.kegg.jp/dbget-bin/www_bget?hsa:3778">
        <graphics name="KCNMA1, BKTM, CADEDS, KCa1.1, MaxiK, PNKD3, SAKCA, SLO, SLO-ALPHA, SLO1, bA205K10.1, hSlo, mSLO1" fgcolor="#000000" bgcolor="#BFFFBF"
             type="rectangle" x="199" y="837" width="46" height="17"/>
    </entry>
    <entry id="39" name="cpd:C00238" type="compound"
        link="http://www.kegg.jp/dbget-bin/www_bget?C00238">
        <graphics name="C00238" fgcolor="#000000" bgcolor="#FFFFFF"
             type="circle" x="145" y="934" width="8" height="8"/>
    </entry>
    <entry id="40" name="cpd:C01330" type="compound"
        link="http://www.kegg.jp/dbget-bin/www_bget?C01330">
        <graphics name="C01330" fgcolor="#000000" bgcolor="#FFFFFF"
             type="circle" x="258" y="942" width="8" height="8"/>
    </entry>
    <entry id="41" name="hsa:1080" type="gene"
        link="http://www.kegg.jp/dbget-bin/www_bget?hsa:1080">
        <graphics name="CFTR, ABC35, ABCC7, CF, CFTR/MRP, MRP7, TNR-CFTR, dJ760C5.1" fgcolor="#000000" bgcolor="#BFFFBF"
             type="rectangle" x="702" y="836" width="46" height="17"/>
    </entry>
    <entry id="42" name="hsa:6344" type="gene"
        link="http://www.kegg.jp/dbget-bin/www_bget?hsa:6344">
        <graphics name="SCTR, SR" fgcolor="#000000" bgcolor="#BFFFBF"
             type="rectangle" x="199" y="788" width="46" height="17"/>
    </entry>
    <entry id="43" name="hsa:6548" type="gene"
        link="http://www.kegg.jp/dbget-bin/www_bget?hsa:6548">
        <graphics name="SLC9A1, APNH, LIKNS, NHE-1, NHE1, PPP1R143" fgcolor="#000000" bgcolor="#BFFFBF"
             type="rectangle" x="199" y="566" width="46" height="17"/>
    </entry>
    <entry id="44" name="hsa:6522" type="gene"
        link="http://www.kegg.jp/dbget-bin/www_bget?hsa:6522">
        <graphics name="SLC4A2, AE2, BND3L, EPB3L1, HKB3, NBND3" fgcolor="#000000" bgcolor="#BFFFBF"
             type="rectangle" x="199" y="597" width="46" height="17"/>
    </entry>
    <entry id="45" name="cpd:C01330" type="compound"
        link="http://www.kegg.jp/dbget-bin/www_bget?C01330">
        <graphics name="C01330" fgcolor="#000000" bgcolor="#FFFFFF"
             type="circle" x="154" y="560" width="8" height="8"/>
    </entry>
    <entry id="46" name="cpd:C00080" type="compound"
        link="http://www.kegg.jp/dbget-bin/www_bget?C00080">
        <graphics name="C00080" fgcolor="#000000" bgcolor="#FFFFFF"
             type="circle" x="263" y="569" width="8" height="8"/>
    </entry>
    <entry id="47" name="cpd:C00288" type="compound"
        link="http://www.kegg.jp/dbget-bin/www_bget?C00288">
        <graphics name="C00288" fgcolor="#000000" bgcolor="#FFFFFF"
             type="circle" x="263" y="600" width="8" height="8"/>
    </entry>
    <entry id="48" name="cpd:C00698" type="compound"
        link="http://www.kegg.jp/dbget-bin/www_bget?C00698">
        <graphics name="C00698" fgcolor="#000000" bgcolor="#FFFFFF"
             type="circle" x="154" y="590" width="8" height="8"/>
    </entry>
    <entry id="49" name="cpd:C01330" type="compound"
        link="http://www.kegg.jp/dbget-bin/www_bget?C01330">
        <graphics name="C01330" fgcolor="#000000" bgcolor="#FFFFFF"
             type="circle" x="272" y="90" width="8" height="8"/>
    </entry>
    <entry id="50" name="hsa:1179 hsa:22802 hsa:9635" type="gene"
        link="http://www.kegg.jp/dbget-bin/www_bget?hsa:1179+hsa:22802+hsa:9635">
        <graphics name="CLCA1, CACC, CACC1, CLCRG1, CaCC-1, GOB5, hCLCA1, hCaCC-1..." fgcolor="#000000" bgcolor="#BFFFBF"
             type="rectangle" x="698" y="522" width="46" height="17"/>
    </entry>
    <entry id="51" name="cpd:C00698" type="compound"
        link="http://www.kegg.jp/dbget-bin/www_bget?C00698">
        <graphics name="C00698" fgcolor="#000000" bgcolor="#FFFFFF"
             type="circle" x="646" y="520" width="8" height="8"/>
    </entry>
    <entry id="52" name="cpd:C00238" type="compound"
        link="http://www.kegg.jp/dbget-bin/www_bget?C00238">
        <graphics name="C00238" fgcolor="#000000" bgcolor="#FFFFFF"
             type="circle" x="254" y="837" width="8" height="8"/>
    </entry>
    <entry id="53" name="cpd:C00698" type="compound"
        link="http://www.kegg.jp/dbget-bin/www_bget?C00698">
        <graphics name="C00698" fgcolor="#000000" bgcolor="#FFFFFF"
             type="circle" x="652" y="835" width="8" height="8"/>
    </entry>
    <entry id="54" name="cpd:C00575" type="compound"
        link="http://www.kegg.jp/dbget-bin/www_bget?C00575">
        <graphics name="C00575" fgcolor="#000000" bgcolor="#FFFFFF"
             type="circle" x="451" y="787" width="8" height="8"/>
    </entry>
    <entry id="55" name="hsa:760" type="gene"
        link="http://www.kegg.jp/dbget-bin/www_bget?hsa:760">
        <graphics name="CA2, CA-II, CAC, CAII, Car2, HEL-76, HEL-S-282" fgcolor="#000000" bgcolor="#BFFFBF"
             type="rectangle" x="448" y="949" width="46" height="17"/>
    </entry>
    <entry id="56" name="cpd:C00001" type="compound"
        link="http://www.kegg.jp/dbget-bin/www_bget?C00001">
        <graphics name="C00001" fgcolor="#000000" bgcolor="#FFFFFF"
             type="circle" x="365" y="568" width="8" height="8"/>
    </entry>
    <entry id="57" name="cpd:C00011" type="compound"
        link="http://www.kegg.jp/dbget-bin/www_bget?C00011">
        <graphics name="C00011" fgcolor="#000000" bgcolor="#FFFFFF"
             type="circle" x="365" y="603" width="8" height="8"/>
    </entry>
    <entry id="58" name="hsa:6262" type="gene"
        link="http://www.kegg.jp/dbget-bin/www_bget?hsa:6262">
        <graphics name="RYR2, ARVC2, ARVD2, RYR-2, RyR, VTSIP" fgcolor="#000000" bgcolor="#BFFFBF"
             type="rectangle" x="525" y="501" width="46" height="17"/>
    </entry>
    <entry id="59" name="hsa:219931" type="gene"
        link="http://www.kegg.jp/dbget-bin/www_bget?hsa:219931">
        <graphics name="TPCN2, SHEP10, TPC2" fgcolor="#000000" bgcolor="#BFFFBF"
             type="rectangle" x="525" y="600" width="46" height="17"/>
    </entry>
    <entry id="60" name="cpd:C13050" type="compound"
        link="http://www.kegg.jp/dbget-bin/www_bget?C13050">
        <graphics name="C13050" fgcolor="#000000" bgcolor="#FFFFFF"
             type="circle" x="445" y="534" width="8" height="8"/>
    </entry>
    <entry id="61" name="cpd:C13051" type="compound"
        link="http://www.kegg.jp/dbget-bin/www_bget?C13051">
        <graphics name="C13051" fgcolor="#000000" bgcolor="#FFFFFF"
             type="circle" x="457" y="630" width="8" height="8"/>
    </entry>
    <entry id="62" name="cpd:C00011" type="compound"
        link="http://www.kegg.jp/dbget-bin/www_bget?C00011">
        <graphics name="C00011" fgcolor="#000000" bgcolor="#FFFFFF"
             type="circle" x="153" y="642" width="8" height="8"/>
    </entry>
    <entry id="63" name="cpd:C00076" type="compound"
        link="http://www.kegg.jp/dbget-bin/www_bget?C00076">
        <graphics name="C00076" fgcolor="#000000" bgcolor="#FFFFFF"
             type="circle" x="457" y="599" width="8" height="8"/>
    </entry>
    <entry id="64" name="cpd:C00011" type="compound"
        link="http://www.kegg.jp/dbget-bin/www_bget?C00011">
        <graphics name="C00011" fgcolor="#000000" bgcolor="#FFFFFF"
             type="circle" x="150" y="963" width="8" height="8"/>
    </entry>
    <entry id="65" name="hsa:279" type="gene"
        link="http://www.kegg.jp/dbget-bin/www_bget?hsa:279">
        <graphics name="AMY2A, AMY2, PA" fgcolor="#000000" bgcolor="#BFFFBF"
             type="rectangle" x="765" y="368" width="46" height="17"/>
    </entry>
    <entry id="66" name="hsa:8671" type="gene"
        link="http://www.kegg.jp/dbget-bin/www_bget?hsa:8671">
        <graphics name="SLC4A4, HNBC1, KNBC, NBC1, NBC2, NBCe1-A, SLC4A5, hhNMC, kNBC1, pNBC" fgcolor="#000000" bgcolor="#BFFFBF"
             type="rectangle" x="199" y="867" width="46" height="17"/>
    </entry>
    <entry id="67" name="cpd:C01330" type="compound"
        link="http://www.kegg.jp/dbget-bin/www_bget?C01330">
        <graphics name="C01330" fgcolor="#000000" bgcolor="#FFFFFF"
             type="circle" x="145" y="862" width="8" height="8"/>
    </entry>
    <entry id="68" name="cpd:C00288" type="compound"
        link="http://www.kegg.jp/dbget-bin/www_bget?C00288">
        <graphics name="C00288" fgcolor="#000000" bgcolor="#FFFFFF"
             type="circle" x="145" y="872" width="8" height="8"/>
    </entry>
    <entry id="69" name="hsa:280" type="gene"
        link="http://www.kegg.jp/dbget-bin/www_bget?hsa:280">
        <graphics name="AMY2B, AMY2, AMY3, HXA" fgcolor="#000000" bgcolor="#BFFFBF"
             type="rectangle" x="818" y="368" width="46" height="17"/>
    </entry>
    <entry id="70" name="hsa:5644 hsa:5645 hsa:5646" type="gene"
        link="http://www.kegg.jp/dbget-bin/www_bget?hsa:5644+hsa:5645+hsa:5646">
        <graphics name="PRSS1, TRP1, TRY1, TRY4, TRYP1..." fgcolor="#000000" bgcolor="#BFFFBF"
             type="rectangle" x="765" y="403" width="46" height="17"/>
    </entry>
    <entry id="71" name="hsa:1357 hsa:1358 hsa:1359" type="gene"
        link="http://www.kegg.jp/dbget-bin/www_bget?hsa:1357+hsa:1358+hsa:1359">
        <graphics name="CPA1, CPA..." fgcolor="#000000" bgcolor="#BFFFBF"
             type="rectangle" x="765" y="469" width="46" height="17"/>
    </entry>
    <entry id="72" name="hsa:1360 hsa:1361" type="gene"
        link="http://www.kegg.jp/dbget-bin/www_bget?hsa:1360+hsa:1361">
        <graphics name="CPB1, CPB, PASP, PCPB..." fgcolor="#000000" bgcolor="#BFFFBF"
             type="rectangle" x="818" y="469" width="46" height="17"/>
    </entry>
    <entry id="73" name="hsa:10136 hsa:23436 hsa:51032 hsa:63036" type="gene"
        link="http://www.kegg.jp/dbget-bin/www_bget?hsa:10136+hsa:23436+hsa:51032+hsa:63036">
        <graphics name="CELA3A, ELA3, ELA3A..." fgcolor="#000000" bgcolor="#BFFFBF"
             type="rectangle" x="765" y="447" width="46" height="17"/>
    </entry>
    <entry id="74" name="hsa:5407" type="gene"
        link="http://www.kegg.jp/dbget-bin/www_bget?hsa:5407">
        <graphics name="PNLIPRP1, PLRP1" fgcolor="#000000" bgcolor="#BFFFBF"
             type="rectangle" x="891" y="447" width="46" height="17"/>
    </entry>
    <entry id="75" name="hsa:5408" type="gene"
        link="http://www.kegg.jp/dbget-bin/www_bget?hsa:5408">
        <graphics name="PNLIPRP2, PLRP2" fgcolor="#000000" bgcolor="#BFFFBF"
             type="rectangle" x="944" y="447" width="46" height="17"/>
    </entry>
    <entry id="76" name="hsa:1056" type="gene"
        link="http://www.kegg.jp/dbget-bin/www_bget?hsa:1056">
        <graphics name="CEL, BAL, BSDL, BSSL, CELL, CEase, FAP, FAPP, LIPA, MODY8" fgcolor="#000000" bgcolor="#BFFFBF"
             type="rectangle" x="891" y="469" width="46" height="17"/>
    </entry>
    <entry id="77" name="hsa:26279 hsa:30814 hsa:391013 hsa:50487 hsa:5319 hsa:5320 hsa:5322 hsa:64600 hsa:81579 hsa:8399 hsa:84647" type="gene"
        link="http://www.kegg.jp/dbget-bin/www_bget?hsa:26279+hsa:30814+hsa:391013+hsa:50487+hsa:5319+hsa:5320+hsa:5322+hsa:64600+hsa:81579+hsa:8399+hsa:84647">
        <graphics name="PLA2G2D, PLA2IID, SPLASH, sPLA2-IID, sPLA2S..." fgcolor="#000000" bgcolor="#BFFFBF"
             type="rectangle" x="944" y="469" width="46" height="17"/>
    </entry>
    <entry id="78" name="hsa:5406" type="gene"
        link="http://www.kegg.jp/dbget-bin/www_bget?hsa:5406">
        <graphics name="PNLIP, PL, PNLIPD, PTL" fgcolor="#000000" bgcolor="#BFFFBF"
             type="rectangle" x="891" y="425" width="46" height="17"/>
    </entry>
    <entry id="79" name="cpd:C00001" type="compound"
        link="http://www.kegg.jp/dbget-bin/www_bget?C00001">
        <graphics name="C00001" fgcolor="#000000" bgcolor="#FFFFFF"
             type="circle" x="162" y="708" width="8" height="8"/>
    </entry>
    <entry id="80" name="cpd:C00001" type="compound"
        link="http://www.kegg.jp/dbget-bin/www_bget?C00001">
        <graphics name="C00001" fgcolor="#000000" bgcolor="#FFFFFF"
             type="circle" x="268" y="102" width="8" height="8"/>
    </entry>
    <entry id="81" name="hsa:487 hsa:488 hsa:489" type="gene"
        link="http://www.kegg.jp/dbget-bin/www_bget?hsa:487+hsa:488+hsa:489">
        <graphics name="ATP2A1, ATP2A, SERCA1..." fgcolor="#000000" bgcolor="#BFFFBF"
             type="rectangle" x="608" y="543" width="46" height="17"/>
    </entry>
    <entry id="82" name="cpd:C00076" type="compound"
        link="http://www.kegg.jp/dbget-bin/www_bget?C00076">
        <graphics name="C00076" fgcolor="#000000" bgcolor="#FFFFFF"
             type="circle" x="650" y="542" width="8" height="8"/>
    </entry>
    <entry id="83" name="hsa:7220" type="gene"
        link="http://www.kegg.jp/dbget-bin/www_bget?hsa:7220">
        <graphics name="TRPC1, HTRP-1, TRP1" fgcolor="#000000" bgcolor="#BFFFBF"
             type="rectangle" x="199" y="370" width="46" height="17"/>
    </entry>
    <entry id="84" name="cpd:C00076" type="compound"
        link="http://www.kegg.jp/dbget-bin/www_bget?C00076">
        <graphics name="C00076" fgcolor="#000000" bgcolor="#FFFFFF"
             type="circle" x="147" y="370" width="8" height="8"/>
    </entry>
    <entry id="85" name="hsa:1504" type="gene"
        link="http://www.kegg.jp/dbget-bin/www_bget?hsa:1504">
        <graphics name="CTRB1, CTRB" fgcolor="#000000" bgcolor="#BFFFBF"
             type="rectangle" x="765" y="425" width="46" height="17"/>
    </entry>
    <entry id="86" name="hsa:683 hsa:952" type="gene"
        link="http://www.kegg.jp/dbget-bin/www_bget?hsa:683+hsa:952">
        <graphics name="BST1, CD157..." fgcolor="#000000" bgcolor="#BFFFBF"
             type="rectangle" x="393" y="547" width="46" height="17"/>
    </entry>
    <entry id="87" name="hsa:2778" type="gene"
        link="http://www.kegg.jp/dbget-bin/www_bget?hsa:2778">
        <graphics name="GNAS, AHO, C20orf45, GNAS1, GPSA, GSA, GSP, NESP, PITA3, POH, SCG6, SgVI" fgcolor="#000000" bgcolor="#BFFFBF"
             type="rectangle" x="280" y="788" width="46" height="17"/>
    </entry>
    <entry id="88" name="hsa:107 hsa:108 hsa:109 hsa:111 hsa:112 hsa:113 hsa:114 hsa:115 hsa:196883" type="gene"
        link="http://www.kegg.jp/dbget-bin/www_bget?hsa:107+hsa:108+hsa:109+hsa:111+hsa:112+hsa:113+hsa:114+hsa:115+hsa:196883">
        <graphics name="ADCY1, AC1, DFNB44..." fgcolor="#000000" bgcolor="#BFFFBF"
             type="rectangle" x="361" y="788" width="46" height="17"/>
    </entry>
    <entry id="89" name="hsa:1506" type="gene"
        link="http://www.kegg.jp/dbget-bin/www_bget?hsa:1506">
        <graphics name="CTRL, CTRL1" fgcolor="#000000" bgcolor="#BFFFBF"
             type="rectangle" x="818" y="425" width="46" height="17"/>
    </entry>
    <entry id="90" name="hsa:4218 hsa:5874 hsa:8766 hsa:9545" type="gene"
        link="http://www.kegg.jp/dbget-bin/www_bget?hsa:4218+hsa:5874+hsa:8766+hsa:9545">
        <graphics name="RAB8A, MEL, RAB8..." fgcolor="#000000" bgcolor="#BFFFBF"
             type="rectangle" x="563" y="287" width="46" height="17"/>
    </entry>
    <entry id="91" name="hsa:5906 hsa:5908" type="gene"
        link="http://www.kegg.jp/dbget-bin/www_bget?hsa:5906+hsa:5908">
        <graphics name="RAP1A, C21KG, G-22K, KREV-1, KREV1, RAP1, SMGP21..." fgcolor="#000000" bgcolor="#BFFFBF"
             type="rectangle" x="615" y="325" width="46" height="17"/>
    </entry>
    <entry id="92" name="hsa:387" type="gene"
        link="http://www.kegg.jp/dbget-bin/www_bget?hsa:387">
        <graphics name="RHOA, ARH12, ARHA, RHO12, RHOH12" fgcolor="#000000" bgcolor="#BFFFBF"
             type="rectangle" x="655" y="352" width="46" height="17"/>
    </entry>
    <entry id="93" name="hsa:5879" type="gene"
        link="http://www.kegg.jp/dbget-bin/www_bget?hsa:5879">
        <graphics name="RAC1, MIG5, MRD48, Rac-1, TC-25, p21-Rac1" fgcolor="#000000" bgcolor="#BFFFBF"
             type="rectangle" x="655" y="373" width="46" height="17"/>
    </entry>
    <entry id="94" name="path:hsa04973" type="map"
        link="http://www.kegg.jp/dbget-bin/www_bget?hsa04973">
        <graphics name="Carbohydrate digestion and absorption" fgcolor="#000000" bgcolor="#FFFFFF"
             type="roundrectangle" x="795" y="953" width="126" height="34"/>
    </entry>
    <entry id="95" name="path:hsa04974" type="map"
        link="http://www.kegg.jp/dbget-bin/www_bget?hsa04974">
        <graphics name="Protein digestion and absorption" fgcolor="#000000" bgcolor="#FFFFFF"
             type="roundrectangle" x="934" y="953" width="126" height="34"/>
    </entry>
    <entry id="96" name="path:hsa04975" type="map"
        link="http://www.kegg.jp/dbget-bin/www_bget?hsa04975">
        <graphics name="Fat digestion and absorption" fgcolor="#000000" bgcolor="#FFFFFF"
             type="roundrectangle" x="795" y="995" width="126" height="34"/>
    </entry>
    <entry id="97" name="path:hsa04977" type="map"
        link="http://www.kegg.jp/dbget-bin/www_bget?hsa04977">
        <graphics name="Vitamin digestion and absorption" fgcolor="#000000" bgcolor="#FFFFFF"
             type="roundrectangle" x="934" y="995" width="126" height="34"/>
    </entry>
    <entry id="98" name="hsa:6343" type="gene"
        link="http://www.kegg.jp/dbget-bin/www_bget?hsa:6343">
        <graphics name="SCT" fgcolor="#000000" bgcolor="#BFFFBF"
             type="rectangle" x="126" y="788" width="46" height="17"/>
    </entry>
    <entry id="99" name="hsa:885" type="gene"
        link="http://www.kegg.jp/dbget-bin/www_bget?hsa:885">
        <graphics name="CCK" fgcolor="#000000" bgcolor="#BFFFBF"
             type="rectangle" x="126" y="333" width="46" height="17"/>
    </entry>
    <relation entry1="7" entry2="10" type="PPrel">
        <subtype name="activation" value="--&gt;"/>
    </relation>
    <relation entry1="10" entry2="11" type="PPrel">
        <subtype name="activation" value="--&gt;"/>
    </relation>
    <relation entry1="11" entry2="17" type="PCrel">
        <subtype name="activation" value="--&gt;"/>
    </relation>
    <relation entry1="17" entry2="18" type="PCrel">
        <subtype name="activation" value="--&gt;"/>
    </relation>
    <relation entry1="19" entry2="8" type="PCrel">
        <subtype name="activation" value="--&gt;"/>
    </relation>
    <relation entry1="8" entry2="10" type="PPrel">
        <subtype name="activation" value="--&gt;"/>
    </relation>
    <relation entry1="11" entry2="13" type="PCrel">
        <subtype name="activation" value="--&gt;"/>
    </relation>
    <relation entry1="13" entry2="12" type="PCrel">
        <subtype name="activation" value="--&gt;"/>
    </relation>
    <relation entry1="14" entry2="20" type="PCrel">
        <subtype name="indirect effect" value="..&gt;"/>
    </relation>
    <relation entry1="86" entry2="60" type="PCrel">
        <subtype name="activation" value="--&gt;"/>
    </relation>
    <relation entry1="60" entry2="58" type="PCrel">
        <subtype name="activation" value="--&gt;"/>
    </relation>
    <relation entry1="63" entry2="58" type="PCrel">
        <subtype name="activation" value="--&gt;"/>
    </relation>
    <relation entry1="86" entry2="61" type="PCrel">
        <subtype name="activation" value="--&gt;"/>
    </relation>
    <relation entry1="61" entry2="59" type="PCrel">
        <subtype name="activation" value="--&gt;"/>
    </relation>
    <relation entry1="42" entry2="87" type="PPrel">
        <subtype name="activation" value="--&gt;"/>
    </relation>
    <relation entry1="87" entry2="88" type="PPrel">
        <subtype name="activation" value="--&gt;"/>
    </relation>
    <relation entry1="88" entry2="54" type="PCrel">
        <subtype name="activation" value="--&gt;"/>
    </relation>
    <relation entry1="7" entry2="86" type="PPrel">
        <subtype name="activation" value="--&gt;"/>
        <subtype name="indirect effect" value="..&gt;"/>
    </relation>
    <relation entry1="14" entry2="50" type="PCrel">
        <subtype name="activation" value="--&gt;"/>
    </relation>
    <relation entry1="54" entry2="38" type="PCrel">
        <subtype name="activation" value="--&gt;"/>
        <subtype name="indirect effect" value="..&gt;"/>
    </relation>
    <relation entry1="54" entry2="41" type="PCrel">
        <subtype name="activation" value="--&gt;"/>
        <subtype name="indirect effect" value="..&gt;"/>
    </relation>
    <relation entry1="14" entry2="22" type="PCrel">
        <subtype name="activation" value="--&gt;"/>
    </relation>
    <relation entry1="99" entry2="7" type="PPrel">
    </relation>
    <relation entry1="98" entry2="42" type="PPrel">
    </relation>
</pathway>
