<?xml version="1.0"?>
<!DOCTYPE pathway SYSTEM "http://www.kegg.jp/kegg/xml/KGML_v0.7.2_.dtd">
<!-- Creation date: Aug 13, 2015 14:29:34 +0900 (GMT+9) -->
<pathway name="path:hsa04922" org="hsa" number="04922"
         title="Glucagon signaling pathway"
         image="http://www.kegg.jp/kegg/pathway/hsa/hsa04922.png"
         link="http://www.kegg.jp/kegg-bin/show_pathway?hsa04922">
    <entry id="1" name="path:hsa04922" type="map"
        link="http://www.kegg.jp/dbget-bin/www_bget?hsa04922">
        <graphics name="TITLE:Glucagon signaling pathway" fgcolor="#000000" bgcolor="#FFFFFF"
             type="roundrectangle" x="183" y="58" width="285" height="25"/>
    </entry>
    <entry id="2" name="hsa:6513 hsa:6514" type="gene"
        link="http://www.kegg.jp/dbget-bin/www_bget?hsa:6513+hsa:6514">
        <graphics name="SLC2A1, CSE, DYT17, DYT18, DYT9, EIG12, GLUT, GLUT-1, GLUT1, GLUT1DS, HTLVR, PED, SDCHCN..." fgcolor="#000000" bgcolor="#BFFFBF"
             type="rectangle" x="178" y="607" width="46" height="17"/>
    </entry>
    <entry id="3" name="cpd:C00031" type="compound"
        link="http://www.kegg.jp/dbget-bin/www_bget?C00031">
        <graphics name="C00031" fgcolor="#000000" bgcolor="#FFFFFF"
             type="circle" x="113" y="607" width="8" height="8"/>
    </entry>
    <entry id="4" name="cpd:C00668 cpd:C01172" type="compound"
        link="http://www.kegg.jp/dbget-bin/www_bget?C00668+C01172">
        <graphics name="C00668..." fgcolor="#000000" bgcolor="#FFFFFF"
             type="circle" x="310" y="607" width="8" height="8"/>
    </entry>
    <entry id="5" name="cpd:C00022" type="compound"
        link="http://www.kegg.jp/dbget-bin/www_bget?C00022">
        <graphics name="C00022" fgcolor="#000000" bgcolor="#FFFFFF"
             type="circle" x="784" y="607" width="8" height="8"/>
    </entry>
    <entry id="6" name="cpd:C00031" type="compound"
        link="http://www.kegg.jp/dbget-bin/www_bget?C00031">
        <graphics name="C00031" fgcolor="#000000" bgcolor="#FFFFFF"
             type="circle" x="231" y="607" width="8" height="8"/>
    </entry>
    <entry id="7" name="path:hsa00020" type="map"
        link="http://www.kegg.jp/dbget-bin/www_bget?hsa00020">
        <graphics name="Citrate cycle (TCA cycle)" fgcolor="#000000" bgcolor="#FFFFFF"
             type="roundrectangle" x="1084" y="596" width="112" height="34"/>
    </entry>
    <entry id="8" name="cpd:C00158" type="compound"
        link="http://www.kegg.jp/dbget-bin/www_bget?C00158">
        <graphics name="C00158" fgcolor="#000000" bgcolor="#FFFFFF"
             type="circle" x="997" y="548" width="8" height="8"/>
    </entry>
    <entry id="9" name="cpd:C00311" type="compound"
        link="http://www.kegg.jp/dbget-bin/www_bget?C00311">
        <graphics name="C00311" fgcolor="#000000" bgcolor="#FFFFFF"
             type="circle" x="1076" y="500" width="8" height="8"/>
    </entry>
    <entry id="10" name="cpd:C00026" type="compound"
        link="http://www.kegg.jp/dbget-bin/www_bget?C00026">
        <graphics name="C00026" fgcolor="#000000" bgcolor="#FFFFFF"
             type="circle" x="1150" y="530" width="8" height="8"/>
    </entry>
    <entry id="11" name="cpd:C00042" type="compound"
        link="http://www.kegg.jp/dbget-bin/www_bget?C00042">
        <graphics name="C00042" fgcolor="#000000" bgcolor="#FFFFFF"
             type="circle" x="1171" y="585" width="8" height="8"/>
    </entry>
    <entry id="12" name="cpd:C00122" type="compound"
        link="http://www.kegg.jp/dbget-bin/www_bget?C00122">
        <graphics name="C00122" fgcolor="#000000" bgcolor="#FFFFFF"
             type="circle" x="1154" y="646" width="8" height="8"/>
    </entry>
    <entry id="13" name="cpd:C00149" type="compound"
        link="http://www.kegg.jp/dbget-bin/www_bget?C00149">
        <graphics name="C00149" fgcolor="#000000" bgcolor="#FFFFFF"
             type="circle" x="1086" y="687" width="8" height="8"/>
    </entry>
    <entry id="14" name="cpd:C00036" type="compound"
        link="http://www.kegg.jp/dbget-bin/www_bget?C00036">
        <graphics name="C00036" fgcolor="#000000" bgcolor="#FFFFFF"
             type="circle" x="1008" y="653" width="8" height="8"/>
    </entry>
    <entry id="15" name="hsa:5160 hsa:5161 hsa:5162" type="gene"
        link="http://www.kegg.jp/dbget-bin/www_bget?hsa:5160+hsa:5161+hsa:5162">
        <graphics name="PDHA1, PDHA, PDHAD, PDHCE1A, PHE1A..." fgcolor="#000000" bgcolor="#BFFFBF"
             type="rectangle" x="903" y="624" width="46" height="17"/>
    </entry>
    <entry id="16" name="path:hsa00010" type="map"
        link="http://www.kegg.jp/dbget-bin/www_bget?hsa00010">
        <graphics name="Glycolysis / Gluconeogenesis" fgcolor="#000000" bgcolor="#FFFFFF"
             type="roundrectangle" x="288" y="680" width="112" height="34"/>
    </entry>
    <entry id="17" name="hsa:5315" type="gene"
        link="http://www.kegg.jp/dbget-bin/www_bget?hsa:5315">
        <graphics name="PKM, CTHBP, HEL-S-30, OIP3, PK3, PKM2, TCB, THBP1" fgcolor="#000000" bgcolor="#BFFFBF"
             type="rectangle" x="743" y="633" width="46" height="17"/>
    </entry>
    <entry id="18" name="hsa:2645" type="gene"
        link="http://www.kegg.jp/dbget-bin/www_bget?hsa:2645">
        <graphics name="GCK, FGQTL3, GK, GLK, HHF3, HK4, HKIV, HXKP, LGLK, MODY2" fgcolor="#000000" bgcolor="#BFFFBF"
             type="rectangle" x="265" y="635" width="46" height="17"/>
    </entry>
    <entry id="19" name="cpd:C00085" type="compound"
        link="http://www.kegg.jp/dbget-bin/www_bget?C00085">
        <graphics name="C00085" fgcolor="#000000" bgcolor="#FFFFFF"
             type="circle" x="381" y="607" width="8" height="8"/>
    </entry>
    <entry id="20" name="cpd:C00074" type="compound"
        link="http://www.kegg.jp/dbget-bin/www_bget?C00074">
        <graphics name="C00074" fgcolor="#000000" bgcolor="#FFFFFF"
             type="circle" x="698" y="607" width="8" height="8"/>
    </entry>
    <entry id="21" name="cpd:C00197" type="compound"
        link="http://www.kegg.jp/dbget-bin/www_bget?C00197">
        <graphics name="C00197" fgcolor="#000000" bgcolor="#FFFFFF"
             type="circle" x="551" y="607" width="8" height="8"/>
    </entry>
    <entry id="22" name="cpd:C00631" type="compound"
        link="http://www.kegg.jp/dbget-bin/www_bget?C00631">
        <graphics name="C00631" fgcolor="#000000" bgcolor="#FFFFFF"
             type="circle" x="621" y="607" width="8" height="8"/>
    </entry>
    <entry id="23" name="cpd:C00354" type="compound"
        link="http://www.kegg.jp/dbget-bin/www_bget?C00354">
        <graphics name="C00354" fgcolor="#000000" bgcolor="#FFFFFF"
             type="circle" x="482" y="607" width="8" height="8"/>
    </entry>
    <entry id="24" name="hsa:5211" type="gene"
        link="http://www.kegg.jp/dbget-bin/www_bget?hsa:5211">
        <graphics name="PFKL, ATP-PFK, PFK-B, PFK-L" fgcolor="#000000" bgcolor="#BFFFBF"
             type="rectangle" x="427" y="633" width="46" height="17"/>
    </entry>
    <entry id="25" name="hsa:441531 hsa:5223 hsa:5224" type="gene"
        link="http://www.kegg.jp/dbget-bin/www_bget?hsa:441531+hsa:5223+hsa:5224">
        <graphics name="PGAM4, PGAM-B, PGAM1, PGAM3, dJ1000K24.1..." fgcolor="#000000" bgcolor="#BFFFBF"
             type="rectangle" x="580" y="636" width="46" height="17"/>
    </entry>
    <entry id="26" name="path:hsa00190" type="map"
        link="http://www.kegg.jp/dbget-bin/www_bget?hsa00190">
        <graphics name="Oxidative phosphorylation" fgcolor="#000000" bgcolor="#FFFFFF"
             type="roundrectangle" x="966" y="697" width="112" height="34"/>
    </entry>
    <entry id="27" name="cpd:C00024" type="compound"
        link="http://www.kegg.jp/dbget-bin/www_bget?C00024">
        <graphics name="C00024" fgcolor="#000000" bgcolor="#FFFFFF"
             type="circle" x="947" y="608" width="8" height="8"/>
    </entry>
    <entry id="28" name="hsa:2641" type="gene"
        link="http://www.kegg.jp/dbget-bin/www_bget?hsa:2641">
        <graphics name="GCG, GLP1, GLP2, GRPP" fgcolor="#000000" bgcolor="#BFFFBF"
             type="rectangle" x="83" y="182" width="46" height="17"/>
    </entry>
    <entry id="29" name="hsa:2642" type="gene"
        link="http://www.kegg.jp/dbget-bin/www_bget?hsa:2642">
        <graphics name="GCGR, GGR, GL-R" fgcolor="#000000" bgcolor="#BFFFBF"
             type="rectangle" x="176" y="182" width="46" height="17"/>
    </entry>
    <entry id="30" name="hsa:2778" type="gene"
        link="http://www.kegg.jp/dbget-bin/www_bget?hsa:2778">
        <graphics name="GNAS, AHO, C20orf45, GNAS1, GPSA, GSA, GSP, NESP, POH, SCG6, SgVI" fgcolor="#000000" bgcolor="#BFFFBF"
             type="rectangle" x="270" y="182" width="46" height="17"/>
    </entry>
    <entry id="31" name="hsa:108" type="gene"
        link="http://www.kegg.jp/dbget-bin/www_bget?hsa:108">
        <graphics name="ADCY2, AC2, HBAC2" fgcolor="#000000" bgcolor="#BFFFBF"
             type="rectangle" x="363" y="182" width="46" height="17"/>
    </entry>
    <entry id="32" name="hsa:5566 hsa:5567 hsa:5568" type="gene"
        link="http://www.kegg.jp/dbget-bin/www_bget?hsa:5566+hsa:5567+hsa:5568">
        <graphics name="PRKACA, PKACA, PPNAD4..." fgcolor="#000000" bgcolor="#BFFFBF"
             type="rectangle" x="590" y="182" width="46" height="17"/>
    </entry>
    <entry id="33" name="cpd:C00575" type="compound"
        link="http://www.kegg.jp/dbget-bin/www_bget?C00575">
        <graphics name="C00575" fgcolor="#000000" bgcolor="#FFFFFF"
             type="circle" x="441" y="182" width="8" height="8"/>
    </entry>
    <entry id="34" name="cpd:C00103" type="compound"
        link="http://www.kegg.jp/dbget-bin/www_bget?C00103">
        <graphics name="C00103" fgcolor="#000000" bgcolor="#FFFFFF"
             type="circle" x="309" y="406" width="8" height="8"/>
    </entry>
    <entry id="35" name="cpd:C00182" type="compound"
        link="http://www.kegg.jp/dbget-bin/www_bget?C00182">
        <graphics name="C00182" fgcolor="#000000" bgcolor="#FFFFFF"
             type="circle" x="524" y="406" width="8" height="8"/>
    </entry>
    <entry id="36" name="hsa:2997 hsa:2998" type="gene"
        link="http://www.kegg.jp/dbget-bin/www_bget?hsa:2997+hsa:2998">
        <graphics name="GYS1, GSY, GYS..." fgcolor="#000000" bgcolor="#BFFFBF"
             type="rectangle" x="437" y="385" width="46" height="17"/>
    </entry>
    <entry id="37" name="hsa:5834 hsa:5836 hsa:5837" type="gene"
        link="http://www.kegg.jp/dbget-bin/www_bget?hsa:5834+hsa:5836+hsa:5837">
        <graphics name="PYGB, GPBB..." fgcolor="#000000" bgcolor="#BFFFBF"
             type="rectangle" x="437" y="428" width="46" height="17"/>
    </entry>
    <entry id="38" name="hsa:2776" type="gene"
        link="http://www.kegg.jp/dbget-bin/www_bget?hsa:2776">
        <graphics name="GNAQ, CMC1, G-ALPHA-q, GAQ, SWS" fgcolor="#000000" bgcolor="#BFFFBF"
             type="rectangle" x="270" y="260" width="46" height="17"/>
    </entry>
    <entry id="39" name="hsa:23236 hsa:5330 hsa:5331 hsa:5332" type="gene"
        link="http://www.kegg.jp/dbget-bin/www_bget?hsa:23236+hsa:5330+hsa:5331+hsa:5332">
        <graphics name="PLCB1, EIEE12, PI-PLC, PLC-154, PLC-I, PLC-beta-1, PLC154, PLCB1A, PLCB1B..." fgcolor="#000000" bgcolor="#BFFFBF"
             type="rectangle" x="359" y="260" width="46" height="17"/>
    </entry>
    <entry id="40" name="cpd:C01245" type="compound"
        link="http://www.kegg.jp/dbget-bin/www_bget?C01245">
        <graphics name="C01245" fgcolor="#000000" bgcolor="#FFFFFF"
             type="circle" x="426" y="260" width="8" height="8"/>
    </entry>
    <entry id="41" name="cpd:C00076" type="compound"
        link="http://www.kegg.jp/dbget-bin/www_bget?C00076">
        <graphics name="C00076" fgcolor="#000000" bgcolor="#FFFFFF"
             type="circle" x="488" y="258" width="8" height="8"/>
    </entry>
    <entry id="42" name="hsa:10488 hsa:1385 hsa:1386 hsa:148327 hsa:468 hsa:64764 hsa:84699 hsa:90993 hsa:9586" type="gene"
        link="http://www.kegg.jp/dbget-bin/www_bget?hsa:10488+hsa:1385+hsa:1386+hsa:148327+hsa:468+hsa:64764+hsa:84699+hsa:90993+hsa:9586">
        <graphics name="CREB3, LUMAN, LZIP, sLZIP..." fgcolor="#000000" bgcolor="#BFFFBF"
             type="rectangle" x="719" y="124" width="46" height="17"/>
    </entry>
    <entry id="43" name="hsa:5531 hsa:55671 hsa:57223" type="gene"
        link="http://www.kegg.jp/dbget-bin/www_bget?hsa:5531+hsa:55671+hsa:57223">
        <graphics name="PPP4C, PP-X, PP4, PP4C, PPH3, PPP4, PPX..." fgcolor="#000000" bgcolor="#BFFFBF"
             type="rectangle" x="719" y="185" width="46" height="17"/>
    </entry>
    <entry id="44" name="hsa:200186" type="gene"
        link="http://www.kegg.jp/dbget-bin/www_bget?hsa:200186">
        <graphics name="CRTC2, TORC-2, TORC2" fgcolor="#000000" bgcolor="#BFFFBF"
             type="rectangle" x="834" y="185" width="46" height="17"/>
    </entry>
    <entry id="45" name="hsa:23235" type="gene"
        link="http://www.kegg.jp/dbget-bin/www_bget?hsa:23235">
        <graphics name="SIK2, LOH11CR1I, QIK, SIK-2, SNF1LK2" fgcolor="#000000" bgcolor="#BFFFBF"
             type="rectangle" x="719" y="235" width="46" height="17"/>
    </entry>
    <entry id="46" name="hsa:10488 hsa:1385 hsa:1386 hsa:148327 hsa:468 hsa:64764 hsa:84699 hsa:90993 hsa:9586" type="gene"
        link="http://www.kegg.jp/dbget-bin/www_bget?hsa:10488+hsa:1385+hsa:1386+hsa:148327+hsa:468+hsa:64764+hsa:84699+hsa:90993+hsa:9586">
        <graphics name="CREB3, LUMAN, LZIP, sLZIP..." fgcolor="#000000" bgcolor="#BFFFBF"
             type="rectangle" x="1021" y="125" width="46" height="17"/>
    </entry>
    <entry id="47" name="hsa:200186" type="gene"
        link="http://www.kegg.jp/dbget-bin/www_bget?hsa:200186">
        <graphics name="CRTC2, TORC-2, TORC2" fgcolor="#000000" bgcolor="#BFFFBF"
             type="rectangle" x="1021" y="142" width="46" height="17"/>
    </entry>
    <entry id="48" name="hsa:1387 hsa:2033" type="gene"
        link="http://www.kegg.jp/dbget-bin/www_bget?hsa:1387+hsa:2033">
        <graphics name="CREBBP, CBP, KAT3A, RSTS..." fgcolor="#000000" bgcolor="#BFFFBF"
             type="rectangle" x="1021" y="159" width="46" height="17"/>
    </entry>
    <entry id="49" name="hsa:10891" type="gene"
        link="http://www.kegg.jp/dbget-bin/www_bget?hsa:10891">
        <graphics name="PPARGC1A, LEM6, PGC-1(alpha), PGC-1alpha, PGC-1v, PGC1, PGC1A, PPARGC1" fgcolor="#000000" bgcolor="#BFFFBF"
             type="rectangle" x="1173" y="129" width="46" height="17"/>
    </entry>
    <entry id="50" name="hsa:5105 hsa:5106" type="gene"
        link="http://www.kegg.jp/dbget-bin/www_bget?hsa:5105+hsa:5106">
        <graphics name="PCK1, PEPCK-C, PEPCK1, PEPCKC..." fgcolor="#000000" bgcolor="#BFFFBF"
             type="rectangle" x="1172" y="279" width="46" height="17"/>
    </entry>
    <entry id="51" name="hsa:2538 hsa:57818 hsa:92579" type="gene"
        link="http://www.kegg.jp/dbget-bin/www_bget?hsa:2538+hsa:57818+hsa:92579">
        <graphics name="G6PC, G6PC1, G6PT, G6Pase, GSD1, GSD1a..." fgcolor="#000000" bgcolor="#BFFFBF"
             type="rectangle" x="1172" y="253" width="46" height="17"/>
    </entry>
    <entry id="52" name="hsa:2308" type="gene"
        link="http://www.kegg.jp/dbget-bin/www_bget?hsa:2308">
        <graphics name="FOXO1, FKH1, FKHR, FOXO1A" fgcolor="#000000" bgcolor="#BFFFBF"
             type="rectangle" x="1021" y="303" width="46" height="17"/>
    </entry>
    <entry id="53" name="hsa:3276" type="gene"
        link="http://www.kegg.jp/dbget-bin/www_bget?hsa:3276">
        <graphics name="PRMT1, ANM1, HCP1, HRMT1L2, IR1B4" fgcolor="#000000" bgcolor="#BFFFBF"
             type="rectangle" x="1004" y="343" width="46" height="17"/>
    </entry>
    <entry id="54" name="hsa:10891" type="gene"
        link="http://www.kegg.jp/dbget-bin/www_bget?hsa:10891">
        <graphics name="PPARGC1A, LEM6, PGC-1(alpha), PGC-1alpha, PGC-1v, PGC1, PGC1A, PPARGC1" fgcolor="#000000" bgcolor="#BFFFBF"
             type="rectangle" x="1021" y="286" width="46" height="17"/>
    </entry>
    <entry id="55" name="hsa:102724428 hsa:150094" type="gene"
        link="http://www.kegg.jp/dbget-bin/www_bget?hsa:102724428+hsa:150094">
        <graphics name="102724428..." fgcolor="#000000" bgcolor="#BFFFBF"
             type="rectangle" x="1173" y="152" width="46" height="17"/>
    </entry>
    <entry id="56" name="path:hsa04910" type="map"
        link="http://www.kegg.jp/dbget-bin/www_bget?hsa04910">
        <graphics name="Insulin signaling pathway" fgcolor="#000000" bgcolor="#FFFFFF"
             type="roundrectangle" x="284" y="126" width="112" height="34"/>
    </entry>
    <entry id="57" name="hsa:10000 hsa:207 hsa:208" type="gene"
        link="http://www.kegg.jp/dbget-bin/www_bget?hsa:10000+hsa:207+hsa:208">
        <graphics name="AKT3, MPPH, MPPH2, PKB-GAMMA, PKBG, PRKBG, RAC-PK-gamma, RAC-gamma, STK-2..." fgcolor="#000000" bgcolor="#BFFFBF"
             type="rectangle" x="405" y="128" width="46" height="17"/>
    </entry>
    <entry id="58" name="hsa:5140" type="gene"
        link="http://www.kegg.jp/dbget-bin/www_bget?hsa:5140">
        <graphics name="PDE3B, HcGIP1, cGIPDE1" fgcolor="#000000" bgcolor="#BFFFBF"
             type="rectangle" x="493" y="128" width="46" height="17"/>
    </entry>
    <entry id="59" name="hsa:126129 hsa:1374 hsa:1375" type="gene"
        link="http://www.kegg.jp/dbget-bin/www_bget?hsa:126129+hsa:1374+hsa:1375">
        <graphics name="CPT1C, CATL1, CPT1-B, CPT1P, CPTI-B, CPTIC, SPG73..." fgcolor="#000000" bgcolor="#BFFFBF"
             type="rectangle" x="1172" y="305" width="46" height="17"/>
    </entry>
    <entry id="60" name="hsa:126129 hsa:1374 hsa:1375" type="gene"
        link="http://www.kegg.jp/dbget-bin/www_bget?hsa:126129+hsa:1374+hsa:1375">
        <graphics name="CPT1C, CATL1, CPT1-B, CPT1P, CPTI-B, CPTIC, SPG73..." fgcolor="#000000" bgcolor="#BFFFBF"
             type="rectangle" x="944" y="466" width="46" height="17"/>
    </entry>
    <entry id="62" name="hsa:5255 hsa:5256 hsa:5257 hsa:5260 hsa:5261" type="gene"
        link="http://www.kegg.jp/dbget-bin/www_bget?hsa:5255+hsa:5256+hsa:5257+hsa:5260+hsa:5261">
        <graphics name="PHKA1, PHKA..." fgcolor="#000000" bgcolor="#BFFFBF"
             type="rectangle" x="522" y="452" width="46" height="17"/>
    </entry>
    <entry id="63" name="hsa:163688 hsa:51806 hsa:801 hsa:805 hsa:808 hsa:810 hsa:91860" type="gene"
        link="http://www.kegg.jp/dbget-bin/www_bget?hsa:163688+hsa:51806+hsa:801+hsa:805+hsa:808+hsa:810+hsa:91860">
        <graphics name="CALML6, CAGLP..." fgcolor="#000000" bgcolor="#BFFFBF"
             type="rectangle" x="522" y="469" width="46" height="17"/>
    </entry>
    <entry id="64" name="hsa:2538 hsa:57818 hsa:92579" type="gene"
        link="http://www.kegg.jp/dbget-bin/www_bget?hsa:2538+hsa:57818+hsa:92579">
        <graphics name="G6PC, G6PC1, G6PT, G6Pase, GSD1, GSD1a..." fgcolor="#000000" bgcolor="#BFFFBF"
             type="rectangle" x="265" y="585" width="46" height="17"/>
    </entry>
    <entry id="65" name="path:hsa04024" type="map"
        link="http://www.kegg.jp/dbget-bin/www_bget?hsa04024">
        <graphics name="cAMP signaling pathway" fgcolor="#000000" bgcolor="#FFFFFF"
             type="roundrectangle" x="365" y="214" width="112" height="34"/>
    </entry>
    <entry id="66" name="hsa:5530 hsa:5532 hsa:5533 hsa:5534 hsa:5535" type="gene"
        link="http://www.kegg.jp/dbget-bin/www_bget?hsa:5530+hsa:5532+hsa:5533+hsa:5534+hsa:5535">
        <graphics name="PPP3CA, CALN, CALNA, CALNA1, CCN1, CNA1, PPP2B..." fgcolor="#000000" bgcolor="#BFFFBF"
             type="rectangle" x="719" y="259" width="46" height="17"/>
    </entry>
    <entry id="67" name="hsa:2203" type="gene"
        link="http://www.kegg.jp/dbget-bin/www_bget?hsa:2203">
        <graphics name="FBP1, FBP" fgcolor="#000000" bgcolor="#BFFFBF"
             type="rectangle" x="430" y="586" width="46" height="17"/>
    </entry>
    <entry id="68" name="cpd:C00665" type="compound"
        link="http://www.kegg.jp/dbget-bin/www_bget?C00665">
        <graphics name="C00665" fgcolor="#000000" bgcolor="#FFFFFF"
             type="circle" x="564" y="490" width="8" height="8"/>
    </entry>
    <entry id="70" name="hsa:5207" type="gene"
        link="http://www.kegg.jp/dbget-bin/www_bget?hsa:5207">
        <graphics name="PFKFB1, F6PK, HL2K, PFRX" fgcolor="#000000" bgcolor="#BFFFBF"
             type="rectangle" x="613" y="429" width="46" height="17"/>
    </entry>
    <entry id="71" name="cpd:C00149" type="compound"
        link="http://www.kegg.jp/dbget-bin/www_bget?C00149">
        <graphics name="C00149" fgcolor="#000000" bgcolor="#FFFFFF"
             type="circle" x="1086" y="756" width="8" height="8"/>
    </entry>
    <entry id="72" name="cpd:C00036" type="compound"
        link="http://www.kegg.jp/dbget-bin/www_bget?C00036">
        <graphics name="C00036" fgcolor="#000000" bgcolor="#FFFFFF"
             type="circle" x="1011" y="756" width="8" height="8"/>
    </entry>
    <entry id="73" name="hsa:5105 hsa:5106" type="gene"
        link="http://www.kegg.jp/dbget-bin/www_bget?hsa:5105+hsa:5106">
        <graphics name="PCK1, PEPCK-C, PEPCK1, PEPCKC..." fgcolor="#000000" bgcolor="#BFFFBF"
             type="rectangle" x="765" y="740" width="46" height="17"/>
    </entry>
    <entry id="74" name="path:hsa04020" type="map"
        link="http://www.kegg.jp/dbget-bin/www_bget?hsa04020">
        <graphics name="Calcium signaling pathway" fgcolor="#000000" bgcolor="#FFFFFF"
             type="roundrectangle" x="365" y="302" width="112" height="34"/>
    </entry>
    <entry id="75" name="cpd:C00158" type="compound"
        link="http://www.kegg.jp/dbget-bin/www_bget?C00158">
        <graphics name="C00158" fgcolor="#000000" bgcolor="#FFFFFF"
             type="circle" x="795" y="547" width="8" height="8"/>
    </entry>
    <entry id="76" name="cpd:C00024" type="compound"
        link="http://www.kegg.jp/dbget-bin/www_bget?C00024">
        <graphics name="C00024" fgcolor="#000000" bgcolor="#FFFFFF"
             type="circle" x="821" y="489" width="8" height="8"/>
    </entry>
    <entry id="77" name="cpd:C00083" type="compound"
        link="http://www.kegg.jp/dbget-bin/www_bget?C00083">
        <graphics name="C00083" fgcolor="#000000" bgcolor="#FFFFFF"
             type="circle" x="843" y="432" width="8" height="8"/>
    </entry>
    <entry id="78" name="hsa:31 hsa:32" type="gene"
        link="http://www.kegg.jp/dbget-bin/www_bget?hsa:31+hsa:32">
        <graphics name="ACACA, ACAC, ACACAD, ACC, ACC1, ACCA..." fgcolor="#000000" bgcolor="#BFFFBF"
             type="rectangle" x="799" y="457" width="46" height="17"/>
    </entry>
    <entry id="79" name="cpd:C00040" type="compound"
        link="http://www.kegg.jp/dbget-bin/www_bget?C00040">
        <graphics name="C00040" fgcolor="#000000" bgcolor="#FFFFFF"
             type="circle" x="945" y="511" width="8" height="8"/>
    </entry>
    <entry id="80" name="hsa:51422 hsa:53632 hsa:5562 hsa:5563 hsa:5564 hsa:5565 hsa:5571" type="gene"
        link="http://www.kegg.jp/dbget-bin/www_bget?hsa:51422+hsa:53632+hsa:5562+hsa:5563+hsa:5564+hsa:5565+hsa:5571">
        <graphics name="PRKAG2, AAKG, AAKG2, CMH6, H91620p, WPWS..." fgcolor="#000000" bgcolor="#BFFFBF"
             type="rectangle" x="693" y="393" width="46" height="17"/>
    </entry>
    <entry id="81" name="cpd:C00186" type="compound"
        link="http://www.kegg.jp/dbget-bin/www_bget?C00186">
        <graphics name="C00186" fgcolor="#000000" bgcolor="#FFFFFF"
             type="circle" x="831" y="697" width="8" height="8"/>
    </entry>
    <entry id="82" name="hsa:815 hsa:816 hsa:817 hsa:818" type="gene"
        link="http://www.kegg.jp/dbget-bin/www_bget?hsa:815+hsa:816+hsa:817+hsa:818">
        <graphics name="CAMK2A, CAMKA..." fgcolor="#000000" bgcolor="#BFFFBF"
             type="rectangle" x="723" y="330" width="46" height="17"/>
    </entry>
    <entry id="83" name="hsa:2308" type="gene"
        link="http://www.kegg.jp/dbget-bin/www_bget?hsa:2308">
        <graphics name="FOXO1, FKH1, FKHR, FOXO1A" fgcolor="#000000" bgcolor="#BFFFBF"
             type="rectangle" x="834" y="330" width="46" height="17"/>
    </entry>
    <entry id="84" name="hsa:3708 hsa:3709 hsa:3710" type="gene"
        link="http://www.kegg.jp/dbget-bin/www_bget?hsa:3708+hsa:3709+hsa:3710">
        <graphics name="ITPR1, ACV, CLA4, INSP3R1, IP3R, IP3R1, PPP1R94, SCA15, SCA16, SCA29..." fgcolor="#000000" bgcolor="#BFFFBF"
             type="rectangle" x="489" y="289" width="46" height="17"/>
    </entry>
    <entry id="85" name="path:hsa04068" type="map"
        link="http://www.kegg.jp/dbget-bin/www_bget?hsa04068">
        <graphics name="FoxO signaling pathway" fgcolor="#000000" bgcolor="#FFFFFF"
             type="roundrectangle" x="840" y="296" width="112" height="34"/>
    </entry>
    <entry id="86" name="hsa:160287 hsa:3939 hsa:3945 hsa:3948 hsa:92483" type="gene"
        link="http://www.kegg.jp/dbget-bin/www_bget?hsa:160287+hsa:3939+hsa:3945+hsa:3948+hsa:92483">
        <graphics name="LDHAL6A, LDH6A..." fgcolor="#000000" bgcolor="#BFFFBF"
             type="rectangle" x="841" y="646" width="46" height="17"/>
    </entry>
    <entry id="87" name="hsa:23411" type="gene"
        link="http://www.kegg.jp/dbget-bin/www_bget?hsa:23411">
        <graphics name="SIRT1, SIR2, SIR2L1, SIR2alpha" fgcolor="#000000" bgcolor="#BFFFBF"
             type="rectangle" x="1135" y="221" width="46" height="17"/>
    </entry>
    <entry id="88" name="hsa:23411" type="gene"
        link="http://www.kegg.jp/dbget-bin/www_bget?hsa:23411">
        <graphics name="SIRT1, SIR2, SIR2L1, SIR2alpha" fgcolor="#000000" bgcolor="#BFFFBF"
             type="rectangle" x="941" y="317" width="46" height="17"/>
    </entry>
    <entry id="89" name="hsa:10891" type="gene"
        link="http://www.kegg.jp/dbget-bin/www_bget?hsa:10891">
        <graphics name="PPARGC1A, LEM6, PGC-1(alpha), PGC-1alpha, PGC-1v, PGC1, PGC1A, PPARGC1" fgcolor="#000000" bgcolor="#BFFFBF"
             type="rectangle" x="1021" y="234" width="46" height="17"/>
    </entry>
    <entry id="90" name="hsa:5465" type="gene"
        link="http://www.kegg.jp/dbget-bin/www_bget?hsa:5465">
        <graphics name="PPARA, NR1C1, PPAR, PPARalpha, hPPAR" fgcolor="#000000" bgcolor="#BFFFBF"
             type="rectangle" x="1021" y="251" width="46" height="17"/>
    </entry>
    <entry id="91" name="path:hsa00061" type="map"
        link="http://www.kegg.jp/dbget-bin/www_bget?hsa00061">
        <graphics name="Fatty acid biosynthesis" fgcolor="#000000" bgcolor="#FFFFFF"
             type="roundrectangle" x="801" y="394" width="93" height="34"/>
    </entry>
    <entry id="92" name="undefined" type="group">
        <graphics fgcolor="#000000" bgcolor="#FFFFFF"
             type="rectangle" x="522" y="460" width="46" height="34"/>
        <component id="62"/>
        <component id="63"/>
    </entry>
    <entry id="93" name="undefined" type="group">
        <graphics fgcolor="#000000" bgcolor="#FFFFFF"
             type="rectangle" x="1021" y="142" width="46" height="51"/>
        <component id="46"/>
        <component id="47"/>
        <component id="48"/>
    </entry>
    <entry id="94" name="undefined" type="group">
        <graphics fgcolor="#000000" bgcolor="#FFFFFF"
             type="rectangle" x="1021" y="242" width="46" height="34"/>
        <component id="89"/>
        <component id="90"/>
    </entry>
    <entry id="95" name="undefined" type="group">
        <graphics fgcolor="#000000" bgcolor="#FFFFFF"
             type="rectangle" x="1021" y="294" width="46" height="34"/>
        <component id="52"/>
        <component id="54"/>
    </entry>
    <relation entry1="57" entry2="58" type="PPrel">
        <subtype name="activation" value="--&gt;"/>
    </relation>
    <relation entry1="28" entry2="29" type="PPrel">
        <subtype name="activation" value="--&gt;"/>
    </relation>
    <relation entry1="29" entry2="30" type="PPrel">
        <subtype name="activation" value="--&gt;"/>
    </relation>
    <relation entry1="30" entry2="31" type="PPrel">
        <subtype name="activation" value="--&gt;"/>
    </relation>
    <relation entry1="31" entry2="33" type="PCrel">
        <subtype name="activation" value="--&gt;"/>
    </relation>
    <relation entry1="33" entry2="32" type="PCrel">
        <subtype name="activation" value="--&gt;"/>
    </relation>
    <relation entry1="32" entry2="42" type="PPrel">
        <subtype name="activation" value="--&gt;"/>
        <subtype name="phosphorylation" value="+p"/>
    </relation>
    <relation entry1="32" entry2="84" type="PPrel">
        <subtype name="activation" value="--&gt;"/>
        <subtype name="phosphorylation" value="+p"/>
    </relation>
    <relation entry1="32" entry2="70" type="PPrel">
        <subtype name="activation" value="--&gt;"/>
        <subtype name="phosphorylation" value="+p"/>
    </relation>
    <relation entry1="32" entry2="92" type="PPrel">
        <subtype name="activation" value="--&gt;"/>
        <subtype name="phosphorylation" value="+p"/>
    </relation>
    <relation entry1="92" entry2="37" type="PPrel">
        <subtype name="activation" value="--&gt;"/>
        <subtype name="phosphorylation" value="+p"/>
    </relation>
    <relation entry1="32" entry2="45" type="PPrel">
        <subtype name="inhibition" value="--|"/>
        <subtype name="phosphorylation" value="+p"/>
    </relation>
    <relation entry1="45" entry2="44" type="PPrel">
        <subtype name="inhibition" value="--|"/>
        <subtype name="phosphorylation" value="+p"/>
    </relation>
    <relation entry1="80" entry2="78" type="PPrel">
        <subtype name="inhibition" value="--|"/>
        <subtype name="phosphorylation" value="+p"/>
    </relation>
    <relation entry1="58" entry2="33" type="PCrel">
        <subtype name="inhibition" value="--|"/>
    </relation>
    <relation entry1="77" entry2="60" type="PCrel">
        <subtype name="inhibition" value="--|"/>
    </relation>
    <relation entry1="43" entry2="44" type="PPrel">
        <subtype name="inhibition" value="--|"/>
        <subtype name="dephosphorylation" value="-p"/>
    </relation>
    <relation entry1="32" entry2="43" type="PPrel">
        <subtype name="activation" value="--&gt;"/>
        <subtype name="indirect effect" value="..&gt;"/>
    </relation>
    <relation entry1="32" entry2="80" type="PPrel">
        <subtype name="activation" value="--&gt;"/>
        <subtype name="indirect effect" value="..&gt;"/>
    </relation>
    <relation entry1="93" entry2="49" type="GErel">
        <subtype name="expression" value="--&gt;"/>
    </relation>
    <relation entry1="93" entry2="55" type="GErel">
        <subtype name="expression" value="--&gt;"/>
    </relation>
    <relation entry1="94" entry2="51" type="GErel">
        <subtype name="expression" value="--&gt;"/>
    </relation>
    <relation entry1="94" entry2="50" type="GErel">
        <subtype name="expression" value="--&gt;"/>
    </relation>
    <relation entry1="94" entry2="59" type="GErel">
        <subtype name="expression" value="--&gt;"/>
    </relation>
    <relation entry1="95" entry2="51" type="GErel">
        <subtype name="expression" value="--&gt;"/>
    </relation>
    <relation entry1="95" entry2="50" type="GErel">
        <subtype name="expression" value="--&gt;"/>
    </relation>
    <relation entry1="95" entry2="59" type="GErel">
        <subtype name="expression" value="--&gt;"/>
    </relation>
    <relation entry1="55" entry2="44" type="PPrel">
        <subtype name="inhibition" value="--|"/>
        <subtype name="phosphorylation" value="+p"/>
    </relation>
    <relation entry1="53" entry2="52" type="PPrel">
        <subtype name="activation" value="--&gt;"/>
    </relation>
    <relation entry1="68" entry2="24" type="PCrel">
        <subtype name="activation" value="--&gt;"/>
    </relation>
    <relation entry1="68" entry2="67" type="PCrel">
        <subtype name="inhibition" value="--|"/>
    </relation>
    <relation entry1="41" entry2="82" type="PCrel">
        <subtype name="activation" value="--&gt;"/>
    </relation>
    <relation entry1="82" entry2="83" type="PPrel">
        <subtype name="activation" value="--&gt;"/>
        <subtype name="phosphorylation" value="+p"/>
        <subtype name="indirect effect" value="..&gt;"/>
    </relation>
    <relation entry1="32" entry2="36" type="PPrel">
        <subtype name="inhibition" value="--|"/>
        <subtype name="phosphorylation" value="+p"/>
    </relation>
    <relation entry1="32" entry2="17" type="PPrel">
        <subtype name="inhibition" value="--|"/>
        <subtype name="phosphorylation" value="+p"/>
    </relation>
    <relation entry1="29" entry2="38" type="PPrel">
        <subtype name="activation" value="--&gt;"/>
    </relation>
    <relation entry1="38" entry2="39" type="PPrel">
        <subtype name="activation" value="--&gt;"/>
    </relation>
    <relation entry1="39" entry2="40" type="PCrel">
        <subtype name="activation" value="--&gt;"/>
    </relation>
    <relation entry1="40" entry2="84" type="PCrel">
        <subtype name="activation" value="--&gt;"/>
    </relation>
    <relation entry1="93" entry2="51" type="GErel">
        <subtype name="expression" value="--&gt;"/>
    </relation>
    <relation entry1="93" entry2="50" type="GErel">
        <subtype name="expression" value="--&gt;"/>
    </relation>
    <relation entry1="93" entry2="59" type="GErel">
        <subtype name="expression" value="--&gt;"/>
    </relation>
    <relation entry1="42" entry2="46" type="PPrel">
        <subtype name="state change" value="..."/>
    </relation>
    <relation entry1="44" entry2="47" type="PPrel">
        <subtype name="state change" value="..."/>
    </relation>
    <relation entry1="49" entry2="89" type="PPrel">
        <subtype name="state change" value="..."/>
    </relation>
    <relation entry1="49" entry2="54" type="PPrel">
        <subtype name="state change" value="..."/>
    </relation>
    <relation entry1="83" entry2="52" type="PPrel">
        <subtype name="state change" value="..."/>
    </relation>
    <relation entry1="41" entry2="66" type="PCrel">
        <subtype name="activation" value="--&gt;"/>
    </relation>
    <relation entry1="66" entry2="44" type="PPrel">
        <subtype name="activation" value="--&gt;"/>
        <subtype name="dephosphorylation" value="-p"/>
    </relation>
</pathway>
