<?xml version="1.0"?>
<!DOCTYPE pathway SYSTEM "http://www.kegg.jp/kegg/xml/KGML_v0.7.2_.dtd">
<!-- Creation date: Aug 14, 2015 09:29:38 +0900 (GMT+9) -->
<pathway name="path:hsa04920" org="hsa" number="04920"
         title="Adipocytokine signaling pathway"
         image="http://www.kegg.jp/kegg/pathway/hsa/hsa04920.png"
         link="http://www.kegg.jp/kegg-bin/show_pathway?hsa04920">
    <entry id="1" name="cpd:C00195" type="compound"
        link="http://www.kegg.jp/dbget-bin/www_bget?C00195">
        <graphics name="C00195" fgcolor="#000000" bgcolor="#FFFFFF"
             type="circle" x="639" y="212" width="8" height="8"/>
    </entry>
    <entry id="2" name="cpd:C00638" type="compound"
        link="http://www.kegg.jp/dbget-bin/www_bget?C00638">
        <graphics name="C00638" fgcolor="#000000" bgcolor="#FFFFFF"
             type="circle" x="308" y="688" width="8" height="8"/>
    </entry>
    <entry id="3" name="cpd:C15493" type="compound"
        link="http://www.kegg.jp/dbget-bin/www_bget?C15493">
        <graphics name="C15493" fgcolor="#000000" bgcolor="#FFFFFF"
             type="circle" x="224" y="758" width="8" height="8"/>
    </entry>
    <entry id="4" name="hsa:4790 hsa:5970" type="gene"
        link="http://www.kegg.jp/dbget-bin/www_bget?hsa:4790+hsa:5970">
        <graphics name="NFKB1, CVID12, EBP-1, KBF1, NF-kB1, NF-kappa-B, NF-kappaB, NFKB-p105, NFKB-p50, NFkappaB, p105, p50..." fgcolor="#000000" bgcolor="#BFFFBF"
             type="rectangle" x="391" y="247" width="46" height="17"/>
    </entry>
    <entry id="5" name="hsa:4792 hsa:4793 hsa:4794" type="gene"
        link="http://www.kegg.jp/dbget-bin/www_bget?hsa:4792+hsa:4793+hsa:4794">
        <graphics name="NFKBIA, IKBA, MAD-3, NFKBI..." fgcolor="#000000" bgcolor="#BFFFBF"
             type="rectangle" x="474" y="247" width="46" height="17"/>
    </entry>
    <entry id="6" name="hsa:5781" type="gene"
        link="http://www.kegg.jp/dbget-bin/www_bget?hsa:5781">
        <graphics name="PTPN11, BPTP3, CFC, JMML, METCDS, NS1, PTP-1D, PTP2C, SH-PTP2, SH-PTP3, SHP2" fgcolor="#000000" bgcolor="#BFFFBF"
             type="rectangle" x="225" y="534" width="46" height="17"/>
    </entry>
    <entry id="7" name="hsa:9021" type="gene"
        link="http://www.kegg.jp/dbget-bin/www_bget?hsa:9021">
        <graphics name="SOCS3, ATOD4, CIS3, Cish3, SOCS-3, SSI-3, SSI3" fgcolor="#000000" bgcolor="#BFFFBF"
             type="rectangle" x="391" y="351" width="46" height="17"/>
    </entry>
    <entry id="8" name="hsa:126129 hsa:1374 hsa:1375" type="gene"
        link="http://www.kegg.jp/dbget-bin/www_bget?hsa:126129+hsa:1374+hsa:1375">
        <graphics name="CPT1C, CATL1, CPT1-B, CPT1P, CPTI-B, CPTIC, SPG73..." fgcolor="#000000" bgcolor="#BFFFBF"
             type="rectangle" x="711" y="811" width="46" height="17"/>
    </entry>
    <entry id="9" name="hsa:2538 hsa:57818 hsa:92579" type="gene"
        link="http://www.kegg.jp/dbget-bin/www_bget?hsa:2538+hsa:57818+hsa:92579">
        <graphics name="G6PC, G6PC1, G6PT, G6Pase, GSD1, GSD1a..." fgcolor="#000000" bgcolor="#BFFFBF"
             type="rectangle" x="416" y="690" width="46" height="17"/>
    </entry>
    <entry id="10" name="hsa:5105 hsa:5106" type="gene"
        link="http://www.kegg.jp/dbget-bin/www_bget?hsa:5105+hsa:5106">
        <graphics name="PCK1, PEPCK-C, PEPCK1, PEPCKC..." fgcolor="#000000" bgcolor="#BFFFBF"
             type="rectangle" x="367" y="690" width="46" height="17"/>
    </entry>
    <entry id="11" name="hsa:2180 hsa:2181 hsa:2182 hsa:23205 hsa:23305 hsa:51703 hsa:81616" type="gene"
        link="http://www.kegg.jp/dbget-bin/www_bget?hsa:2180+hsa:2181+hsa:2182+hsa:23205+hsa:23305+hsa:51703+hsa:81616">
        <graphics name="ACSL1, ACS1, FACL1, FACL2, LACS, LACS1, LACS2..." fgcolor="#000000" bgcolor="#BFFFBF"
             type="rectangle" x="796" y="213" width="46" height="17"/>
    </entry>
    <entry id="12" name="cpd:C00165" type="compound"
        link="http://www.kegg.jp/dbget-bin/www_bget?C00165">
        <graphics name="C00165" fgcolor="#000000" bgcolor="#FFFFFF"
             type="circle" x="639" y="159" width="8" height="8"/>
    </entry>
    <entry id="13" name="cpd:C00083" type="compound"
        link="http://www.kegg.jp/dbget-bin/www_bget?C00083">
        <graphics name="C00083" fgcolor="#000000" bgcolor="#FFFFFF"
             type="circle" x="474" y="810" width="8" height="8"/>
    </entry>
    <entry id="14" name="hsa:3952" type="gene"
        link="http://www.kegg.jp/dbget-bin/www_bget?hsa:3952">
        <graphics name="LEP, LEPD, OB, OBS" fgcolor="#000000" bgcolor="#BFFFBF"
             type="rectangle" x="59" y="482" width="46" height="17"/>
    </entry>
    <entry id="15" name="cpd:C00040" type="compound"
        link="http://www.kegg.jp/dbget-bin/www_bget?C00040">
        <graphics name="C00040" fgcolor="#000000" bgcolor="#FFFFFF"
             type="circle" x="711" y="212" width="8" height="8"/>
    </entry>
    <entry id="16" name="hsa:5443" type="gene"
        link="http://www.kegg.jp/dbget-bin/www_bget?hsa:5443">
        <graphics name="POMC, ACTH, CLIP, LPH, MSH, NPP, POC" fgcolor="#000000" bgcolor="#BFFFBF"
             type="rectangle" x="557" y="482" width="46" height="17"/>
    </entry>
    <entry id="17" name="hsa:51422 hsa:53632 hsa:5562 hsa:5563 hsa:5564 hsa:5565 hsa:5571" type="gene"
        link="http://www.kegg.jp/dbget-bin/www_bget?hsa:51422+hsa:53632+hsa:5562+hsa:5563+hsa:5564+hsa:5565+hsa:5571">
        <graphics name="PRKAG2, AAKG, AAKG2, CMH6, H91620p, WPWS..." fgcolor="#000000" bgcolor="#BFFFBF"
             type="rectangle" x="474" y="516" width="46" height="17"/>
    </entry>
    <entry id="18" name="hsa:51422 hsa:53632 hsa:5562 hsa:5563 hsa:5564 hsa:5565 hsa:5571" type="gene"
        link="http://www.kegg.jp/dbget-bin/www_bget?hsa:51422+hsa:53632+hsa:5562+hsa:5563+hsa:5564+hsa:5565+hsa:5571">
        <graphics name="PRKAG2, AAKG, AAKG2, CMH6, H91620p, WPWS..." fgcolor="#000000" bgcolor="#BFFFBF"
             type="rectangle" x="308" y="811" width="46" height="17"/>
    </entry>
    <entry id="19" name="hsa:9370" type="gene"
        link="http://www.kegg.jp/dbget-bin/www_bget?hsa:9370">
        <graphics name="ADIPOQ, ACDC, ACRP30, ADIPQTL1, ADPN, APM-1, APM1, GBP28" fgcolor="#000000" bgcolor="#BFFFBF"
             type="rectangle" x="59" y="811" width="46" height="17"/>
    </entry>
    <entry id="20" name="hsa:32" type="gene"
        link="http://www.kegg.jp/dbget-bin/www_bget?hsa:32">
        <graphics name="ACACB, ACC2, ACCB, HACC275" fgcolor="#000000" bgcolor="#BFFFBF"
             type="rectangle" x="391" y="811" width="46" height="17"/>
    </entry>
    <entry id="21" name="hsa:5465" type="gene"
        link="http://www.kegg.jp/dbget-bin/www_bget?hsa:5465">
        <graphics name="PPARA, NR1C1, PPAR, PPARalpha, hPPAR" fgcolor="#000000" bgcolor="#BFFFBF"
             type="rectangle" x="308" y="742" width="46" height="17"/>
    </entry>
    <entry id="22" name="hsa:51094 hsa:79602" type="gene"
        link="http://www.kegg.jp/dbget-bin/www_bget?hsa:51094+hsa:79602">
        <graphics name="ADIPOR1, ACDCR1, CGI-45, CGI45, PAQR1, TESBP1A..." fgcolor="#000000" bgcolor="#BFFFBF"
             type="rectangle" x="142" y="811" width="46" height="17"/>
    </entry>
    <entry id="23" name="hsa:5588" type="gene"
        link="http://www.kegg.jp/dbget-bin/www_bget?hsa:5588">
        <graphics name="PRKCQ, PRKCT, nPKC-theta" fgcolor="#000000" bgcolor="#BFFFBF"
             type="rectangle" x="557" y="161" width="46" height="17"/>
    </entry>
    <entry id="24" name="hsa:3953" type="gene"
        link="http://www.kegg.jp/dbget-bin/www_bget?hsa:3953">
        <graphics name="LEPR, CD295, LEP-R, LEPRD, OB-R, OBR" fgcolor="#000000" bgcolor="#BFFFBF"
             type="rectangle" x="142" y="482" width="46" height="17"/>
    </entry>
    <entry id="25" name="hsa:10645 hsa:6794" type="gene"
        link="http://www.kegg.jp/dbget-bin/www_bget?hsa:10645+hsa:6794">
        <graphics name="CAMKK2, CAMKK, CAMKKB..." fgcolor="#000000" bgcolor="#BFFFBF"
             type="rectangle" x="225" y="811" width="46" height="17"/>
    </entry>
    <entry id="26" name="hsa:4852" type="gene"
        link="http://www.kegg.jp/dbget-bin/www_bget?hsa:4852">
        <graphics name="NPY, PYY4" fgcolor="#000000" bgcolor="#BFFFBF"
             type="rectangle" x="557" y="550" width="46" height="17"/>
    </entry>
    <entry id="27" name="hsa:6256 hsa:6257 hsa:6258" type="gene"
        link="http://www.kegg.jp/dbget-bin/www_bget?hsa:6256+hsa:6257+hsa:6258">
        <graphics name="RXRA, NR2B1..." fgcolor="#000000" bgcolor="#BFFFBF"
             type="rectangle" x="308" y="759" width="46" height="17"/>
    </entry>
    <entry id="28" name="hsa:6513 hsa:6517" type="gene"
        link="http://www.kegg.jp/dbget-bin/www_bget?hsa:6513+hsa:6517">
        <graphics name="SLC2A1, CSE, DYT17, DYT18, DYT9, EIG12, GLUT, GLUT-1, GLUT1, GLUT1DS, HTLVR, PED, SDCHCN..." fgcolor="#000000" bgcolor="#BFFFBF"
             type="rectangle" x="391" y="845" width="46" height="17"/>
    </entry>
    <entry id="29" name="hsa:1147 hsa:3551 hsa:8517" type="gene"
        link="http://www.kegg.jp/dbget-bin/www_bget?hsa:1147+hsa:3551+hsa:8517">
        <graphics name="CHUK, IKBKA, IKK-alpha, IKK1, IKKA, NFKBIKA, TCF16..." fgcolor="#000000" bgcolor="#BFFFBF"
             type="rectangle" x="474" y="195" width="46" height="17"/>
    </entry>
    <entry id="30" name="hsa:7133" type="gene"
        link="http://www.kegg.jp/dbget-bin/www_bget?hsa:7133">
        <graphics name="TNFRSF1B, CD120b, TBPII, TNF-R-II, TNF-R75, TNFBR, TNFR1B, TNFR2, TNFR80, p75, p75TNFR" fgcolor="#000000" bgcolor="#BFFFBF"
             type="rectangle" x="142" y="178" width="46" height="17"/>
    </entry>
    <entry id="31" name="hsa:181" type="gene"
        link="http://www.kegg.jp/dbget-bin/www_bget?hsa:181">
        <graphics name="AGRP, AGRT, ART, ASIP2" fgcolor="#000000" bgcolor="#BFFFBF"
             type="rectangle" x="557" y="516" width="46" height="17"/>
    </entry>
    <entry id="32" name="hsa:6774" type="gene"
        link="http://www.kegg.jp/dbget-bin/www_bget?hsa:6774">
        <graphics name="STAT3, ADMIO, ADMIO1, APRF, HIES" fgcolor="#000000" bgcolor="#BFFFBF"
             type="rectangle" x="308" y="482" width="46" height="17"/>
    </entry>
    <entry id="33" name="hsa:5599 hsa:5601 hsa:5602" type="gene"
        link="http://www.kegg.jp/dbget-bin/www_bget?hsa:5599+hsa:5601+hsa:5602">
        <graphics name="MAPK8, JNK, JNK-46, JNK1, JNK1A2, JNK21B1/2, PRKM8, SAPK1, SAPK1c..." fgcolor="#000000" bgcolor="#BFFFBF"
             type="rectangle" x="474" y="161" width="46" height="17"/>
    </entry>
    <entry id="34" name="hsa:10000 hsa:207 hsa:208" type="gene"
        link="http://www.kegg.jp/dbget-bin/www_bget?hsa:10000+hsa:207+hsa:208">
        <graphics name="AKT3, MPPH, MPPH2, PKB-GAMMA, PKBG, PRKBG, RAC-PK-gamma, RAC-gamma, STK-2..." fgcolor="#000000" bgcolor="#BFFFBF"
             type="rectangle" x="557" y="247" width="46" height="17"/>
    </entry>
    <entry id="35" name="hsa:2475" type="gene"
        link="http://www.kegg.jp/dbget-bin/www_bget?hsa:2475">
        <graphics name="MTOR, FRAP, FRAP1, FRAP2, RAFT1, RAPT1, SKS" fgcolor="#000000" bgcolor="#BFFFBF"
             type="rectangle" x="474" y="127" width="46" height="17"/>
    </entry>
    <entry id="36" name="hsa:7186" type="gene"
        link="http://www.kegg.jp/dbget-bin/www_bget?hsa:7186">
        <graphics name="TRAF2, MGC:45012, TRAP, TRAP3" fgcolor="#000000" bgcolor="#BFFFBF"
             type="rectangle" x="308" y="161" width="46" height="17"/>
    </entry>
    <entry id="37" name="hsa:3667 hsa:8471 hsa:8660" type="gene"
        link="http://www.kegg.jp/dbget-bin/www_bget?hsa:3667+hsa:8471+hsa:8660">
        <graphics name="IRS1, HIRS-1..." fgcolor="#000000" bgcolor="#BFFFBF"
             type="rectangle" x="555" y="221" width="46" height="16"/>
    </entry>
    <entry id="38" name="hsa:7132" type="gene"
        link="http://www.kegg.jp/dbget-bin/www_bget?hsa:7132">
        <graphics name="TNFRSF1A, CD120a, FPF, TBP1, TNF-R, TNF-R-I, TNF-R55, TNFAR, TNFR1, TNFR55, TNFR60, p55, p55-R, p60" fgcolor="#000000" bgcolor="#BFFFBF"
             type="rectangle" x="142" y="144" width="46" height="17"/>
    </entry>
    <entry id="39" name="hsa:948" type="gene"
        link="http://www.kegg.jp/dbget-bin/www_bget?hsa:948">
        <graphics name="CD36, BDPLT10, CHDS7, FAT, GP3B, GP4, GPIV, PASIV, SCARB3" fgcolor="#000000" bgcolor="#BFFFBF"
             type="rectangle" x="796" y="161" width="46" height="17"/>
    </entry>
    <entry id="40" name="hsa:10891" type="gene"
        link="http://www.kegg.jp/dbget-bin/www_bget?hsa:10891">
        <graphics name="PPARGC1A, LEM6, PGC-1(alpha), PGC-1alpha, PGC-1v, PGC1, PGC1A, PPARGC1" fgcolor="#000000" bgcolor="#BFFFBF"
             type="rectangle" x="391" y="534" width="46" height="17"/>
    </entry>
    <entry id="41" name="hsa:8717" type="gene"
        link="http://www.kegg.jp/dbget-bin/www_bget?hsa:8717">
        <graphics name="TRADD, Hs.89862" fgcolor="#000000" bgcolor="#BFFFBF"
             type="rectangle" x="225" y="144" width="46" height="17"/>
    </entry>
    <entry id="42" name="hsa:3717" type="gene"
        link="http://www.kegg.jp/dbget-bin/www_bget?hsa:3717">
        <graphics name="JAK2, JTK10, THCYT3" fgcolor="#000000" bgcolor="#BFFFBF"
             type="rectangle" x="225" y="482" width="46" height="17"/>
    </entry>
    <entry id="43" name="cpd:C00162" type="compound"
        link="http://www.kegg.jp/dbget-bin/www_bget?C00162">
        <graphics name="C00162" fgcolor="#000000" bgcolor="#FFFFFF"
             type="circle" x="796" y="113" width="8" height="8"/>
    </entry>
    <entry id="44" name="hsa:7124" type="gene"
        link="http://www.kegg.jp/dbget-bin/www_bget?hsa:7124">
        <graphics name="TNF, DIF, TNF-alpha, TNFA, TNFSF2, TNLG1F" fgcolor="#000000" bgcolor="#BFFFBF"
             type="rectangle" x="59" y="161" width="46" height="17"/>
    </entry>
    <entry id="45" name="path:hsa04920" type="map"
        link="http://www.kegg.jp/dbget-bin/www_bget?hsa04920">
        <graphics name="TITLE:Adipocytokine signaling pathway" fgcolor="#000000" bgcolor="#FFFFFF"
             type="roundrectangle" x="185" y="58" width="290" height="25"/>
    </entry>
    <entry id="46" name="path:hsa04910" type="map"
        link="http://www.kegg.jp/dbget-bin/www_bget?hsa04910">
        <graphics name="Insulin signaling pathway" fgcolor="#000000" bgcolor="#FFFFFF"
             type="roundrectangle" x="624" y="322" width="141" height="25"/>
    </entry>
    <entry id="47" name="path:hsa04010" type="map"
        link="http://www.kegg.jp/dbget-bin/www_bget?hsa04010">
        <graphics name="MAPK signaling pathway" fgcolor="#000000" bgcolor="#FFFFFF"
             type="roundrectangle" x="229" y="633" width="105" height="34"/>
    </entry>
    <relation entry1="44" entry2="38" type="PPrel">
        <subtype name="activation" value="--&gt;"/>
    </relation>
    <relation entry1="44" entry2="30" type="PPrel">
        <subtype name="activation" value="--&gt;"/>
    </relation>
    <relation entry1="38" entry2="41" type="PPrel">
        <subtype name="activation" value="--&gt;"/>
    </relation>
    <relation entry1="30" entry2="36" type="PPrel">
        <subtype name="activation" value="--&gt;"/>
    </relation>
    <relation entry1="23" entry2="29" type="PPrel">
        <subtype name="activation" value="--&gt;"/>
    </relation>
    <relation entry1="29" entry2="5" type="PPrel">
        <subtype name="activation" value="--&gt;"/>
        <subtype name="phosphorylation" value="+p"/>
    </relation>
    <relation entry1="4" entry2="5" type="PPrel">
        <subtype name="dissociation" value="-+-"/>
    </relation>
    <relation entry1="33" entry2="37" type="PPrel">
        <subtype name="inhibition" value="--|"/>
        <subtype name="phosphorylation" value="+p"/>
    </relation>
    <relation entry1="29" entry2="37" type="PPrel">
        <subtype name="inhibition" value="--|"/>
        <subtype name="phosphorylation" value="+p"/>
    </relation>
    <relation entry1="7" entry2="37" type="PPrel">
        <subtype name="inhibition" value="--|"/>
    </relation>
    <relation entry1="7" entry2="24" type="PPrel">
        <subtype name="inhibition" value="--|"/>
    </relation>
    <relation entry1="7" entry2="42" type="PPrel">
        <subtype name="inhibition" value="--|"/>
    </relation>
    <relation entry1="14" entry2="24" type="PPrel">
        <subtype name="activation" value="--&gt;"/>
    </relation>
    <relation entry1="24" entry2="42" type="PPrel">
        <subtype name="activation" value="--&gt;"/>
    </relation>
    <relation entry1="42" entry2="32" type="PPrel">
        <subtype name="activation" value="--&gt;"/>
        <subtype name="phosphorylation" value="+p"/>
    </relation>
    <relation entry1="42" entry2="6" type="PPrel">
        <subtype name="activation" value="--&gt;"/>
        <subtype name="phosphorylation" value="+p"/>
    </relation>
    <relation entry1="17" entry2="31" type="PPrel">
        <subtype name="indirect effect" value="..&gt;"/>
    </relation>
    <relation entry1="17" entry2="26" type="PPrel">
        <subtype name="indirect effect" value="..&gt;"/>
    </relation>
    <relation entry1="19" entry2="22" type="PPrel">
        <subtype name="activation" value="--&gt;"/>
    </relation>
    <relation entry1="18" entry2="28" type="PPrel">
        <subtype name="activation" value="--&gt;"/>
        <subtype name="indirect effect" value="..&gt;"/>
    </relation>
    <relation entry1="18" entry2="10" type="PPrel">
        <subtype name="inhibition" value="--|"/>
        <subtype name="indirect effect" value="..&gt;"/>
    </relation>
    <relation entry1="18" entry2="9" type="PPrel">
        <subtype name="inhibition" value="--|"/>
        <subtype name="indirect effect" value="..&gt;"/>
    </relation>
    <relation entry1="22" entry2="21" type="PPrel">
        <subtype name="activation" value="--&gt;"/>
        <subtype name="indirect effect" value="..&gt;"/>
    </relation>
    <relation entry1="24" entry2="21" type="PPrel">
        <subtype name="activation" value="--&gt;"/>
        <subtype name="indirect effect" value="..&gt;"/>
    </relation>
    <relation entry1="18" entry2="20" type="PPrel">
        <subtype name="inhibition" value="--|"/>
        <subtype name="phosphorylation" value="+p"/>
    </relation>
    <relation entry1="4" entry2="7" type="GErel">
        <subtype name="expression" value="--&gt;"/>
    </relation>
    <relation entry1="32" entry2="7" type="GErel">
        <subtype name="expression" value="--&gt;"/>
    </relation>
    <relation entry1="32" entry2="16" type="PPrel">
        <subtype name="activation" value="--&gt;"/>
        <subtype name="indirect effect" value="..&gt;"/>
    </relation>
    <relation entry1="32" entry2="8" type="GErel">
        <subtype name="expression" value="--&gt;"/>
    </relation>
    <relation entry1="32" entry2="17" type="PPrel">
        <subtype name="inhibition" value="--|"/>
        <subtype name="indirect effect" value="..&gt;"/>
    </relation>
    <relation entry1="32" entry2="40" type="GErel">
        <subtype name="repression" value="--|"/>
    </relation>
    <relation entry1="21" entry2="8" type="GErel">
        <subtype name="expression" value="--&gt;"/>
    </relation>
    <relation entry1="20" entry2="8" type="PPrel">
        <subtype name="compound" value="13"/>
    </relation>
    <relation entry1="39" entry2="43" type="PCrel">
    </relation>
    <relation entry1="11" entry2="43" type="PCrel">
    </relation>
    <relation entry1="34" entry2="1" type="PCrel">
    </relation>
    <relation entry1="27" entry2="3" type="PCrel">
    </relation>
    <relation entry1="21" entry2="2" type="PCrel">
    </relation>
    <relation entry1="23" entry2="12" type="PCrel">
    </relation>
    <relation entry1="41" entry2="36" type="PPrel">
        <subtype name="activation" value="--&gt;"/>
    </relation>
    <relation entry1="36" entry2="35" type="PPrel">
        <subtype name="activation" value="--&gt;"/>
        <subtype name="indirect effect" value="..&gt;"/>
    </relation>
    <relation entry1="36" entry2="33" type="PPrel">
        <subtype name="activation" value="--&gt;"/>
        <subtype name="indirect effect" value="..&gt;"/>
    </relation>
    <relation entry1="36" entry2="29" type="PPrel">
        <subtype name="activation" value="--&gt;"/>
        <subtype name="indirect effect" value="..&gt;"/>
    </relation>
    <relation entry1="22" entry2="25" type="PPrel">
        <subtype name="indirect effect" value="..&gt;"/>
    </relation>
    <relation entry1="25" entry2="18" type="PPrel">
        <subtype name="phosphorylation" value="+p"/>
    </relation>
    <relation entry1="35" entry2="37" type="PPrel">
        <subtype name="inhibition" value="--|"/>
    </relation>
    <relation entry1="23" entry2="33" type="PPrel">
        <subtype name="activation" value="--&gt;"/>
    </relation>
    <relation entry1="24" entry2="25" type="PPrel">
        <subtype name="activation" value="--&gt;"/>
        <subtype name="indirect effect" value="..&gt;"/>
    </relation>
    <relation entry1="8" entry2="11" type="PPrel">
        <subtype name="compound" value="15"/>
    </relation>
</pathway>
