<?xml version="1.0"?>
<!DOCTYPE pathway SYSTEM "http://www.kegg.jp/kegg/xml/KGML_v0.7.2_.dtd">
<!-- Creation date: Mar 22, 2017 11:50:02 +0900 (GMT+9) -->
<pathway name="path:hsa04978" org="hsa" number="04978"
         title="Mineral absorption"
         image="http://www.kegg.jp/kegg/pathway/hsa/hsa04978.png"
         link="http://www.kegg.jp/kegg-bin/show_pathway?hsa04978">
    <entry id="1" name="path:hsa04978" type="map"
        link="http://www.kegg.jp/dbget-bin/www_bget?hsa04978">
        <graphics name="TITLE:Mineral absorption" fgcolor="#000000" bgcolor="#FFFFFF"
             type="roundrectangle" x="136" y="58" width="192" height="25"/>
    </entry>
    <entry id="2" name="path:hsa04530" type="map"
        link="http://www.kegg.jp/dbget-bin/www_bget?hsa04530">
        <graphics name="Tight junction" fgcolor="#000000" bgcolor="#FFFFFF"
             type="roundrectangle" x="375" y="118" width="115" height="25"/>
    </entry>
    <entry id="3" name="cpd:C00076" type="compound"
        link="http://www.kegg.jp/dbget-bin/www_bget?C00076">
        <graphics name="C00076" fgcolor="#000000" bgcolor="#FFFFFF"
             type="circle" x="660" y="426" width="8" height="8"/>
    </entry>
    <entry id="4" name="cpd:C00076" type="compound"
        link="http://www.kegg.jp/dbget-bin/www_bget?C00076">
        <graphics name="C00076" fgcolor="#000000" bgcolor="#FFFFFF"
             type="circle" x="452" y="422" width="8" height="8"/>
    </entry>
    <entry id="5" name="hsa:795" type="gene"
        link="http://www.kegg.jp/dbget-bin/www_bget?hsa:795">
        <graphics name="S100G, CABP, CABP1, CABP9K, CALB3" fgcolor="#000000" bgcolor="#BFFFBF"
             type="rectangle" x="609" y="426" width="46" height="17"/>
    </entry>
    <entry id="6" name="hsa:795" type="gene"
        link="http://www.kegg.jp/dbget-bin/www_bget?hsa:795">
        <graphics name="S100G, CABP, CABP1, CABP9K, CALB3" fgcolor="#000000" bgcolor="#BFFFBF"
             type="rectangle" x="499" y="424" width="46" height="17"/>
    </entry>
    <entry id="7" name="hsa:795" type="gene"
        link="http://www.kegg.jp/dbget-bin/www_bget?hsa:795">
        <graphics name="S100G, CABP, CABP1, CABP9K, CALB3" fgcolor="#000000" bgcolor="#BFFFBF"
             type="rectangle" x="552" y="384" width="46" height="17"/>
    </entry>
    <entry id="8" name="cpd:C00076" type="compound"
        link="http://www.kegg.jp/dbget-bin/www_bget?C00076">
        <graphics name="C00076" fgcolor="#000000" bgcolor="#FFFFFF"
             type="circle" x="883" y="453" width="8" height="8"/>
    </entry>
    <entry id="9" name="cpd:C01330" type="compound"
        link="http://www.kegg.jp/dbget-bin/www_bget?C01330">
        <graphics name="C01330" fgcolor="#000000" bgcolor="#FFFFFF"
             type="circle" x="767" y="397" width="8" height="8"/>
    </entry>
    <entry id="10" name="cpd:C00076" type="compound"
        link="http://www.kegg.jp/dbget-bin/www_bget?C00076">
        <graphics name="C00076" fgcolor="#000000" bgcolor="#FFFFFF"
             type="circle" x="884" y="403" width="8" height="8"/>
    </entry>
    <entry id="11" name="hsa:490" type="gene"
        link="http://www.kegg.jp/dbget-bin/www_bget?hsa:490">
        <graphics name="ATP2B1, PMCA1, PMCA1kb" fgcolor="#000000" bgcolor="#BFFFBF"
             type="rectangle" x="821" y="454" width="46" height="17"/>
    </entry>
    <entry id="12" name="hsa:6546" type="gene"
        link="http://www.kegg.jp/dbget-bin/www_bget?hsa:6546">
        <graphics name="SLC8A1, NCX1" fgcolor="#000000" bgcolor="#BFFFBF"
             type="rectangle" x="821" y="401" width="46" height="17"/>
    </entry>
    <entry id="13" name="cpd:C00076" type="compound"
        link="http://www.kegg.jp/dbget-bin/www_bget?C00076">
        <graphics name="C00076" fgcolor="#000000" bgcolor="#FFFFFF"
             type="circle" x="241" y="328" width="8" height="8"/>
    </entry>
    <entry id="14" name="cpd:C01673" type="compound"
        link="http://www.kegg.jp/dbget-bin/www_bget?C01673">
        <graphics name="C01673" fgcolor="#000000" bgcolor="#FFFFFF"
             type="circle" x="668" y="265" width="8" height="8"/>
    </entry>
    <entry id="15" name="hsa:7421" type="gene"
        link="http://www.kegg.jp/dbget-bin/www_bget?hsa:7421">
        <graphics name="VDR, NR1I1, PPP1R163" fgcolor="#000000" bgcolor="#BFFFBF"
             type="rectangle" x="668" y="291" width="46" height="17"/>
    </entry>
    <entry id="16" name="hsa:55503" type="gene"
        link="http://www.kegg.jp/dbget-bin/www_bget?hsa:55503">
        <graphics name="TRPV6, ABP/ZF, CAT1, CATL, ECAC2, HSA277909, LP6728, ZFAB" fgcolor="#000000" bgcolor="#BFFFBF"
             type="rectangle" x="497" y="314" width="46" height="17"/>
    </entry>
    <entry id="17" name="hsa:55503" type="gene"
        link="http://www.kegg.jp/dbget-bin/www_bget?hsa:55503">
        <graphics name="TRPV6, ABP/ZF, CAT1, CATL, ECAC2, HSA277909, LP6728, ZFAB" fgcolor="#000000" bgcolor="#BFFFBF"
             type="rectangle" x="308" y="329" width="46" height="17"/>
    </entry>
    <entry id="18" name="cpd:C01673" type="compound"
        link="http://www.kegg.jp/dbget-bin/www_bget?C01673">
        <graphics name="C01673" fgcolor="#000000" bgcolor="#FFFFFF"
             type="circle" x="668" y="197" width="8" height="8"/>
    </entry>
    <entry id="19" name="cpd:C00009" type="compound"
        link="http://www.kegg.jp/dbget-bin/www_bget?C00009">
        <graphics name="C00009" fgcolor="#000000" bgcolor="#FFFFFF"
             type="circle" x="189" y="179" width="8" height="8"/>
    </entry>
    <entry id="20" name="hsa:113235" type="gene"
        link="http://www.kegg.jp/dbget-bin/www_bget?hsa:113235">
        <graphics name="SLC46A1, G21, HCP1, PCFT" fgcolor="#000000" bgcolor="#BFFFBF"
             type="rectangle" x="313" y="575" width="46" height="17"/>
    </entry>
    <entry id="21" name="hsa:79901" type="gene"
        link="http://www.kegg.jp/dbget-bin/www_bget?hsa:79901">
        <graphics name="CYBRD1, CYB561A2, DCYTB, FRRS3" fgcolor="#000000" bgcolor="#BFFFBF"
             type="rectangle" x="222" y="624" width="46" height="17"/>
    </entry>
    <entry id="22" name="hsa:4891" type="gene"
        link="http://www.kegg.jp/dbget-bin/www_bget?hsa:4891">
        <graphics name="SLC11A2, AHMIO1, DCT1, DMT1, NRAMP2" fgcolor="#000000" bgcolor="#BFFFBF"
             type="rectangle" x="222" y="648" width="46" height="17"/>
    </entry>
    <entry id="23" name="hsa:30061" type="gene"
        link="http://www.kegg.jp/dbget-bin/www_bget?hsa:30061">
        <graphics name="SLC40A1, FPN1, HFE4, IREG1, MST079, MSTP079, MTP1, SLC11A3" fgcolor="#000000" bgcolor="#BFFFBF"
             type="rectangle" x="821" y="601" width="46" height="17"/>
    </entry>
    <entry id="24" name="cpd:C00032" type="compound"
        link="http://www.kegg.jp/dbget-bin/www_bget?C00032">
        <graphics name="C00032" fgcolor="#000000" bgcolor="#FFFFFF"
             type="circle" x="259" y="572" width="8" height="8"/>
    </entry>
    <entry id="25" name="cpd:C14819" type="compound"
        link="http://www.kegg.jp/dbget-bin/www_bget?C14819">
        <graphics name="C14819" fgcolor="#000000" bgcolor="#FFFFFF"
             type="circle" x="153" y="593" width="8" height="8"/>
    </entry>
    <entry id="26" name="cpd:C14818" type="compound"
        link="http://www.kegg.jp/dbget-bin/www_bget?C14818">
        <graphics name="C14818" fgcolor="#000000" bgcolor="#FFFFFF"
             type="circle" x="159" y="646" width="8" height="8"/>
    </entry>
    <entry id="27" name="cpd:C14818" type="compound"
        link="http://www.kegg.jp/dbget-bin/www_bget?C14818">
        <graphics name="C14818" fgcolor="#000000" bgcolor="#FFFFFF"
             type="circle" x="769" y="600" width="8" height="8"/>
    </entry>
    <entry id="28" name="hsa:2495 hsa:2512" type="gene"
        link="http://www.kegg.jp/dbget-bin/www_bget?hsa:2495+hsa:2512">
        <graphics name="FTH1, FHC, FTH, FTHL6, HFE5, PIG15, PLIF..." fgcolor="#000000" bgcolor="#BFFFBF"
             type="rectangle" x="643" y="653" width="46" height="17"/>
    </entry>
    <entry id="29" name="cpd:C14818" type="compound"
        link="http://www.kegg.jp/dbget-bin/www_bget?C14818">
        <graphics name="C14818" fgcolor="#000000" bgcolor="#FFFFFF"
             type="circle" x="436" y="574" width="8" height="8"/>
    </entry>
    <entry id="30" name="hsa:3162 hsa:3163" type="gene"
        link="http://www.kegg.jp/dbget-bin/www_bget?hsa:3162+hsa:3163">
        <graphics name="HMOX1, HMOX1D, HO-1, HSP32, bK286B10..." fgcolor="#000000" bgcolor="#BFFFBF"
             type="rectangle" x="393" y="592" width="46" height="17"/>
    </entry>
    <entry id="31" name="hsa:9843" type="gene"
        link="http://www.kegg.jp/dbget-bin/www_bget?hsa:9843">
        <graphics name="HEPH, CPL" fgcolor="#000000" bgcolor="#BFFFBF"
             type="rectangle" x="821" y="634" width="46" height="17"/>
    </entry>
    <entry id="32" name="cpd:C14819" type="compound"
        link="http://www.kegg.jp/dbget-bin/www_bget?C14819">
        <graphics name="C14819" fgcolor="#000000" bgcolor="#FFFFFF"
             type="circle" x="887" y="658" width="8" height="8"/>
    </entry>
    <entry id="33" name="hsa:7018" type="gene"
        link="http://www.kegg.jp/dbget-bin/www_bget?hsa:7018">
        <graphics name="TF, HEL-S-71p, PRO1557, PRO2086, TFQTL1" fgcolor="#000000" bgcolor="#BFFFBF"
             type="rectangle" x="940" y="659" width="46" height="17"/>
    </entry>
    <entry id="34" name="hsa:55630" type="gene"
        link="http://www.kegg.jp/dbget-bin/www_bget?hsa:55630">
        <graphics name="SLC39A4, AEZ, AWMS2, ZIP4" fgcolor="#000000" bgcolor="#BFFFBF"
             type="rectangle" x="306" y="690" width="46" height="17"/>
    </entry>
    <entry id="35" name="hsa:1317" type="gene"
        link="http://www.kegg.jp/dbget-bin/www_bget?hsa:1317">
        <graphics name="SLC31A1, COPT1, CTR1" fgcolor="#000000" bgcolor="#BFFFBF"
             type="rectangle" x="222" y="759" width="46" height="17"/>
    </entry>
    <entry id="36" name="hsa:7779" type="gene"
        link="http://www.kegg.jp/dbget-bin/www_bget?hsa:7779">
        <graphics name="SLC30A1, ZNT1, ZRC1" fgcolor="#000000" bgcolor="#BFFFBF"
             type="rectangle" x="821" y="689" width="46" height="17"/>
    </entry>
    <entry id="37" name="cpd:C00038" type="compound"
        link="http://www.kegg.jp/dbget-bin/www_bget?C00038">
        <graphics name="C00038" fgcolor="#000000" bgcolor="#FFFFFF"
             type="circle" x="251" y="689" width="8" height="8"/>
    </entry>
    <entry id="38" name="cpd:C00070" type="compound"
        link="http://www.kegg.jp/dbget-bin/www_bget?C00070">
        <graphics name="C00070" fgcolor="#000000" bgcolor="#FFFFFF"
             type="circle" x="162" y="757" width="8" height="8"/>
    </entry>
    <entry id="39" name="cpd:C00038" type="compound"
        link="http://www.kegg.jp/dbget-bin/www_bget?C00038">
        <graphics name="C00038" fgcolor="#000000" bgcolor="#FFFFFF"
             type="circle" x="889" y="690" width="8" height="8"/>
    </entry>
    <entry id="40" name="hsa:538" type="gene"
        link="http://www.kegg.jp/dbget-bin/www_bget?hsa:538">
        <graphics name="ATP7A, DSMAX, MK, MNK, SMAX3" fgcolor="#000000" bgcolor="#BFFFBF"
             type="rectangle" x="643" y="733" width="46" height="17"/>
    </entry>
    <entry id="41" name="hsa:4489 hsa:4490 hsa:4493 hsa:4494 hsa:4495 hsa:4496 hsa:4499 hsa:4501 hsa:4502 hsa:645745" type="gene"
        link="http://www.kegg.jp/dbget-bin/www_bget?hsa:4489+hsa:4490+hsa:4493+hsa:4494+hsa:4495+hsa:4496+hsa:4499+hsa:4501+hsa:4502+hsa:645745">
        <graphics name="MT1A, MT1, MT1S, MTC..." fgcolor="#000000" bgcolor="#BFFFBF"
             type="rectangle" x="458" y="724" width="46" height="17"/>
    </entry>
    <entry id="42" name="cpd:C00038" type="compound"
        link="http://www.kegg.jp/dbget-bin/www_bget?C00038">
        <graphics name="C00038" fgcolor="#000000" bgcolor="#FFFFFF"
             type="circle" x="503" y="723" width="8" height="8"/>
    </entry>
    <entry id="43" name="cpd:C00070" type="compound"
        link="http://www.kegg.jp/dbget-bin/www_bget?C00070">
        <graphics name="C00070" fgcolor="#000000" bgcolor="#FFFFFF"
             type="circle" x="414" y="723" width="8" height="8"/>
    </entry>
    <entry id="44" name="cpd:C00070" type="compound"
        link="http://www.kegg.jp/dbget-bin/www_bget?C00070">
        <graphics name="C00070" fgcolor="#000000" bgcolor="#FFFFFF"
             type="circle" x="598" y="733" width="8" height="8"/>
    </entry>
    <entry id="45" name="hsa:261729 hsa:26872" type="gene"
        link="http://www.kegg.jp/dbget-bin/www_bget?hsa:261729+hsa:26872">
        <graphics name="STEAP2, IPCA1, PCANAP1, PUMPCn, STAMP1, STMP..." fgcolor="#000000" bgcolor="#BFFFBF"
             type="rectangle" x="222" y="783" width="46" height="17"/>
    </entry>
    <entry id="46" name="cpd:C00070" type="compound"
        link="http://www.kegg.jp/dbget-bin/www_bget?C00070">
        <graphics name="C00070" fgcolor="#000000" bgcolor="#FFFFFF"
             type="circle" x="167" y="802" width="8" height="8"/>
    </entry>
    <entry id="47" name="cpd:C00070" type="compound"
        link="http://www.kegg.jp/dbget-bin/www_bget?C00070">
        <graphics name="C00070" fgcolor="#000000" bgcolor="#FFFFFF"
             type="circle" x="779" y="733" width="8" height="8"/>
    </entry>
    <entry id="48" name="hsa:475" type="gene"
        link="http://www.kegg.jp/dbget-bin/www_bget?hsa:475">
        <graphics name="ATOX1, ATX1, HAH1" fgcolor="#000000" bgcolor="#BFFFBF"
             type="rectangle" x="440" y="774" width="46" height="17"/>
    </entry>
    <entry id="49" name="cpd:C00070" type="compound"
        link="http://www.kegg.jp/dbget-bin/www_bget?C00070">
        <graphics name="C00070" fgcolor="#000000" bgcolor="#FFFFFF"
             type="circle" x="399" y="773" width="8" height="8"/>
    </entry>
    <entry id="50" name="hsa:65010" type="gene"
        link="http://www.kegg.jp/dbget-bin/www_bget?hsa:65010">
        <graphics name="SLC26A6" fgcolor="#000000" bgcolor="#BFFFBF"
             type="rectangle" x="222" y="392" width="46" height="17"/>
    </entry>
    <entry id="51" name="hsa:6550" type="gene"
        link="http://www.kegg.jp/dbget-bin/www_bget?hsa:6550">
        <graphics name="SLC9A3, DIAR8, NHE-3, NHE3" fgcolor="#000000" bgcolor="#BFFFBF"
             type="rectangle" x="308" y="454" width="46" height="17"/>
    </entry>
    <entry id="52" name="hsa:23439 hsa:476 hsa:477 hsa:478 hsa:480 hsa:481 hsa:482 hsa:483 hsa:486" type="gene"
        link="http://www.kegg.jp/dbget-bin/www_bget?hsa:23439+hsa:476+hsa:477+hsa:478+hsa:480+hsa:481+hsa:482+hsa:483+hsa:486">
        <graphics name="ATP1B4..." fgcolor="#000000" bgcolor="#BFFFBF"
             type="rectangle" x="821" y="516" width="46" height="17"/>
    </entry>
    <entry id="53" name="cpd:C01330" type="compound"
        link="http://www.kegg.jp/dbget-bin/www_bget?C01330">
        <graphics name="C01330" fgcolor="#000000" bgcolor="#FFFFFF"
             type="circle" x="233" y="457" width="8" height="8"/>
    </entry>
    <entry id="54" name="cpd:C00080" type="compound"
        link="http://www.kegg.jp/dbget-bin/www_bget?C00080">
        <graphics name="C00080" fgcolor="#000000" bgcolor="#FFFFFF"
             type="circle" x="352" y="449" width="8" height="8"/>
    </entry>
    <entry id="55" name="cpd:C00698" type="compound"
        link="http://www.kegg.jp/dbget-bin/www_bget?C00698">
        <graphics name="C00698" fgcolor="#000000" bgcolor="#FFFFFF"
             type="circle" x="161" y="394" width="8" height="8"/>
    </entry>
    <entry id="56" name="cpd:C00288" type="compound"
        link="http://www.kegg.jp/dbget-bin/www_bget?C00288">
        <graphics name="C00288" fgcolor="#000000" bgcolor="#FFFFFF"
             type="circle" x="290" y="388" width="8" height="8"/>
    </entry>
    <entry id="57" name="hsa:1811" type="gene"
        link="http://www.kegg.jp/dbget-bin/www_bget?hsa:1811">
        <graphics name="SLC26A3, CLD, DRA" fgcolor="#000000" bgcolor="#BFFFBF"
             type="rectangle" x="222" y="370" width="46" height="17"/>
    </entry>
    <entry id="58" name="cpd:C00698" type="compound"
        link="http://www.kegg.jp/dbget-bin/www_bget?C00698">
        <graphics name="C00698" fgcolor="#000000" bgcolor="#FFFFFF"
             type="circle" x="163" y="373" width="8" height="8"/>
    </entry>
    <entry id="59" name="cpd:C00288" type="compound"
        link="http://www.kegg.jp/dbget-bin/www_bget?C00288">
        <graphics name="C00288" fgcolor="#000000" bgcolor="#FFFFFF"
             type="circle" x="288" y="365" width="8" height="8"/>
    </entry>
    <entry id="60" name="cpd:C01330" type="compound"
        link="http://www.kegg.jp/dbget-bin/www_bget?C01330">
        <graphics name="C01330" fgcolor="#000000" bgcolor="#FFFFFF"
             type="circle" x="886" y="517" width="8" height="8"/>
    </entry>
    <entry id="61" name="cpd:C00238" type="compound"
        link="http://www.kegg.jp/dbget-bin/www_bget?C00238">
        <graphics name="C00238" fgcolor="#000000" bgcolor="#FFFFFF"
             type="circle" x="772" y="511" width="8" height="8"/>
    </entry>
    <entry id="62" name="cpd:C00238" type="compound"
        link="http://www.kegg.jp/dbget-bin/www_bget?C00238">
        <graphics name="C00238" fgcolor="#000000" bgcolor="#FFFFFF"
             type="circle" x="193" y="837" width="8" height="8"/>
    </entry>
    <entry id="63" name="cpd:C14818" type="compound"
        link="http://www.kegg.jp/dbget-bin/www_bget?C14818">
        <graphics name="C14818" fgcolor="#000000" bgcolor="#FFFFFF"
             type="circle" x="886" y="602" width="8" height="8"/>
    </entry>
    <entry id="64" name="hsa:6523" type="gene"
        link="http://www.kegg.jp/dbget-bin/www_bget?hsa:6523">
        <graphics name="SLC5A1, D22S675, NAGT, SGLT1" fgcolor="#000000" bgcolor="#BFFFBF"
             type="rectangle" x="222" y="498" width="46" height="17"/>
    </entry>
    <entry id="65" name="hsa:340024" type="gene"
        link="http://www.kegg.jp/dbget-bin/www_bget?hsa:340024">
        <graphics name="SLC6A19, B0AT1, HND" fgcolor="#000000" bgcolor="#BFFFBF"
             type="rectangle" x="222" y="519" width="46" height="17"/>
    </entry>
    <entry id="66" name="cpd:C01330" type="compound"
        link="http://www.kegg.jp/dbget-bin/www_bget?C01330">
        <graphics name="C01330" fgcolor="#000000" bgcolor="#FFFFFF"
             type="circle" x="139" y="503" width="8" height="8"/>
    </entry>
    <entry id="67" name="cpd:C00124 cpd:C00031" type="compound"
        link="http://www.kegg.jp/dbget-bin/www_bget?C00124+C00031">
        <graphics name="C00124..." fgcolor="#000000" bgcolor="#FFFFFF"
             type="circle" x="175" y="493" width="8" height="8"/>
    </entry>
    <entry id="68" name="cpd:C00037 cpd:C00041 cpd:C00183 cpd:C00123 cpd:C00073 cpd:C00407 cpd:C00148 cpd:C00079 cpd:C00078 cpd:C00065 cpd:C00188 cpd:C00152 cpd:C00064" type="compound"
        link="http://www.kegg.jp/dbget-bin/www_bget?C00037+C00041+C00183+C00123+C00073+C00407+C00148+C00079+C00078+C00065+C00188+C00152+C00064">
        <graphics name="C00037..." fgcolor="#000000" bgcolor="#FFFFFF"
             type="circle" x="176" y="513" width="8" height="8"/>
    </entry>
    <entry id="69" name="cpd:C01330" type="compound"
        link="http://www.kegg.jp/dbget-bin/www_bget?C01330">
        <graphics name="C01330" fgcolor="#000000" bgcolor="#FFFFFF"
             type="circle" x="138" y="519" width="8" height="8"/>
    </entry>
    <entry id="70" name="path:hsa04973" type="map"
        link="http://www.kegg.jp/dbget-bin/www_bget?hsa04973">
        <graphics name="Carbohydrate digestion and absorption" fgcolor="#000000" bgcolor="#FFFFFF"
             type="roundrectangle" x="538" y="542" width="130" height="34"/>
    </entry>
    <entry id="71" name="path:hsa04974" type="map"
        link="http://www.kegg.jp/dbget-bin/www_bget?hsa04974">
        <graphics name="Protein digestion and absorption" fgcolor="#000000" bgcolor="#FFFFFF"
             type="roundrectangle" x="675" y="542" width="130" height="34"/>
    </entry>
    <entry id="72" name="path:hsa00860" type="map"
        link="http://www.kegg.jp/dbget-bin/www_bget?hsa00860">
        <graphics name="Porphyrin and chlorophyll metabolism" fgcolor="#000000" bgcolor="#FFFFFF"
             type="roundrectangle" x="499" y="646" width="130" height="34"/>
    </entry>
    <entry id="73" name="cpd:C14818" type="compound"
        link="http://www.kegg.jp/dbget-bin/www_bget?C14818">
        <graphics name="C14818" fgcolor="#000000" bgcolor="#FFFFFF"
             type="circle" x="587" y="631" width="8" height="8"/>
    </entry>
    <entry id="74" name="cpd:C14819" type="compound"
        link="http://www.kegg.jp/dbget-bin/www_bget?C14819">
        <graphics name="C14819" fgcolor="#000000" bgcolor="#FFFFFF"
             type="circle" x="580" y="670" width="8" height="8"/>
    </entry>
    <entry id="75" name="hsa:140803 hsa:54822" type="gene"
        link="http://www.kegg.jp/dbget-bin/www_bget?hsa:140803+hsa:54822">
        <graphics name="TRPM6, CHAK2, HMGX, HOMG, HOMG1, HSH..." fgcolor="#000000" bgcolor="#BFFFBF"
             type="rectangle" x="308" y="307" width="46" height="17"/>
    </entry>
    <entry id="76" name="cpd:C00305" type="compound"
        link="http://www.kegg.jp/dbget-bin/www_bget?C00305">
        <graphics name="C00305" fgcolor="#000000" bgcolor="#FFFFFF"
             type="circle" x="232" y="304" width="8" height="8"/>
    </entry>
    <entry id="77" name="cpd:C00076" type="compound"
        link="http://www.kegg.jp/dbget-bin/www_bget?C00076">
        <graphics name="C00076" fgcolor="#000000" bgcolor="#FFFFFF"
             type="circle" x="190" y="190" width="8" height="8"/>
    </entry>
    <entry id="78" name="cpd:C00305" type="compound"
        link="http://www.kegg.jp/dbget-bin/www_bget?C00305">
        <graphics name="C00305" fgcolor="#000000" bgcolor="#FFFFFF"
             type="circle" x="878" y="333" width="8" height="8"/>
    </entry>
    <entry id="79" name="cpd:C01330" type="compound"
        link="http://www.kegg.jp/dbget-bin/www_bget?C01330">
        <graphics name="C01330" fgcolor="#000000" bgcolor="#FFFFFF"
             type="circle" x="763" y="342" width="8" height="8"/>
    </entry>
    <entry id="80" name="hsa:10568" type="gene"
        link="http://www.kegg.jp/dbget-bin/www_bget?hsa:10568">
        <graphics name="SLC34A2, NAPI-3B, NAPI-IIb, NPTIIb" fgcolor="#000000" bgcolor="#BFFFBF"
             type="rectangle" x="222" y="246" width="46" height="17"/>
    </entry>
    <entry id="81" name="cpd:C00009" type="compound"
        link="http://www.kegg.jp/dbget-bin/www_bget?C00009">
        <graphics name="C00009" fgcolor="#000000" bgcolor="#FFFFFF"
             type="circle" x="158" y="240" width="8" height="8"/>
    </entry>
    <entry id="82" name="cpd:C01330" type="compound"
        link="http://www.kegg.jp/dbget-bin/www_bget?C01330">
        <graphics name="C01330" fgcolor="#000000" bgcolor="#FFFFFF"
             type="circle" x="171" y="250" width="8" height="8"/>
    </entry>
    <entry id="83" name="hsa:115019" type="gene"
        link="http://www.kegg.jp/dbget-bin/www_bget?hsa:115019">
        <graphics name="SLC26A9" fgcolor="#000000" bgcolor="#BFFFBF"
             type="rectangle" x="308" y="433" width="46" height="17"/>
    </entry>
    <entry id="84" name="cpd:C00305" type="compound"
        link="http://www.kegg.jp/dbget-bin/www_bget?C00305">
        <graphics name="C00305" fgcolor="#000000" bgcolor="#FFFFFF"
             type="circle" x="193" y="827" width="8" height="8"/>
    </entry>
    <entry id="85" name="hsa:1181" type="gene"
        link="http://www.kegg.jp/dbget-bin/www_bget?hsa:1181">
        <graphics name="CLCN2, CIC-2, CLC2, ECA2, ECA3, EGI11, EGI3, EGMA, EJM6, EJM8, LKPAT, clC-2" fgcolor="#000000" bgcolor="#BFFFBF"
             type="rectangle" x="821" y="484" width="46" height="17"/>
    </entry>
    <entry id="86" name="cpd:C00698" type="compound"
        link="http://www.kegg.jp/dbget-bin/www_bget?C00698">
        <graphics name="C00698" fgcolor="#000000" bgcolor="#FFFFFF"
             type="circle" x="882" y="484" width="8" height="8"/>
    </entry>
    <entry id="87" name="cpd:C00698" type="compound"
        link="http://www.kegg.jp/dbget-bin/www_bget?C00698">
        <graphics name="C00698" fgcolor="#000000" bgcolor="#FFFFFF"
             type="circle" x="238" y="435" width="8" height="8"/>
    </entry>
    <entry id="88" name="cpd:C00288" type="compound"
        link="http://www.kegg.jp/dbget-bin/www_bget?C00288">
        <graphics name="C00288" fgcolor="#000000" bgcolor="#FFFFFF"
             type="circle" x="367" y="429" width="8" height="8"/>
    </entry>
    <entry id="89" name="hsa:795" type="gene"
        link="http://www.kegg.jp/dbget-bin/www_bget?hsa:795">
        <graphics name="S100G, CABP, CABP1, CABP9K, CALB3" fgcolor="#000000" bgcolor="#BFFFBF"
             type="rectangle" x="552" y="447" width="46" height="17"/>
    </entry>
    <entry id="90" name="cpd:C00076" type="compound"
        link="http://www.kegg.jp/dbget-bin/www_bget?C00076">
        <graphics name="C00076" fgcolor="#000000" bgcolor="#FFFFFF"
             type="circle" x="553" y="473" width="8" height="8"/>
    </entry>
    <entry id="91" name="cpd:C00009" type="compound"
        link="http://www.kegg.jp/dbget-bin/www_bget?C00009">
        <graphics name="C00009" fgcolor="#000000" bgcolor="#FFFFFF"
             type="circle" x="882" y="281" width="8" height="8"/>
    </entry>
    <relation entry1="15" entry2="80" type="GErel">
        <subtype name="expression" value="--&gt;"/>
    </relation>
    <relation entry1="15" entry2="16" type="GErel">
        <subtype name="expression" value="--&gt;"/>
    </relation>
    <relation entry1="15" entry2="7" type="GErel">
        <subtype name="expression" value="--&gt;"/>
    </relation>
    <relation entry1="15" entry2="11" type="GErel">
        <subtype name="expression" value="--&gt;"/>
    </relation>
    <relation entry1="15" entry2="12" type="GErel">
        <subtype name="expression" value="--&gt;"/>
    </relation>
    <relation entry1="14" entry2="15" type="PCrel">
        <subtype name="binding/association" value="---"/>
    </relation>
    <relation entry1="43" entry2="41" type="PCrel">
        <subtype name="binding/association" value="---"/>
    </relation>
    <relation entry1="41" entry2="42" type="PCrel">
        <subtype name="binding/association" value="---"/>
    </relation>
    <relation entry1="49" entry2="48" type="PCrel">
        <subtype name="binding/association" value="---"/>
    </relation>
    <relation entry1="4" entry2="6" type="PCrel">
        <subtype name="binding/association" value="---"/>
    </relation>
    <relation entry1="90" entry2="89" type="PCrel">
        <subtype name="binding/association" value="---"/>
    </relation>
    <relation entry1="5" entry2="3" type="PCrel">
        <subtype name="dissociation" value="-+-"/>
    </relation>
    <relation entry1="32" entry2="33" type="PCrel">
        <subtype name="binding/association" value="---"/>
    </relation>
    <relation entry1="23" entry2="31" type="PCrel">
        <subtype name="binding/association" value="---"/>
    </relation>
</pathway>
