<?xml version="1.0"?>
<!DOCTYPE pathway SYSTEM "http://www.kegg.jp/kegg/xml/KGML_v0.7.2_.dtd">
<!-- Creation date: Mar 6, 2017 17:19:41 +0900 (GMT+9) -->
<pathway name="path:hsa04152" org="hsa" number="04152"
         title="AMPK signaling pathway"
         image="http://www.kegg.jp/kegg/pathway/hsa/hsa04152.png"
         link="http://www.kegg.jp/kegg-bin/show_pathway?hsa04152">
    <entry id="1" name="hsa:51422 hsa:53632 hsa:5562 hsa:5563 hsa:5564 hsa:5565 hsa:5571" type="gene"
        link="http://www.kegg.jp/dbget-bin/www_bget?hsa:51422+hsa:53632+hsa:5562+hsa:5563+hsa:5564+hsa:5565+hsa:5571">
        <graphics name="PRKAG2, AAKG, AAKG2, CMH6, H91620p, WPWS..." fgcolor="#000000" bgcolor="#BFFFBF"
             type="rectangle" x="447" y="583" width="46" height="17"/>
    </entry>
    <entry id="2" name="hsa:3630" type="gene"
        link="http://www.kegg.jp/dbget-bin/www_bget?hsa:3630">
        <graphics name="INS, IDDM, IDDM1, IDDM2, ILPR, IRDN, MODY10" fgcolor="#000000" bgcolor="#BFFFBF"
             type="rectangle" x="92" y="1043" width="46" height="17"/>
    </entry>
    <entry id="3" name="cpd:C00031" type="compound"
        link="http://www.kegg.jp/dbget-bin/www_bget?C00031">
        <graphics name="C00031" fgcolor="#000000" bgcolor="#FFFFFF"
             type="circle" x="91" y="856" width="8" height="8"/>
    </entry>
    <entry id="4" name="hsa:3643" type="gene"
        link="http://www.kegg.jp/dbget-bin/www_bget?hsa:3643">
        <graphics name="INSR, CD220, HHF5" fgcolor="#000000" bgcolor="#BFFFBF"
             type="rectangle" x="162" y="1043" width="46" height="17"/>
    </entry>
    <entry id="5" name="hsa:10000 hsa:207 hsa:208" type="gene"
        link="http://www.kegg.jp/dbget-bin/www_bget?hsa:10000+hsa:207+hsa:208">
        <graphics name="AKT3, MPPH, MPPH2, PKB-GAMMA, PKBG, PRKBG, RAC-PK-gamma, RAC-gamma, STK-2..." fgcolor="#000000" bgcolor="#BFFFBF"
             type="rectangle" x="541" y="1043" width="46" height="17"/>
    </entry>
    <entry id="6" name="hsa:5290 hsa:5291 hsa:5293 hsa:5295 hsa:5296 hsa:8503" type="gene"
        link="http://www.kegg.jp/dbget-bin/www_bget?hsa:5290+hsa:5291+hsa:5293+hsa:5295+hsa:5296+hsa:8503">
        <graphics name="PIK3CA, CLOVE, CWS5, MCAP, MCM, MCMTC, PI3K, PI3K-alpha, p110-alpha..." fgcolor="#000000" bgcolor="#BFFFBF"
             type="rectangle" x="329" y="1043" width="46" height="17"/>
    </entry>
    <entry id="7" name="hsa:5170" type="gene"
        link="http://www.kegg.jp/dbget-bin/www_bget?hsa:5170">
        <graphics name="PDPK1, PDK1, PDPK2, PDPK2P, PRO0461" fgcolor="#000000" bgcolor="#BFFFBF"
             type="rectangle" x="455" y="1043" width="46" height="17"/>
    </entry>
    <entry id="8" name="hsa:3667 hsa:8471 hsa:8660" type="gene"
        link="http://www.kegg.jp/dbget-bin/www_bget?hsa:3667+hsa:8471+hsa:8660">
        <graphics name="IRS1, HIRS-1..." fgcolor="#000000" bgcolor="#BFFFBF"
             type="rectangle" x="249" y="1043" width="46" height="17"/>
    </entry>
    <entry id="9" name="cpd:C05981" type="compound"
        link="http://www.kegg.jp/dbget-bin/www_bget?C05981">
        <graphics name="C05981" fgcolor="#000000" bgcolor="#FFFFFF"
             type="circle" x="394" y="1042" width="8" height="8"/>
    </entry>
    <entry id="10" name="path:hsa04152" type="map"
        link="http://www.kegg.jp/dbget-bin/www_bget?hsa04152">
        <graphics name="TITLE:AMPK signaling pathway" fgcolor="#000000" bgcolor="#FFFFFF"
             type="roundrectangle" x="160" y="58" width="239" height="25"/>
    </entry>
    <entry id="11" name="path:hsa00010" type="map"
        link="http://www.kegg.jp/dbget-bin/www_bget?hsa00010">
        <graphics name="Glycolysis / Gluconeogenesis" fgcolor="#000000" bgcolor="#FFFFFF"
             type="roundrectangle" x="758" y="164" width="95" height="34"/>
    </entry>
    <entry id="12" name="path:hsa04151" type="map"
        link="http://www.kegg.jp/dbget-bin/www_bget?hsa04151">
        <graphics name="PI3K-Akt signaling pathway" fgcolor="#000000" bgcolor="#FFFFFF"
             type="roundrectangle" x="404" y="1004" width="112" height="34"/>
    </entry>
    <entry id="13" name="hsa:3479" type="gene"
        link="http://www.kegg.jp/dbget-bin/www_bget?hsa:3479">
        <graphics name="IGF1, IGF-I, IGFI, MGF" fgcolor="#000000" bgcolor="#BFFFBF"
             type="rectangle" x="92" y="999" width="46" height="17"/>
    </entry>
    <entry id="14" name="hsa:3480" type="gene"
        link="http://www.kegg.jp/dbget-bin/www_bget?hsa:3480">
        <graphics name="IGF1R, CD221, IGFIR, IGFR, JTK13" fgcolor="#000000" bgcolor="#BFFFBF"
             type="rectangle" x="162" y="999" width="46" height="17"/>
    </entry>
    <entry id="15" name="hsa:2308 hsa:2309" type="gene"
        link="http://www.kegg.jp/dbget-bin/www_bget?hsa:2308+hsa:2309">
        <graphics name="FOXO1, FKH1, FKHR, FOXO1A..." fgcolor="#000000" bgcolor="#BFFFBF"
             type="rectangle" x="657" y="481" width="46" height="17"/>
    </entry>
    <entry id="16" name="path:hsa04110" type="map"
        link="http://www.kegg.jp/dbget-bin/www_bget?hsa04110">
        <graphics name="Cell cycle" fgcolor="#000000" bgcolor="#FFFFFF"
             type="roundrectangle" x="921" y="406" width="92" height="25"/>
    </entry>
    <entry id="17" name="path:hsa04910" type="map"
        link="http://www.kegg.jp/dbget-bin/www_bget?hsa04910">
        <graphics name="Insulin signaling pathway" fgcolor="#000000" bgcolor="#FFFFFF"
             type="roundrectangle" x="282" y="1004" width="112" height="34"/>
    </entry>
    <entry id="18" name="hsa:6517" type="gene"
        link="http://www.kegg.jp/dbget-bin/www_bget?hsa:6517">
        <graphics name="SLC2A4, GLUT4" fgcolor="#000000" bgcolor="#BFFFBF"
             type="rectangle" x="162" y="858" width="46" height="17"/>
    </entry>
    <entry id="19" name="hsa:6794" type="gene"
        link="http://www.kegg.jp/dbget-bin/www_bget?hsa:6794">
        <graphics name="STK11, LKB1, PJS, hLKB1" fgcolor="#000000" bgcolor="#BFFFBF"
             type="rectangle" x="355" y="463" width="46" height="17"/>
    </entry>
    <entry id="20" name="cpd:C00008" type="compound"
        link="http://www.kegg.jp/dbget-bin/www_bget?C00008">
        <graphics name="C00008" fgcolor="#000000" bgcolor="#FFFFFF"
             type="circle" x="377" y="356" width="8" height="8"/>
    </entry>
    <entry id="21" name="cpd:C00020" type="compound"
        link="http://www.kegg.jp/dbget-bin/www_bget?C00020">
        <graphics name="C00020" fgcolor="#000000" bgcolor="#FFFFFF"
             type="circle" x="341" y="357" width="8" height="8"/>
    </entry>
    <entry id="22" name="hsa:2308 hsa:2309" type="gene"
        link="http://www.kegg.jp/dbget-bin/www_bget?hsa:2308+hsa:2309">
        <graphics name="FOXO1, FKH1, FKHR, FOXO1A..." fgcolor="#000000" bgcolor="#BFFFBF"
             type="rectangle" x="657" y="570" width="46" height="17"/>
    </entry>
    <entry id="23" name="cpd:C00003" type="compound"
        link="http://www.kegg.jp/dbget-bin/www_bget?C00003">
        <graphics name="C00003" fgcolor="#000000" bgcolor="#FFFFFF"
             type="circle" x="596" y="530" width="8" height="8"/>
    </entry>
    <entry id="24" name="hsa:23411" type="gene"
        link="http://www.kegg.jp/dbget-bin/www_bget?hsa:23411">
        <graphics name="SIRT1, SIR2, SIR2L1, SIR2alpha" fgcolor="#000000" bgcolor="#BFFFBF"
             type="rectangle" x="703" y="532" width="46" height="17"/>
    </entry>
    <entry id="25" name="hsa:10891" type="gene"
        link="http://www.kegg.jp/dbget-bin/www_bget?hsa:10891">
        <graphics name="PPARGC1A, LEM6, PGC-1(alpha), PGC-1alpha, PGC-1v, PGC1, PGC1A, PPARGC1" fgcolor="#000000" bgcolor="#BFFFBF"
             type="rectangle" x="742" y="585" width="46" height="17"/>
    </entry>
    <entry id="26" name="hsa:10891" type="gene"
        link="http://www.kegg.jp/dbget-bin/www_bget?hsa:10891">
        <graphics name="PPARGC1A, LEM6, PGC-1(alpha), PGC-1alpha, PGC-1v, PGC1, PGC1A, PPARGC1" fgcolor="#000000" bgcolor="#BFFFBF"
             type="rectangle" x="742" y="490" width="46" height="17"/>
    </entry>
    <entry id="27" name="hsa:51094 hsa:79602" type="gene"
        link="http://www.kegg.jp/dbget-bin/www_bget?hsa:51094+hsa:79602">
        <graphics name="ADIPOR1, ACDCR1, CGI-45, CGI45, PAQR1, TESBP1A..." fgcolor="#000000" bgcolor="#BFFFBF"
             type="rectangle" x="162" y="582" width="46" height="17"/>
    </entry>
    <entry id="28" name="hsa:10645" type="gene"
        link="http://www.kegg.jp/dbget-bin/www_bget?hsa:10645">
        <graphics name="CAMKK2, CAMKK, CAMKKB" fgcolor="#000000" bgcolor="#BFFFBF"
             type="rectangle" x="307" y="582" width="46" height="17"/>
    </entry>
    <entry id="29" name="cpd:C00076" type="compound"
        link="http://www.kegg.jp/dbget-bin/www_bget?C00076">
        <graphics name="C00076" fgcolor="#000000" bgcolor="#FFFFFF"
             type="circle" x="229" y="582" width="8" height="8"/>
    </entry>
    <entry id="30" name="hsa:31" type="gene"
        link="http://www.kegg.jp/dbget-bin/www_bget?hsa:31">
        <graphics name="ACACA, ACAC, ACACAD, ACC, ACC1, ACCA" fgcolor="#000000" bgcolor="#BFFFBF"
             type="rectangle" x="717" y="880" width="46" height="17"/>
    </entry>
    <entry id="31" name="cpd:C00024" type="compound"
        link="http://www.kegg.jp/dbget-bin/www_bget?C00024">
        <graphics name="C00024" fgcolor="#000000" bgcolor="#FFFFFF"
             type="circle" x="652" y="901" width="8" height="8"/>
    </entry>
    <entry id="32" name="cpd:C00083" type="compound"
        link="http://www.kegg.jp/dbget-bin/www_bget?C00083">
        <graphics name="C00083" fgcolor="#000000" bgcolor="#FFFFFF"
             type="circle" x="787" y="902" width="8" height="8"/>
    </entry>
    <entry id="33" name="hsa:126129 hsa:1374 hsa:1375" type="gene"
        link="http://www.kegg.jp/dbget-bin/www_bget?hsa:126129+hsa:1374+hsa:1375">
        <graphics name="CPT1C, CATL1, CPT1-B, CPT1P, CPTI-B, CPTIC, SPG73..." fgcolor="#000000" bgcolor="#BFFFBF"
             type="rectangle" x="858" y="952" width="46" height="17"/>
    </entry>
    <entry id="34" name="cpd:C00040" type="compound"
        link="http://www.kegg.jp/dbget-bin/www_bget?C00040">
        <graphics name="C00040" fgcolor="#000000" bgcolor="#FFFFFF"
             type="circle" x="787" y="951" width="8" height="8"/>
    </entry>
    <entry id="35" name="hsa:5207 hsa:5208 hsa:5209 hsa:5210" type="gene"
        link="http://www.kegg.jp/dbget-bin/www_bget?hsa:5207+hsa:5208+hsa:5209+hsa:5210">
        <graphics name="PFKFB1, F6PK, HL2K, PFRX..." fgcolor="#000000" bgcolor="#BFFFBF"
             type="rectangle" x="532" y="191" width="46" height="17"/>
    </entry>
    <entry id="36" name="cpd:C00085" type="compound"
        link="http://www.kegg.jp/dbget-bin/www_bget?C00085">
        <graphics name="C00085" fgcolor="#000000" bgcolor="#FFFFFF"
             type="circle" x="463" y="177" width="8" height="8"/>
    </entry>
    <entry id="37" name="cpd:C00665" type="compound"
        link="http://www.kegg.jp/dbget-bin/www_bget?C00665">
        <graphics name="C00665" fgcolor="#000000" bgcolor="#FFFFFF"
             type="circle" x="602" y="177" width="8" height="8"/>
    </entry>
    <entry id="38" name="hsa:5211 hsa:5213 hsa:5214" type="gene"
        link="http://www.kegg.jp/dbget-bin/www_bget?hsa:5211+hsa:5213+hsa:5214">
        <graphics name="PFKL, ATP-PFK, PFK-B, PFK-L..." fgcolor="#000000" bgcolor="#BFFFBF"
             type="rectangle" x="624" y="142" width="46" height="17"/>
    </entry>
    <entry id="39" name="cpd:C00354" type="compound"
        link="http://www.kegg.jp/dbget-bin/www_bget?C00354">
        <graphics name="C00354" fgcolor="#000000" bgcolor="#FFFFFF"
             type="circle" x="677" y="124" width="8" height="8"/>
    </entry>
    <entry id="40" name="cpd:C00022" type="compound"
        link="http://www.kegg.jp/dbget-bin/www_bget?C00022">
        <graphics name="C00022" fgcolor="#000000" bgcolor="#FFFFFF"
             type="circle" x="846" y="126" width="8" height="8"/>
    </entry>
    <entry id="41" name="hsa:2203 hsa:8789" type="gene"
        link="http://www.kegg.jp/dbget-bin/www_bget?hsa:2203+hsa:8789">
        <graphics name="FBP1, FBP..." fgcolor="#000000" bgcolor="#BFFFBF"
             type="rectangle" x="551" y="101" width="46" height="17"/>
    </entry>
    <entry id="42" name="cpd:C00668 cpd:C01172" type="compound"
        link="http://www.kegg.jp/dbget-bin/www_bget?C00668+C01172">
        <graphics name="C00668..." fgcolor="#000000" bgcolor="#FFFFFF"
             type="circle" x="403" y="177" width="8" height="8"/>
    </entry>
    <entry id="43" name="cpd:C00031" type="compound"
        link="http://www.kegg.jp/dbget-bin/www_bget?C00031">
        <graphics name="C00031" fgcolor="#000000" bgcolor="#FFFFFF"
             type="circle" x="287" y="177" width="8" height="8"/>
    </entry>
    <entry id="44" name="hsa:6517" type="gene"
        link="http://www.kegg.jp/dbget-bin/www_bget?hsa:6517">
        <graphics name="SLC2A4, GLUT4" fgcolor="#000000" bgcolor="#BFFFBF"
             type="rectangle" x="290" y="761" width="46" height="17"/>
    </entry>
    <entry id="45" name="hsa:7249" type="gene"
        link="http://www.kegg.jp/dbget-bin/www_bget?hsa:7249">
        <graphics name="TSC2, LAM, PPP1R160, TSC4" fgcolor="#000000" bgcolor="#BFFFBF"
             type="rectangle" x="622" y="1034" width="46" height="17"/>
    </entry>
    <entry id="46" name="hsa:2475 hsa:57521 hsa:84335" type="gene"
        link="http://www.kegg.jp/dbget-bin/www_bget?hsa:2475+hsa:57521+hsa:84335">
        <graphics name="MTOR, FRAP, FRAP1, FRAP2, RAFT1, RAPT1, SKS..." fgcolor="#000000" bgcolor="#BFFFBF"
             type="rectangle" x="805" y="1043" width="46" height="17"/>
    </entry>
    <entry id="47" name="path:hsa04150" type="map"
        link="http://www.kegg.jp/dbget-bin/www_bget?hsa04150">
        <graphics name="mTOR signaling pathway" fgcolor="#000000" bgcolor="#FFFFFF"
             type="roundrectangle" x="732" y="1076" width="95" height="34"/>
    </entry>
    <entry id="48" name="hsa:9370" type="gene"
        link="http://www.kegg.jp/dbget-bin/www_bget?hsa:9370">
        <graphics name="ADIPOQ, ACDC, ACRP30, ADIPQTL1, ADPN, APM-1, APM1, GBP28" fgcolor="#000000" bgcolor="#BFFFBF"
             type="rectangle" x="86" y="545" width="46" height="17"/>
    </entry>
    <entry id="49" name="hsa:2997 hsa:2998" type="gene"
        link="http://www.kegg.jp/dbget-bin/www_bget?hsa:2997+hsa:2998">
        <graphics name="GYS1, GSY, GYS..." fgcolor="#000000" bgcolor="#BFFFBF"
             type="rectangle" x="641" y="633" width="46" height="17"/>
    </entry>
    <entry id="50" name="path:hsa00500" type="map"
        link="http://www.kegg.jp/dbget-bin/www_bget?hsa00500">
        <graphics name="Starch and sucrose metabolism" fgcolor="#000000" bgcolor="#FFFFFF"
             type="roundrectangle" x="893" y="631" width="122" height="34"/>
    </entry>
    <entry id="51" name="hsa:3172" type="gene"
        link="http://www.kegg.jp/dbget-bin/www_bget?hsa:3172">
        <graphics name="HNF4A, FRTS4, HNF4, HNF4a7, HNF4a8, HNF4a9, HNF4alpha, MODY, MODY1, NR2A1, NR2A21, TCF, TCF14" fgcolor="#000000" bgcolor="#BFFFBF"
             type="rectangle" x="654" y="271" width="46" height="17"/>
    </entry>
    <entry id="52" name="hsa:5105 hsa:5106" type="gene"
        link="http://www.kegg.jp/dbget-bin/www_bget?hsa:5105+hsa:5106">
        <graphics name="PCK1, PCKDC, PEPCK-C, PEPCK1, PEPCKC..." fgcolor="#000000" bgcolor="#BFFFBF"
             type="rectangle" x="819" y="283" width="46" height="17"/>
    </entry>
    <entry id="53" name="hsa:2538 hsa:57818 hsa:92579" type="gene"
        link="http://www.kegg.jp/dbget-bin/www_bget?hsa:2538+hsa:57818+hsa:92579">
        <graphics name="G6PC, G6PC1, G6PT, G6Pase, GSD1, GSD1a..." fgcolor="#000000" bgcolor="#BFFFBF"
             type="rectangle" x="819" y="260" width="46" height="17"/>
    </entry>
    <entry id="54" name="hsa:6517" type="gene"
        link="http://www.kegg.jp/dbget-bin/www_bget?hsa:6517">
        <graphics name="SLC2A4, GLUT4" fgcolor="#000000" bgcolor="#BFFFBF"
             type="rectangle" x="860" y="490" width="46" height="17"/>
    </entry>
    <entry id="55" name="hsa:6720" type="gene"
        link="http://www.kegg.jp/dbget-bin/www_bget?hsa:6720">
        <graphics name="SREBF1, SREBP1, bHLHd1" fgcolor="#000000" bgcolor="#BFFFBF"
             type="rectangle" x="641" y="767" width="46" height="17"/>
    </entry>
    <entry id="56" name="hsa:2194" type="gene"
        link="http://www.kegg.jp/dbget-bin/www_bget?hsa:2194">
        <graphics name="FASN, FAS, OA-519, SDR27X1" fgcolor="#000000" bgcolor="#BFFFBF"
             type="rectangle" x="854" y="747" width="46" height="17"/>
    </entry>
    <entry id="57" name="hsa:31" type="gene"
        link="http://www.kegg.jp/dbget-bin/www_bget?hsa:31">
        <graphics name="ACACA, ACAC, ACACAD, ACC, ACC1, ACCA" fgcolor="#000000" bgcolor="#BFFFBF"
             type="rectangle" x="854" y="769" width="46" height="17"/>
    </entry>
    <entry id="58" name="hsa:6319 hsa:79966" type="gene"
        link="http://www.kegg.jp/dbget-bin/www_bget?hsa:6319+hsa:79966">
        <graphics name="SCD, FADS5, MSTP008, SCD1, SCDOS, hSCD1..." fgcolor="#000000" bgcolor="#BFFFBF"
             type="rectangle" x="854" y="791" width="46" height="17"/>
    </entry>
    <entry id="59" name="hsa:29904" type="gene"
        link="http://www.kegg.jp/dbget-bin/www_bget?hsa:29904">
        <graphics name="EEF2K, HSU93850, eEF-2K" fgcolor="#000000" bgcolor="#BFFFBF"
             type="rectangle" x="668" y="443" width="46" height="17"/>
    </entry>
    <entry id="60" name="hsa:1938" type="gene"
        link="http://www.kegg.jp/dbget-bin/www_bget?hsa:1938">
        <graphics name="EEF2, EEF-2, EF-2, EF2, SCA26" fgcolor="#000000" bgcolor="#BFFFBF"
             type="rectangle" x="763" y="443" width="46" height="17"/>
    </entry>
    <entry id="61" name="hsa:6198 hsa:6199" type="gene"
        link="http://www.kegg.jp/dbget-bin/www_bget?hsa:6198+hsa:6199">
        <graphics name="RPS6KB1, PS6K, S6K, S6K-beta-1, S6K1, STK14A, p70_S6KA, p70(S6K)-alpha, p70-S6K, p70-alpha..." fgcolor="#000000" bgcolor="#BFFFBF"
             type="rectangle" x="888" y="1006" width="46" height="17"/>
    </entry>
    <entry id="62" name="hsa:1978" type="gene"
        link="http://www.kegg.jp/dbget-bin/www_bget?hsa:1978">
        <graphics name="EIF4EBP1, 4E-BP1, 4EBP1, BP-1, PHAS-I" fgcolor="#000000" bgcolor="#BFFFBF"
             type="rectangle" x="888" y="1031" width="46" height="17"/>
    </entry>
    <entry id="63" name="hsa:5468" type="gene"
        link="http://www.kegg.jp/dbget-bin/www_bget?hsa:5468">
        <graphics name="PPARG, CIMT1, GLM1, NR1C3, PPARG1, PPARG2, PPARgamma" fgcolor="#000000" bgcolor="#BFFFBF"
             type="rectangle" x="888" y="1056" width="46" height="17"/>
    </entry>
    <entry id="64" name="hsa:32" type="gene"
        link="http://www.kegg.jp/dbget-bin/www_bget?hsa:32">
        <graphics name="ACACB, ACC2, ACCB, HACC275" fgcolor="#000000" bgcolor="#BFFFBF"
             type="rectangle" x="858" y="859" width="46" height="17"/>
    </entry>
    <entry id="65" name="cpd:C00024" type="compound"
        link="http://www.kegg.jp/dbget-bin/www_bget?C00024">
        <graphics name="C00024" fgcolor="#000000" bgcolor="#FFFFFF"
             type="circle" x="805" y="873" width="8" height="8"/>
    </entry>
    <entry id="66" name="cpd:C00083" type="compound"
        link="http://www.kegg.jp/dbget-bin/www_bget?C00083">
        <graphics name="C00083" fgcolor="#000000" bgcolor="#FFFFFF"
             type="circle" x="919" y="877" width="8" height="8"/>
    </entry>
    <entry id="67" name="hsa:200186" type="gene"
        link="http://www.kegg.jp/dbget-bin/www_bget?hsa:200186">
        <graphics name="CRTC2, TORC-2, TORC2" fgcolor="#000000" bgcolor="#BFFFBF"
             type="rectangle" x="654" y="330" width="46" height="17"/>
    </entry>
    <entry id="68" name="hsa:10891" type="gene"
        link="http://www.kegg.jp/dbget-bin/www_bget?hsa:10891">
        <graphics name="PPARGC1A, LEM6, PGC-1(alpha), PGC-1alpha, PGC-1v, PGC1, PGC1A, PPARGC1" fgcolor="#000000" bgcolor="#BFFFBF"
             type="rectangle" x="821" y="331" width="46" height="17"/>
    </entry>
    <entry id="69" name="path:hsa01040" type="map"
        link="http://www.kegg.jp/dbget-bin/www_bget?hsa01040">
        <graphics name="Biosynthesis of unsaturated fatty acids" fgcolor="#000000" bgcolor="#FFFFFF"
             type="roundrectangle" x="956" y="790" width="122" height="34"/>
    </entry>
    <entry id="70" name="path:hsa00061" type="map"
        link="http://www.kegg.jp/dbget-bin/www_bget?hsa00061">
        <graphics name="Fatty acid biosynthesis" fgcolor="#000000" bgcolor="#FFFFFF"
             type="roundrectangle" x="955" y="747" width="122" height="34"/>
    </entry>
    <entry id="71" name="path:hsa04920" type="map"
        link="http://www.kegg.jp/dbget-bin/www_bget?hsa04920">
        <graphics name="Adipocytokine signaling pathway" fgcolor="#000000" bgcolor="#FFFFFF"
             type="roundrectangle" x="251" y="626" width="112" height="34"/>
    </entry>
    <entry id="72" name="hsa:23216" type="gene"
        link="http://www.kegg.jp/dbget-bin/www_bget?hsa:23216">
        <graphics name="TBC1D1, TBC, TBC1" fgcolor="#000000" bgcolor="#BFFFBF"
             type="rectangle" x="383" y="667" width="46" height="17"/>
    </entry>
    <entry id="73" name="hsa:55437 hsa:92335" type="gene"
        link="http://www.kegg.jp/dbget-bin/www_bget?hsa:55437+hsa:92335">
        <graphics name="STRADB, ALS2CR2, CALS-21, ILPIP, ILPIPA, PAPK, PRO1038..." fgcolor="#000000" bgcolor="#BFFFBF"
             type="rectangle" x="401" y="463" width="46" height="17"/>
    </entry>
    <entry id="74" name="hsa:51719 hsa:81617" type="gene"
        link="http://www.kegg.jp/dbget-bin/www_bget?hsa:51719+hsa:81617">
        <graphics name="CAB39, CGI-66, MO25..." fgcolor="#000000" bgcolor="#BFFFBF"
             type="rectangle" x="388" y="446" width="46" height="17"/>
    </entry>
    <entry id="75" name="hsa:28227 hsa:55012 hsa:5515 hsa:5516 hsa:5518 hsa:5519 hsa:5520 hsa:5521 hsa:5522 hsa:5523 hsa:5525 hsa:5526 hsa:5527 hsa:5528 hsa:5529 hsa:55844" type="gene"
        link="http://www.kegg.jp/dbget-bin/www_bget?hsa:28227+hsa:55012+hsa:5515+hsa:5516+hsa:5518+hsa:5519+hsa:5520+hsa:5521+hsa:5522+hsa:5523+hsa:5525+hsa:5526+hsa:5527+hsa:5528+hsa:5529+hsa:55844">
        <graphics name="PPP2R3B, NYREN8, PPP2R3L, PPP2R3LY, PR48, PR70..." fgcolor="#000000" bgcolor="#BFFFBF"
             type="rectangle" x="454" y="663" width="46" height="17"/>
    </entry>
    <entry id="76" name="hsa:1994" type="gene"
        link="http://www.kegg.jp/dbget-bin/www_bget?hsa:1994">
        <graphics name="ELAVL1, ELAV1, HUR, Hua, MelG" fgcolor="#000000" bgcolor="#BFFFBF"
             type="rectangle" x="668" y="381" width="46" height="17"/>
    </entry>
    <entry id="77" name="hsa:595" type="gene"
        link="http://www.kegg.jp/dbget-bin/www_bget?hsa:595">
        <graphics name="CCND1, BCL1, D11S287E, PRAD1, U21B31" fgcolor="#000000" bgcolor="#BFFFBF"
             type="rectangle" x="788" y="366" width="46" height="17"/>
    </entry>
    <entry id="78" name="hsa:890 hsa:8900" type="gene"
        link="http://www.kegg.jp/dbget-bin/www_bget?hsa:890+hsa:8900">
        <graphics name="CCNA2, CCN1, CCNA..." fgcolor="#000000" bgcolor="#BFFFBF"
             type="rectangle" x="788" y="396" width="46" height="17"/>
    </entry>
    <entry id="79" name="hsa:2538 hsa:57818 hsa:92579" type="gene"
        link="http://www.kegg.jp/dbget-bin/www_bget?hsa:2538+hsa:57818+hsa:92579">
        <graphics name="G6PC, G6PC1, G6PT, G6Pase, GSD1, GSD1a..." fgcolor="#000000" bgcolor="#BFFFBF"
             type="rectangle" x="348" y="190" width="46" height="17"/>
    </entry>
    <entry id="80" name="hsa:5105 hsa:5106" type="gene"
        link="http://www.kegg.jp/dbget-bin/www_bget?hsa:5105+hsa:5106">
        <graphics name="PCK1, PCKDC, PEPCK-C, PEPCK1, PEPCKC..." fgcolor="#000000" bgcolor="#BFFFBF"
             type="rectangle" x="790" y="80" width="46" height="17"/>
    </entry>
    <entry id="81" name="hsa:3991" type="gene"
        link="http://www.kegg.jp/dbget-bin/www_bget?hsa:3991">
        <graphics name="LIPE, AOMS4, FPLD6, HSL, LHS" fgcolor="#000000" bgcolor="#BFFFBF"
             type="rectangle" x="641" y="680" width="46" height="17"/>
    </entry>
    <entry id="82" name="hsa:3156" type="gene"
        link="http://www.kegg.jp/dbget-bin/www_bget?hsa:3156">
        <graphics name="HMGCR, LDLCQ3" fgcolor="#000000" bgcolor="#BFFFBF"
             type="rectangle" x="641" y="721" width="46" height="17"/>
    </entry>
    <entry id="83" name="hsa:148" type="gene"
        link="http://www.kegg.jp/dbget-bin/www_bget?hsa:148">
        <graphics name="ADRA1A, ADRA1C, ADRA1L1, ALPHA1AAR" fgcolor="#000000" bgcolor="#BFFFBF"
             type="rectangle" x="162" y="504" width="46" height="17"/>
    </entry>
    <entry id="84" name="hsa:3953" type="gene"
        link="http://www.kegg.jp/dbget-bin/www_bget?hsa:3953">
        <graphics name="LEPR, CD295, LEP-R, LEPRD, OB-R, OBR" fgcolor="#000000" bgcolor="#BFFFBF"
             type="rectangle" x="162" y="417" width="46" height="17"/>
    </entry>
    <entry id="85" name="hsa:10645" type="gene"
        link="http://www.kegg.jp/dbget-bin/www_bget?hsa:10645">
        <graphics name="CAMKK2, CAMKK, CAMKKB" fgcolor="#000000" bgcolor="#BFFFBF"
             type="rectangle" x="307" y="499" width="46" height="17"/>
    </entry>
    <entry id="86" name="hsa:3952" type="gene"
        link="http://www.kegg.jp/dbget-bin/www_bget?hsa:3952">
        <graphics name="LEP, LEPD, OB, OBS" fgcolor="#000000" bgcolor="#BFFFBF"
             type="rectangle" x="86" y="311" width="46" height="17"/>
    </entry>
    <entry id="87" name="hsa:948" type="gene"
        link="http://www.kegg.jp/dbget-bin/www_bget?hsa:948">
        <graphics name="CD36, BDPLT10, CHDS7, FAT, GP3B, GP4, GPIV, PASIV, SCARB3" fgcolor="#000000" bgcolor="#BFFFBF"
             type="rectangle" x="162" y="948" width="46" height="17"/>
    </entry>
    <entry id="88" name="cpd:C00162" type="compound"
        link="http://www.kegg.jp/dbget-bin/www_bget?C00162">
        <graphics name="C00162" fgcolor="#000000" bgcolor="#FFFFFF"
             type="circle" x="91" y="947" width="8" height="8"/>
    </entry>
    <entry id="89" name="hsa:1080" type="gene"
        link="http://www.kegg.jp/dbget-bin/www_bget?hsa:1080">
        <graphics name="CFTR, ABC35, ABCC7, CF, CFTR/MRP, MRP7, TNR-CFTR, dJ760C5.1" fgcolor="#000000" bgcolor="#BFFFBF"
             type="rectangle" x="162" y="695" width="46" height="17"/>
    </entry>
    <entry id="90" name="cpd:C00698" type="compound"
        link="http://www.kegg.jp/dbget-bin/www_bget?C00698">
        <graphics name="C00698" fgcolor="#000000" bgcolor="#FFFFFF"
             type="circle" x="103" y="694" width="8" height="8"/>
    </entry>
    <entry id="91" name="hsa:10890 hsa:4218 hsa:51552 hsa:5862 hsa:9230" type="gene"
        link="http://www.kegg.jp/dbget-bin/www_bget?hsa:10890+hsa:4218+hsa:51552+hsa:5862+hsa:9230">
        <graphics name="RAB10..." fgcolor="#000000" bgcolor="#BFFFBF"
             type="rectangle" x="347" y="722" width="46" height="17"/>
    </entry>
    <entry id="92" name="hsa:6009" type="gene"
        link="http://www.kegg.jp/dbget-bin/www_bget?hsa:6009">
        <graphics name="RHEB, RHEB2" fgcolor="#000000" bgcolor="#BFFFBF"
             type="rectangle" x="711" y="1043" width="46" height="17"/>
    </entry>
    <entry id="93" name="hsa:7248" type="gene"
        link="http://www.kegg.jp/dbget-bin/www_bget?hsa:7248">
        <graphics name="TSC1, LAM, TSC" fgcolor="#000000" bgcolor="#BFFFBF"
             type="rectangle" x="622" y="1050" width="46" height="17"/>
    </entry>
    <entry id="94" name="hsa:23417" type="gene"
        link="http://www.kegg.jp/dbget-bin/www_bget?hsa:23417">
        <graphics name="MLYCD, MCD" fgcolor="#000000" bgcolor="#BFFFBF"
             type="rectangle" x="719" y="930" width="46" height="17"/>
    </entry>
    <entry id="95" name="hsa:6885" type="gene"
        link="http://www.kegg.jp/dbget-bin/www_bget?hsa:6885">
        <graphics name="MAP3K7, CSCF, FMD2, MEKK7, TAK1, TGF1a" fgcolor="#000000" bgcolor="#BFFFBF"
             type="rectangle" x="461" y="406" width="46" height="17"/>
    </entry>
    <entry id="96" name="cpd:C07151" type="compound"
        link="http://www.kegg.jp/dbget-bin/www_bget?C07151">
        <graphics name="C07151" fgcolor="#000000" bgcolor="#FFFFFF"
             type="circle" x="73" y="149" width="8" height="8"/>
    </entry>
    <entry id="97" name="dr:D08351" type="compound"
        link="http://www.kegg.jp/dbget-bin/www_bget?D08351">
        <graphics name="D08351" fgcolor="#000000" bgcolor="#FFFFFF"
             type="circle" x="73" y="168" width="8" height="8"/>
    </entry>
    <entry id="98" name="cpd:C00389" type="compound"
        link="http://www.kegg.jp/dbget-bin/www_bget?C00389">
        <graphics name="C00389" fgcolor="#000000" bgcolor="#FFFFFF"
             type="circle" x="73" y="187" width="8" height="8"/>
    </entry>
    <entry id="99" name="cpd:C00757" type="compound"
        link="http://www.kegg.jp/dbget-bin/www_bget?C00757">
        <graphics name="C00757" fgcolor="#000000" bgcolor="#FFFFFF"
             type="circle" x="73" y="206" width="8" height="8"/>
    </entry>
    <entry id="100" name="cpd:C09731" type="compound"
        link="http://www.kegg.jp/dbget-bin/www_bget?C09731">
        <graphics name="C09731" fgcolor="#000000" bgcolor="#FFFFFF"
             type="circle" x="73" y="225" width="8" height="8"/>
    </entry>
    <entry id="101" name="cpd:C04677" type="compound"
        link="http://www.kegg.jp/dbget-bin/www_bget?C04677">
        <graphics name="C04677" fgcolor="#000000" bgcolor="#FFFFFF"
             type="circle" x="73" y="244" width="8" height="8"/>
    </entry>
    <entry id="102" name="hsa:10488 hsa:1385 hsa:148327 hsa:64764 hsa:84699 hsa:90993 hsa:9586" type="gene"
        link="http://www.kegg.jp/dbget-bin/www_bget?hsa:10488+hsa:1385+hsa:148327+hsa:64764+hsa:84699+hsa:90993+hsa:9586">
        <graphics name="CREB3, LUMAN, LZIP, sLZIP..." fgcolor="#000000" bgcolor="#BFFFBF"
             type="rectangle" x="678" y="301" width="46" height="17"/>
    </entry>
    <entry id="103" name="hsa:8408" type="gene"
        link="http://www.kegg.jp/dbget-bin/www_bget?hsa:8408">
        <graphics name="ULK1, ATG1, ATG1A, UNC51, Unc51.1, hATG1" fgcolor="#000000" bgcolor="#BFFFBF"
             type="rectangle" x="888" y="1081" width="46" height="17"/>
    </entry>
    <entry id="104" name="path:hsa04140" type="map"
        link="http://www.kegg.jp/dbget-bin/www_bget?hsa04140">
        <graphics name="Autophagy - animal" fgcolor="#000000" bgcolor="#FFFFFF"
             type="roundrectangle" x="1071" y="1080" width="122" height="34"/>
    </entry>
    <entry id="105" name="undefined" type="group">
        <graphics fgcolor="#000000" bgcolor="#FFFFFF"
             type="rectangle" x="622" y="1042" width="46" height="33"/>
        <component id="45"/>
        <component id="93"/>
    </entry>
    <entry id="106" name="undefined" type="group">
        <graphics fgcolor="#000000" bgcolor="#FFFFFF"
             type="rectangle" x="378" y="454" width="92" height="34"/>
        <component id="19"/>
        <component id="73"/>
        <component id="74"/>
    </entry>
    <relation entry1="37" entry2="38" type="PCrel">
        <subtype name="activation" value="--&gt;"/>
    </relation>
    <relation entry1="86" entry2="84" type="PPrel">
        <subtype name="activation" value="--&gt;"/>
    </relation>
    <relation entry1="48" entry2="27" type="PPrel">
        <subtype name="activation" value="--&gt;"/>
    </relation>
    <relation entry1="29" entry2="28" type="PCrel">
        <subtype name="activation" value="--&gt;"/>
    </relation>
    <relation entry1="76" entry2="77" type="PPrel">
        <subtype name="activation" value="--&gt;"/>
    </relation>
    <relation entry1="76" entry2="78" type="PPrel">
        <subtype name="activation" value="--&gt;"/>
    </relation>
    <relation entry1="91" entry2="44" type="PPrel">
        <subtype name="activation" value="--&gt;"/>
    </relation>
    <relation entry1="13" entry2="14" type="PPrel">
        <subtype name="activation" value="--&gt;"/>
    </relation>
    <relation entry1="14" entry2="8" type="PPrel">
        <subtype name="activation" value="--&gt;"/>
    </relation>
    <relation entry1="2" entry2="4" type="PPrel">
        <subtype name="activation" value="--&gt;"/>
    </relation>
    <relation entry1="4" entry2="8" type="PPrel">
        <subtype name="activation" value="--&gt;"/>
    </relation>
    <relation entry1="8" entry2="6" type="PPrel">
        <subtype name="activation" value="--&gt;"/>
    </relation>
    <relation entry1="6" entry2="9" type="PCrel">
        <subtype name="activation" value="--&gt;"/>
    </relation>
    <relation entry1="9" entry2="7" type="PCrel">
        <subtype name="activation" value="--&gt;"/>
    </relation>
    <relation entry1="92" entry2="46" type="PPrel">
        <subtype name="activation" value="--&gt;"/>
    </relation>
    <relation entry1="46" entry2="61" type="PPrel">
        <subtype name="activation" value="--&gt;"/>
    </relation>
    <relation entry1="46" entry2="63" type="PPrel">
        <subtype name="activation" value="--&gt;"/>
    </relation>
    <relation entry1="37" entry2="41" type="PCrel">
        <subtype name="inhibition" value="--|"/>
    </relation>
    <relation entry1="1" entry2="76" type="PPrel">
        <subtype name="inhibition" value="--|"/>
    </relation>
    <relation entry1="59" entry2="60" type="PPrel">
        <subtype name="inhibition" value="--|"/>
    </relation>
    <relation entry1="32" entry2="33" type="PCrel">
        <subtype name="inhibition" value="--|"/>
    </relation>
    <relation entry1="66" entry2="33" type="PCrel">
        <subtype name="inhibition" value="--|"/>
    </relation>
    <relation entry1="5" entry2="105" type="PPrel">
        <subtype name="inhibition" value="--|"/>
    </relation>
    <relation entry1="105" entry2="92" type="PPrel">
        <subtype name="inhibition" value="--|"/>
    </relation>
    <relation entry1="46" entry2="62" type="PPrel">
        <subtype name="inhibition" value="--|"/>
    </relation>
    <relation entry1="46" entry2="103" type="PPrel">
        <subtype name="inhibition" value="--|"/>
    </relation>
    <relation entry1="85" entry2="1" type="PPrel">
        <subtype name="activation" value="--&gt;"/>
        <subtype name="phosphorylation" value="+p"/>
    </relation>
    <relation entry1="106" entry2="1" type="PPrel">
        <subtype name="activation" value="--&gt;"/>
        <subtype name="phosphorylation" value="+p"/>
    </relation>
    <relation entry1="95" entry2="1" type="PPrel">
        <subtype name="activation" value="--&gt;"/>
        <subtype name="phosphorylation" value="+p"/>
    </relation>
    <relation entry1="28" entry2="1" type="PPrel">
        <subtype name="activation" value="--&gt;"/>
        <subtype name="phosphorylation" value="+p"/>
    </relation>
    <relation entry1="1" entry2="35" type="PPrel">
        <subtype name="activation" value="--&gt;"/>
        <subtype name="phosphorylation" value="+p"/>
    </relation>
    <relation entry1="1" entry2="59" type="PPrel">
        <subtype name="activation" value="--&gt;"/>
        <subtype name="phosphorylation" value="+p"/>
    </relation>
    <relation entry1="1" entry2="25" type="PPrel">
        <subtype name="activation" value="--&gt;"/>
        <subtype name="phosphorylation" value="+p"/>
    </relation>
    <relation entry1="1" entry2="94" type="PPrel">
        <subtype name="activation" value="--&gt;"/>
        <subtype name="phosphorylation" value="+p"/>
    </relation>
    <relation entry1="1" entry2="105" type="PPrel">
        <subtype name="activation" value="--&gt;"/>
        <subtype name="phosphorylation" value="+p"/>
    </relation>
    <relation entry1="7" entry2="5" type="PPrel">
        <subtype name="activation" value="--&gt;"/>
        <subtype name="phosphorylation" value="+p"/>
    </relation>
    <relation entry1="1" entry2="67" type="PPrel">
        <subtype name="inhibition" value="--|"/>
        <subtype name="phosphorylation" value="+p"/>
    </relation>
    <relation entry1="1" entry2="49" type="PPrel">
        <subtype name="inhibition" value="--|"/>
        <subtype name="phosphorylation" value="+p"/>
    </relation>
    <relation entry1="1" entry2="81" type="PPrel">
        <subtype name="inhibition" value="--|"/>
        <subtype name="phosphorylation" value="+p"/>
    </relation>
    <relation entry1="1" entry2="82" type="PPrel">
        <subtype name="inhibition" value="--|"/>
        <subtype name="phosphorylation" value="+p"/>
    </relation>
    <relation entry1="1" entry2="64" type="PPrel">
        <subtype name="inhibition" value="--|"/>
        <subtype name="phosphorylation" value="+p"/>
    </relation>
    <relation entry1="1" entry2="30" type="PPrel">
        <subtype name="inhibition" value="--|"/>
        <subtype name="phosphorylation" value="+p"/>
    </relation>
    <relation entry1="1" entry2="46" type="PPrel">
        <subtype name="inhibition" value="--|"/>
        <subtype name="phosphorylation" value="+p"/>
    </relation>
    <relation entry1="23" entry2="24" type="PCrel">
        <subtype name="activation" value="--&gt;"/>
    </relation>
    <relation entry1="22" entry2="15" type="PPrel">
        <subtype name="state change" value="..."/>
    </relation>
    <relation entry1="25" entry2="26" type="PPrel">
        <subtype name="state change" value="..."/>
    </relation>
    <relation entry1="51" entry2="53" type="GErel">
        <subtype name="expression" value="--&gt;"/>
    </relation>
    <relation entry1="51" entry2="52" type="GErel">
        <subtype name="expression" value="--&gt;"/>
    </relation>
    <relation entry1="67" entry2="52" type="GErel">
        <subtype name="expression" value="--&gt;"/>
    </relation>
    <relation entry1="67" entry2="68" type="GErel">
        <subtype name="expression" value="--&gt;"/>
    </relation>
    <relation entry1="102" entry2="67" type="PPrel">
        <subtype name="binding/association" value="---"/>
    </relation>
    <relation entry1="26" entry2="54" type="GErel">
        <subtype name="expression" value="--&gt;"/>
    </relation>
    <relation entry1="55" entry2="56" type="GErel">
        <subtype name="expression" value="--&gt;"/>
    </relation>
    <relation entry1="55" entry2="57" type="GErel">
        <subtype name="expression" value="--&gt;"/>
    </relation>
    <relation entry1="55" entry2="58" type="GErel">
        <subtype name="expression" value="--&gt;"/>
    </relation>
    <relation entry1="1" entry2="72" type="PPrel">
        <subtype name="inhibition" value="--|"/>
        <subtype name="phosphorylation" value="+p"/>
    </relation>
    <relation entry1="72" entry2="91" type="PPrel">
        <subtype name="inhibition" value="--|"/>
    </relation>
    <relation entry1="83" entry2="1" type="PPrel">
        <subtype name="activation" value="--&gt;"/>
        <subtype name="indirect effect" value="..&gt;"/>
    </relation>
    <relation entry1="1" entry2="87" type="PPrel">
        <subtype name="activation" value="--&gt;"/>
        <subtype name="indirect effect" value="..&gt;"/>
    </relation>
    <relation entry1="1" entry2="55" type="PPrel">
        <subtype name="inhibition" value="--|"/>
        <subtype name="indirect effect" value="..&gt;"/>
    </relation>
    <relation entry1="1" entry2="89" type="PPrel">
        <subtype name="inhibition" value="--|"/>
        <subtype name="phosphorylation" value="+p"/>
    </relation>
</pathway>
