<?xml version="1.0"?>
<!DOCTYPE pathway SYSTEM "http://www.kegg.jp/kegg/xml/KGML_v0.7.2_.dtd">
<!-- Creation date: Dec 25, 2018 15:30:25 +0900 (GMT+9) -->
<pathway name="path:hsa04668" org="hsa" number="04668"
         title="TNF signaling pathway"
         image="http://www.kegg.jp/kegg/pathway/hsa/hsa04668.png"
         link="http://www.kegg.jp/kegg-bin/show_pathway?hsa04668">
    <entry id="1" name="path:hsa04668" type="map"
        link="http://www.kegg.jp/dbget-bin/www_bget?hsa04668">
        <graphics name="TITLE:TNF signaling pathway" fgcolor="#000000" bgcolor="#FFFFFF"
             type="roundrectangle" x="143" y="58" width="205" height="25"/>
    </entry>
    <entry id="2" name="hsa:7124" type="gene"
        link="http://www.kegg.jp/dbget-bin/www_bget?hsa:7124">
        <graphics name="TNF, DIF, TNF-alpha, TNFA, TNFSF2, TNLG1F" fgcolor="#000000" bgcolor="#BFFFBF"
             type="rectangle" x="166" y="332" width="46" height="17"/>
    </entry>
    <entry id="3" name="hsa:7132" type="gene"
        link="http://www.kegg.jp/dbget-bin/www_bget?hsa:7132">
        <graphics name="TNFRSF1A, CD120a, FPF, TBP1, TNF-R, TNF-R-I, TNF-R55, TNFAR, TNFR1, TNFR55, TNFR60, p55, p55-R, p60" fgcolor="#000000" bgcolor="#BFFFBF"
             type="rectangle" x="257" y="332" width="46" height="17"/>
    </entry>
    <entry id="4" name="hsa:8717" type="gene"
        link="http://www.kegg.jp/dbget-bin/www_bget?hsa:8717">
        <graphics name="TRADD, Hs.89862" fgcolor="#000000" bgcolor="#BFFFBF"
             type="rectangle" x="374" y="332" width="46" height="17"/>
    </entry>
    <entry id="5" name="hsa:7186 hsa:7188" type="gene"
        link="http://www.kegg.jp/dbget-bin/www_bget?hsa:7186+hsa:7188">
        <graphics name="TRAF2, MGC:45012, RNF117, TRAP, TRAP3..." fgcolor="#000000" bgcolor="#BFFFBF"
             type="rectangle" x="420" y="323" width="46" height="17"/>
    </entry>
    <entry id="6" name="hsa:8737" type="gene"
        link="http://www.kegg.jp/dbget-bin/www_bget?hsa:8737">
        <graphics name="RIPK1, IMD57, RIP, RIP-1, RIP1" fgcolor="#000000" bgcolor="#BFFFBF"
             type="rectangle" x="420" y="340" width="46" height="17"/>
    </entry>
    <entry id="8" name="hsa:329 hsa:330" type="gene"
        link="http://www.kegg.jp/dbget-bin/www_bget?hsa:329+hsa:330">
        <graphics name="BIRC2, API1, HIAP2, Hiap-2, MIHB, RNF48, c-IAP1, cIAP1..." fgcolor="#000000" bgcolor="#BFFFBF"
             type="rectangle" x="422" y="220" width="46" height="17"/>
    </entry>
    <entry id="10" name="hsa:6885" type="gene"
        link="http://www.kegg.jp/dbget-bin/www_bget?hsa:6885">
        <graphics name="MAP3K7, CSCF, FMD2, MEKK7, TAK1, TGF1a" fgcolor="#000000" bgcolor="#BFFFBF"
             type="rectangle" x="503" y="323" width="46" height="17"/>
    </entry>
    <entry id="12" name="hsa:5609 hsa:6416" type="gene"
        link="http://www.kegg.jp/dbget-bin/www_bget?hsa:5609+hsa:6416">
        <graphics name="MAP2K7, JNKK2, MAPKK7, MEK, MEK_7, MKK7, PRKMK7, SAPKK-4, SAPKK4..." fgcolor="#000000" bgcolor="#BFFFBF"
             type="rectangle" x="661" y="306" width="46" height="17"/>
    </entry>
    <entry id="13" name="hsa:5606 hsa:5608" type="gene"
        link="http://www.kegg.jp/dbget-bin/www_bget?hsa:5606+hsa:5608">
        <graphics name="MAP2K3, MAPKK3, MEK3, MKK3, PRKMK3, SAPKK-2, SAPKK2..." fgcolor="#000000" bgcolor="#BFFFBF"
             type="rectangle" x="661" y="337" width="46" height="17"/>
    </entry>
    <entry id="16" name="hsa:1432 hsa:5600 hsa:5603 hsa:6300" type="gene"
        link="http://www.kegg.jp/dbget-bin/www_bget?hsa:1432+hsa:5600+hsa:5603+hsa:6300">
        <graphics name="MAPK14, CSBP, CSBP1, CSBP2, CSPB1, EXIP, Mxi2, PRKM14, PRKM15, RK, SAPK2A, p38, p38ALPHA..." fgcolor="#000000" bgcolor="#BFFFBF"
             type="rectangle" x="739" y="337" width="46" height="17"/>
    </entry>
    <entry id="18" name="hsa:5599 hsa:5601 hsa:5602" type="gene"
        link="http://www.kegg.jp/dbget-bin/www_bget?hsa:5599+hsa:5601+hsa:5602">
        <graphics name="MAPK8, JNK, JNK-46, JNK1, JNK1A2, JNK21B1/2, PRKM8, SAPK1, SAPK1c..." fgcolor="#000000" bgcolor="#BFFFBF"
             type="rectangle" x="739" y="306" width="46" height="17"/>
    </entry>
    <entry id="20" name="hsa:8517" type="gene"
        link="http://www.kegg.jp/dbget-bin/www_bget?hsa:8517">
        <graphics name="IKBKG, AMCBX1, FIP-3, FIP3, Fip3p, IKK-gamma, IKKAP1, IKKG, IMD33, IP, IP1, IP2, IPD2, NEMO, ZC2HC9" fgcolor="#000000" bgcolor="#BFFFBF"
             type="rectangle" x="582" y="470" width="46" height="17"/>
    </entry>
    <entry id="21" name="hsa:3551" type="gene"
        link="http://www.kegg.jp/dbget-bin/www_bget?hsa:3551">
        <graphics name="IKBKB, IKK-beta, IKK2, IKKB, IMD15, NFKBIKB" fgcolor="#000000" bgcolor="#BFFFBF"
             type="rectangle" x="582" y="436" width="46" height="17"/>
    </entry>
    <entry id="23" name="hsa:4792" type="gene"
        link="http://www.kegg.jp/dbget-bin/www_bget?hsa:4792">
        <graphics name="NFKBIA, IKBA, MAD-3, NFKBI" fgcolor="#000000" bgcolor="#BFFFBF"
             type="rectangle" x="661" y="436" width="46" height="17"/>
    </entry>
    <entry id="24" name="hsa:4790 hsa:5970" type="gene"
        link="http://www.kegg.jp/dbget-bin/www_bget?hsa:4790+hsa:5970">
        <graphics name="NFKB1, CVID12, EBP-1, KBF1, NF-kB1, NF-kappa-B1, NF-kappaB, NFKB-p105, NFKB-p50, NFkappaB, p105, p50..." fgcolor="#000000" bgcolor="#BFFFBF"
             type="rectangle" x="661" y="466" width="46" height="17"/>
    </entry>
    <entry id="25" name="hsa:4790 hsa:5970" type="gene"
        link="http://www.kegg.jp/dbget-bin/www_bget?hsa:4790+hsa:5970">
        <graphics name="NFKB1, CVID12, EBP-1, KBF1, NF-kB1, NF-kappa-B1, NF-kappaB, NFKB-p105, NFKB-p50, NFkappaB, p105, p50..." fgcolor="#000000" bgcolor="#BFFFBF"
             type="rectangle" x="582" y="372" width="46" height="17"/>
    </entry>
    <entry id="27" name="hsa:1326" type="gene"
        link="http://www.kegg.jp/dbget-bin/www_bget?hsa:1326">
        <graphics name="MAP3K8, AURA2, COT, EST, ESTF, MEKK8, TPL2, Tpl-2, c-COT" fgcolor="#000000" bgcolor="#BFFFBF"
             type="rectangle" x="582" y="355" width="46" height="17"/>
    </entry>
    <entry id="28" name="hsa:5604" type="gene"
        link="http://www.kegg.jp/dbget-bin/www_bget?hsa:5604">
        <graphics name="MAP2K1, CFC3, MAPKK1, MEK1, MKK1, PRKMK1" fgcolor="#000000" bgcolor="#BFFFBF"
             type="rectangle" x="661" y="388" width="46" height="17"/>
    </entry>
    <entry id="32" name="hsa:5594 hsa:5595" type="gene"
        link="http://www.kegg.jp/dbget-bin/www_bget?hsa:5594+hsa:5595">
        <graphics name="MAPK1, ERK, ERK-2, ERK2, ERT1, MAPK2, P42MAPK, PRKM1, PRKM2, p38, p40, p41, p41mapk, p42-MAPK..." fgcolor="#000000" bgcolor="#BFFFBF"
             type="rectangle" x="739" y="388" width="46" height="17"/>
    </entry>
    <entry id="34" name="hsa:8986 hsa:9252" type="gene"
        link="http://www.kegg.jp/dbget-bin/www_bget?hsa:8986+hsa:9252">
        <graphics name="RPS6KA4, MSK2, RSK-B, S6K-alpha-4..." fgcolor="#000000" bgcolor="#BFFFBF"
             type="rectangle" x="820" y="369" width="46" height="17"/>
    </entry>
    <entry id="36" name="hsa:10488 hsa:1385 hsa:1386 hsa:1388 hsa:148327 hsa:468 hsa:64764 hsa:84699 hsa:90993 hsa:9586" type="gene"
        link="http://www.kegg.jp/dbget-bin/www_bget?hsa:10488+hsa:1385+hsa:1386+hsa:1388+hsa:148327+hsa:468+hsa:64764+hsa:84699+hsa:90993+hsa:9586">
        <graphics name="CREB3, LUMAN, LZIP, sLZIP..." fgcolor="#000000" bgcolor="#BFFFBF"
             type="rectangle" x="897" y="369" width="46" height="17"/>
    </entry>
    <entry id="38" name="hsa:1051" type="gene"
        link="http://www.kegg.jp/dbget-bin/www_bget?hsa:1051">
        <graphics name="CEBPB, C/EBP-beta, IL6DBP, NF-IL6, TCF5" fgcolor="#000000" bgcolor="#BFFFBF"
             type="rectangle" x="897" y="337" width="46" height="17"/>
    </entry>
    <entry id="40" name="hsa:2353 hsa:3725" type="gene"
        link="http://www.kegg.jp/dbget-bin/www_bget?hsa:2353+hsa:3725">
        <graphics name="FOS, AP-1, C-FOS, p55..." fgcolor="#000000" bgcolor="#BFFFBF"
             type="rectangle" x="896" y="306" width="46" height="17"/>
    </entry>
    <entry id="43" name="hsa:8772" type="gene"
        link="http://www.kegg.jp/dbget-bin/www_bget?hsa:8772">
        <graphics name="FADD, GIG3, MORT1" fgcolor="#000000" bgcolor="#BFFFBF"
             type="rectangle" x="658" y="152" width="46" height="17"/>
    </entry>
    <entry id="45" name="hsa:841" type="gene"
        link="http://www.kegg.jp/dbget-bin/www_bget?hsa:841">
        <graphics name="CASP8, ALPS2B, CAP4, Casp-8, FLICE, MACH, MCH5" fgcolor="#000000" bgcolor="#BFFFBF"
             type="rectangle" x="736" y="170" width="46" height="17"/>
    </entry>
    <entry id="47" name="hsa:840" type="gene"
        link="http://www.kegg.jp/dbget-bin/www_bget?hsa:840">
        <graphics name="CASP7, CASP-7, CMH-1, ICE-LAP3, LICE2, MCH3" fgcolor="#000000" bgcolor="#BFFFBF"
             type="rectangle" x="814" y="142" width="46" height="17"/>
    </entry>
    <entry id="48" name="hsa:836" type="gene"
        link="http://www.kegg.jp/dbget-bin/www_bget?hsa:836">
        <graphics name="CASP3, CPP32, CPP32B, SCA-1" fgcolor="#000000" bgcolor="#BFFFBF"
             type="rectangle" x="814" y="164" width="46" height="17"/>
    </entry>
    <entry id="51" name="hsa:8737" type="gene"
        link="http://www.kegg.jp/dbget-bin/www_bget?hsa:8737">
        <graphics name="RIPK1, IMD57, RIP, RIP-1, RIP1" fgcolor="#000000" bgcolor="#BFFFBF"
             type="rectangle" x="420" y="534" width="46" height="17"/>
    </entry>
    <entry id="53" name="hsa:6347" type="gene"
        link="http://www.kegg.jp/dbget-bin/www_bget?hsa:6347">
        <graphics name="CCL2, GDCF-2, HC11, HSMCR30, MCAF, MCP-1, MCP1, SCYA2, SMC-CF" fgcolor="#000000" bgcolor="#BFFFBF"
             type="rectangle" x="1117" y="132" width="46" height="17"/>
    </entry>
    <entry id="54" name="hsa:6352" type="gene"
        link="http://www.kegg.jp/dbget-bin/www_bget?hsa:6352">
        <graphics name="CCL5, D17S136E, RANTES, SCYA5, SIS-delta, SISd, TCP228, eoCP" fgcolor="#000000" bgcolor="#BFFFBF"
             type="rectangle" x="1167" y="132" width="46" height="17"/>
    </entry>
    <entry id="55" name="hsa:6364" type="gene"
        link="http://www.kegg.jp/dbget-bin/www_bget?hsa:6364">
        <graphics name="CCL20, CKb4, Exodus, LARC, MIP-3-alpha, MIP-3a, MIP3A, SCYA20, ST38" fgcolor="#000000" bgcolor="#BFFFBF"
             type="rectangle" x="1217" y="132" width="46" height="17"/>
    </entry>
    <entry id="56" name="hsa:2919 hsa:2920 hsa:2921" type="gene"
        link="http://www.kegg.jp/dbget-bin/www_bget?hsa:2919+hsa:2920+hsa:2921">
        <graphics name="CXCL1, FSP, GRO1, GROa, MGSA, MGSA-a, NAP-3, SCYB1..." fgcolor="#000000" bgcolor="#BFFFBF"
             type="rectangle" x="1117" y="152" width="46" height="17"/>
    </entry>
    <entry id="57" name="hsa:2919 hsa:2920 hsa:2921" type="gene"
        link="http://www.kegg.jp/dbget-bin/www_bget?hsa:2919+hsa:2920+hsa:2921">
        <graphics name="CXCL1, FSP, GRO1, GROa, MGSA, MGSA-a, NAP-3, SCYB1..." fgcolor="#000000" bgcolor="#BFFFBF"
             type="rectangle" x="1167" y="152" width="46" height="17"/>
    </entry>
    <entry id="58" name="hsa:2919 hsa:2920 hsa:2921" type="gene"
        link="http://www.kegg.jp/dbget-bin/www_bget?hsa:2919+hsa:2920+hsa:2921">
        <graphics name="CXCL1, FSP, GRO1, GROa, MGSA, MGSA-a, NAP-3, SCYB1..." fgcolor="#000000" bgcolor="#BFFFBF"
             type="rectangle" x="1217" y="152" width="46" height="17"/>
    </entry>
    <entry id="59" name="hsa:6374" type="gene"
        link="http://www.kegg.jp/dbget-bin/www_bget?hsa:6374">
        <graphics name="CXCL5, ENA-78, SCYB5" fgcolor="#000000" bgcolor="#BFFFBF"
             type="rectangle" x="1117" y="173" width="46" height="17"/>
    </entry>
    <entry id="60" name="hsa:3627" type="gene"
        link="http://www.kegg.jp/dbget-bin/www_bget?hsa:3627">
        <graphics name="CXCL10, C7, IFI10, INP10, IP-10, SCYB10, crg-2, gIP-10, mob-1" fgcolor="#000000" bgcolor="#BFFFBF"
             type="rectangle" x="1167" y="173" width="46" height="17"/>
    </entry>
    <entry id="61" name="hsa:6376" type="gene"
        link="http://www.kegg.jp/dbget-bin/www_bget?hsa:6376">
        <graphics name="CX3CL1, ABCD-3, C3Xkine, CXC3, CXC3C, NTN, NTT, SCYD1, fractalkine, neurotactin" fgcolor="#000000" bgcolor="#BFFFBF"
             type="rectangle" x="1217" y="173" width="46" height="17"/>
    </entry>
    <entry id="62" name="hsa:1435" type="gene"
        link="http://www.kegg.jp/dbget-bin/www_bget?hsa:1435">
        <graphics name="CSF1, CSF-1, MCSF" fgcolor="#000000" bgcolor="#BFFFBF"
             type="rectangle" x="1117" y="209" width="46" height="17"/>
    </entry>
    <entry id="63" name="hsa:1437" type="gene"
        link="http://www.kegg.jp/dbget-bin/www_bget?hsa:1437">
        <graphics name="CSF2, CSF, GMCSF" fgcolor="#000000" bgcolor="#BFFFBF"
             type="rectangle" x="1167" y="209" width="46" height="17"/>
    </entry>
    <entry id="64" name="hsa:355" type="gene"
        link="http://www.kegg.jp/dbget-bin/www_bget?hsa:355">
        <graphics name="FAS, ALPS1A, APO-1, APT1, CD95, FAS1, FASTM, TNFRSF6" fgcolor="#000000" bgcolor="#BFFFBF"
             type="rectangle" x="1117" y="245" width="46" height="17"/>
    </entry>
    <entry id="65" name="hsa:8809" type="gene"
        link="http://www.kegg.jp/dbget-bin/www_bget?hsa:8809">
        <graphics name="IL18R1, CD218a, CDw218a, IL-1Rrp, IL18RA, IL1RRP" fgcolor="#000000" bgcolor="#BFFFBF"
             type="rectangle" x="1167" y="245" width="46" height="17"/>
    </entry>
    <entry id="66" name="hsa:182" type="gene"
        link="http://www.kegg.jp/dbget-bin/www_bget?hsa:182">
        <graphics name="JAG1, AGS, AGS1, AHD, AWS, CD339, DCHE, HJ1, JAGL1" fgcolor="#000000" bgcolor="#BFFFBF"
             type="rectangle" x="1216" y="245" width="46" height="17"/>
    </entry>
    <entry id="67" name="hsa:3553" type="gene"
        link="http://www.kegg.jp/dbget-bin/www_bget?hsa:3553">
        <graphics name="IL1B, IL-1, IL1-BETA, IL1F2" fgcolor="#000000" bgcolor="#BFFFBF"
             type="rectangle" x="1117" y="281" width="46" height="17"/>
    </entry>
    <entry id="68" name="hsa:3569" type="gene"
        link="http://www.kegg.jp/dbget-bin/www_bget?hsa:3569">
        <graphics name="IL6, BSF-2, BSF2, CDF, HGF, HSF, IFN-beta-2, IFNB2, IL-6" fgcolor="#000000" bgcolor="#BFFFBF"
             type="rectangle" x="1167" y="282" width="46" height="17"/>
    </entry>
    <entry id="69" name="hsa:3600" type="gene"
        link="http://www.kegg.jp/dbget-bin/www_bget?hsa:3600">
        <graphics name="IL15, IL-15" fgcolor="#000000" bgcolor="#BFFFBF"
             type="rectangle" x="1216" y="282" width="46" height="17"/>
    </entry>
    <entry id="70" name="hsa:3976" type="gene"
        link="http://www.kegg.jp/dbget-bin/www_bget?hsa:3976">
        <graphics name="LIF, CDF, DIA, HILDA, MLPLI" fgcolor="#000000" bgcolor="#BFFFBF"
             type="rectangle" x="1265" y="282" width="46" height="17"/>
    </entry>
    <entry id="71" name="hsa:4049 hsa:7124" type="gene"
        link="http://www.kegg.jp/dbget-bin/www_bget?hsa:4049+hsa:7124">
        <graphics name="LTA, LT, TNFB, TNFSF1, TNLG1E..." fgcolor="#000000" bgcolor="#BFFFBF"
             type="rectangle" x="1315" y="282" width="46" height="17"/>
    </entry>
    <entry id="72" name="hsa:602" type="gene"
        link="http://www.kegg.jp/dbget-bin/www_bget?hsa:602">
        <graphics name="BCL3, BCL4, D19S37" fgcolor="#000000" bgcolor="#BFFFBF"
             type="rectangle" x="1117" y="317" width="46" height="17"/>
    </entry>
    <entry id="73" name="hsa:4792" type="gene"
        link="http://www.kegg.jp/dbget-bin/www_bget?hsa:4792">
        <graphics name="NFKBIA, IKBA, MAD-3, NFKBI" fgcolor="#000000" bgcolor="#BFFFBF"
             type="rectangle" x="1167" y="316" width="46" height="17"/>
    </entry>
    <entry id="74" name="hsa:9021" type="gene"
        link="http://www.kegg.jp/dbget-bin/www_bget?hsa:9021">
        <graphics name="SOCS3, ATOD4, CIS3, Cish3, SOCS-3, SSI-3, SSI3" fgcolor="#000000" bgcolor="#BFFFBF"
             type="rectangle" x="1216" y="316" width="46" height="17"/>
    </entry>
    <entry id="75" name="hsa:7128" type="gene"
        link="http://www.kegg.jp/dbget-bin/www_bget?hsa:7128">
        <graphics name="TNFAIP3, A20, AISBL, OTUD7C, TNFA1P2" fgcolor="#000000" bgcolor="#BFFFBF"
             type="rectangle" x="1265" y="316" width="46" height="17"/>
    </entry>
    <entry id="76" name="hsa:7185" type="gene"
        link="http://www.kegg.jp/dbget-bin/www_bget?hsa:7185">
        <graphics name="TRAF1, EBI6, MGC:10353" fgcolor="#000000" bgcolor="#BFFFBF"
             type="rectangle" x="1315" y="316" width="46" height="17"/>
    </entry>
    <entry id="77" name="ko:K17072" type="ortholog"
        link="http://www.kegg.jp/dbget-bin/www_bget?K17072">
        <graphics name="K17072" fgcolor="#000000" bgcolor="#FFFFFF"
             type="rectangle" x="1117" y="353" width="46" height="17"/>
    </entry>
    <entry id="78" name="hsa:2353" type="gene"
        link="http://www.kegg.jp/dbget-bin/www_bget?hsa:2353">
        <graphics name="FOS, AP-1, C-FOS, p55" fgcolor="#000000" bgcolor="#BFFFBF"
             type="rectangle" x="1117" y="389" width="46" height="17"/>
    </entry>
    <entry id="79" name="hsa:3725" type="gene"
        link="http://www.kegg.jp/dbget-bin/www_bget?hsa:3725">
        <graphics name="JUN, AP-1, AP1, c-Jun, p39" fgcolor="#000000" bgcolor="#BFFFBF"
             type="rectangle" x="1168" y="389" width="46" height="17"/>
    </entry>
    <entry id="80" name="hsa:3726" type="gene"
        link="http://www.kegg.jp/dbget-bin/www_bget?hsa:3726">
        <graphics name="JUNB, AP-1" fgcolor="#000000" bgcolor="#BFFFBF"
             type="rectangle" x="1219" y="389" width="46" height="17"/>
    </entry>
    <entry id="81" name="hsa:4314" type="gene"
        link="http://www.kegg.jp/dbget-bin/www_bget?hsa:4314">
        <graphics name="MMP3, CHDS6, MMP-3, SL-1, STMY, STMY1, STR1" fgcolor="#000000" bgcolor="#BFFFBF"
             type="rectangle" x="1117" y="425" width="46" height="17"/>
    </entry>
    <entry id="82" name="hsa:4318" type="gene"
        link="http://www.kegg.jp/dbget-bin/www_bget?hsa:4318">
        <graphics name="MMP9, CLG4B, GELB, MANDP2, MMP-9" fgcolor="#000000" bgcolor="#BFFFBF"
             type="rectangle" x="1168" y="425" width="46" height="17"/>
    </entry>
    <entry id="83" name="hsa:4323" type="gene"
        link="http://www.kegg.jp/dbget-bin/www_bget?hsa:4323">
        <graphics name="MMP14, MMP-14, MMP-X1, MT-MMP, MT-MMP_1, MT1-MMP, MT1MMP, MTMMP1, WNCHRS" fgcolor="#000000" bgcolor="#BFFFBF"
             type="rectangle" x="1219" y="425" width="46" height="17"/>
    </entry>
    <entry id="84" name="hsa:1906" type="gene"
        link="http://www.kegg.jp/dbget-bin/www_bget?hsa:1906">
        <graphics name="EDN1, ARCND3, ET1, HDLCQ7, PPET1, QME" fgcolor="#000000" bgcolor="#BFFFBF"
             type="rectangle" x="1117" y="461" width="46" height="17"/>
    </entry>
    <entry id="85" name="hsa:7424" type="gene"
        link="http://www.kegg.jp/dbget-bin/www_bget?hsa:7424">
        <graphics name="VEGFC, Flt4-L, LMPH1D, VRP" fgcolor="#000000" bgcolor="#BFFFBF"
             type="rectangle" x="1168" y="461" width="46" height="17"/>
    </entry>
    <entry id="86" name="hsa:64127" type="gene"
        link="http://www.kegg.jp/dbget-bin/www_bget?hsa:64127">
        <graphics name="NOD2, ACUG, BLAU, BLAUS, CARD15, CD, CLR16.3, IBD1, NLRC2, NOD2B, PSORAS1, YAOS" fgcolor="#000000" bgcolor="#BFFFBF"
             type="rectangle" x="1117" y="497" width="46" height="17"/>
    </entry>
    <entry id="87" name="hsa:3383" type="gene"
        link="http://www.kegg.jp/dbget-bin/www_bget?hsa:3383">
        <graphics name="ICAM1, BB2, CD54, P3.58" fgcolor="#000000" bgcolor="#BFFFBF"
             type="rectangle" x="1117" y="533" width="46" height="17"/>
    </entry>
    <entry id="88" name="hsa:6401" type="gene"
        link="http://www.kegg.jp/dbget-bin/www_bget?hsa:6401">
        <graphics name="SELE, CD62E, ELAM, ELAM1, ESEL, LECAM2" fgcolor="#000000" bgcolor="#BFFFBF"
             type="rectangle" x="1168" y="533" width="46" height="17"/>
    </entry>
    <entry id="89" name="hsa:7412" type="gene"
        link="http://www.kegg.jp/dbget-bin/www_bget?hsa:7412">
        <graphics name="VCAM1, CD106, INCAM-100" fgcolor="#000000" bgcolor="#BFFFBF"
             type="rectangle" x="1219" y="533" width="46" height="17"/>
    </entry>
    <entry id="90" name="hsa:5743" type="gene"
        link="http://www.kegg.jp/dbget-bin/www_bget?hsa:5743">
        <graphics name="PTGS2, COX-2, COX2, GRIPGHS, PGG/HS, PGHS-2, PHS-2, hCox-2" fgcolor="#000000" bgcolor="#BFFFBF"
             type="rectangle" x="1117" y="569" width="46" height="17"/>
    </entry>
    <entry id="91" name="hsa:4049 hsa:7124" type="gene"
        link="http://www.kegg.jp/dbget-bin/www_bget?hsa:4049+hsa:7124">
        <graphics name="LTA, LT, TNFB, TNFSF1, TNLG1E..." fgcolor="#000000" bgcolor="#BFFFBF"
             type="rectangle" x="166" y="743" width="46" height="17"/>
    </entry>
    <entry id="92" name="hsa:7133" type="gene"
        link="http://www.kegg.jp/dbget-bin/www_bget?hsa:7133">
        <graphics name="TNFRSF1B, CD120b, TBPII, TNF-R-II, TNF-R75, TNFBR, TNFR1B, TNFR2, TNFR80, p75, p75TNFR" fgcolor="#000000" bgcolor="#BFFFBF"
             type="rectangle" x="259" y="743" width="46" height="17"/>
    </entry>
    <entry id="95" name="hsa:7185" type="gene"
        link="http://www.kegg.jp/dbget-bin/www_bget?hsa:7185">
        <graphics name="TRAF1, EBI6, MGC:10353" fgcolor="#000000" bgcolor="#BFFFBF"
             type="rectangle" x="420" y="726" width="46" height="17"/>
    </entry>
    <entry id="96" name="hsa:7186" type="gene"
        link="http://www.kegg.jp/dbget-bin/www_bget?hsa:7186">
        <graphics name="TRAF2, MGC:45012, RNF117, TRAP, TRAP3" fgcolor="#000000" bgcolor="#BFFFBF"
             type="rectangle" x="420" y="743" width="46" height="17"/>
    </entry>
    <entry id="98" name="hsa:329 hsa:330" type="gene"
        link="http://www.kegg.jp/dbget-bin/www_bget?hsa:329+hsa:330">
        <graphics name="BIRC2, API1, HIAP2, Hiap-2, MIHB, RNF48, c-IAP1, cIAP1..." fgcolor="#000000" bgcolor="#BFFFBF"
             type="rectangle" x="582" y="744" width="46" height="17"/>
    </entry>
    <entry id="100" name="hsa:5290 hsa:5291 hsa:5293 hsa:5295 hsa:5296 hsa:8503" type="gene"
        link="http://www.kegg.jp/dbget-bin/www_bget?hsa:5290+hsa:5291+hsa:5293+hsa:5295+hsa:5296+hsa:8503">
        <graphics name="PIK3CA, CLAPO, CLOVE, CWS5, MCAP, MCM, MCMTC, PI3K, PI3K-alpha, p110-alpha..." fgcolor="#000000" bgcolor="#BFFFBF"
             type="rectangle" x="582" y="654" width="46" height="17"/>
    </entry>
    <entry id="102" name="hsa:10000 hsa:207 hsa:208" type="gene"
        link="http://www.kegg.jp/dbget-bin/www_bget?hsa:10000+hsa:207+hsa:208">
        <graphics name="AKT3, MPPH, MPPH2, PKB-GAMMA, PKBG, PRKBG, RAC-PK-gamma, RAC-gamma, STK-2..." fgcolor="#000000" bgcolor="#BFFFBF"
             type="rectangle" x="739" y="654" width="46" height="17"/>
    </entry>
    <entry id="104" name="hsa:9020" type="gene"
        link="http://www.kegg.jp/dbget-bin/www_bget?hsa:9020">
        <graphics name="MAP3K14, FTDCR1B, HS, HSNIK, NIK" fgcolor="#000000" bgcolor="#BFFFBF"
             type="rectangle" x="582" y="695" width="46" height="17"/>
    </entry>
    <entry id="106" name="hsa:1147 hsa:3551 hsa:8517" type="gene"
        link="http://www.kegg.jp/dbget-bin/www_bget?hsa:1147+hsa:3551+hsa:8517">
        <graphics name="CHUK, IKBKA, IKK-alpha, IKK1, IKKA, NFKBIKA, TCF16..." fgcolor="#000000" bgcolor="#BFFFBF"
             type="rectangle" x="820" y="695" width="46" height="17"/>
    </entry>
    <entry id="108" name="hsa:7187" type="gene"
        link="http://www.kegg.jp/dbget-bin/www_bget?hsa:7187">
        <graphics name="TRAF3, CAP-1, CAP1, CD40bp, CRAF1, IIAE5, LAP1, RNF118" fgcolor="#000000" bgcolor="#BFFFBF"
             type="rectangle" x="420" y="760" width="46" height="17"/>
    </entry>
    <entry id="109" name="hsa:11035" type="gene"
        link="http://www.kegg.jp/dbget-bin/www_bget?hsa:11035">
        <graphics name="RIPK3, RIP3" fgcolor="#000000" bgcolor="#BFFFBF"
             type="rectangle" x="499" y="534" width="46" height="17"/>
    </entry>
    <entry id="111" name="hsa:9530" type="gene"
        link="http://www.kegg.jp/dbget-bin/www_bget?hsa:9530">
        <graphics name="BAG4, BAG-4, SODD" fgcolor="#000000" bgcolor="#BFFFBF"
             type="rectangle" x="315" y="379" width="46" height="17"/>
    </entry>
    <entry id="112" name="hsa:843" type="gene"
        link="http://www.kegg.jp/dbget-bin/www_bget?hsa:843">
        <graphics name="CASP10, ALPS2, FLICE2, MCH4" fgcolor="#000000" bgcolor="#BFFFBF"
             type="rectangle" x="736" y="128" width="46" height="17"/>
    </entry>
    <entry id="115" name="hsa:197259" type="gene"
        link="http://www.kegg.jp/dbget-bin/www_bget?hsa:197259">
        <graphics name="MLKL, hMLKL" fgcolor="#000000" bgcolor="#BFFFBF"
             type="rectangle" x="582" y="534" width="46" height="17"/>
    </entry>
    <entry id="116" name="hsa:192111" type="gene"
        link="http://www.kegg.jp/dbget-bin/www_bget?hsa:192111">
        <graphics name="PGAM5, BXLBV68" fgcolor="#000000" bgcolor="#BFFFBF"
             type="rectangle" x="661" y="534" width="46" height="17"/>
    </entry>
    <entry id="117" name="hsa:192111" type="gene"
        link="http://www.kegg.jp/dbget-bin/www_bget?hsa:192111">
        <graphics name="PGAM5, BXLBV68" fgcolor="#000000" bgcolor="#BFFFBF"
             type="rectangle" x="661" y="551" width="46" height="17"/>
    </entry>
    <entry id="120" name="hsa:10059" type="gene"
        link="http://www.kegg.jp/dbget-bin/www_bget?hsa:10059">
        <graphics name="DNM1L, DLP1, DRP1, DVLP, DYMPLE, EMPF, EMPF1, HDYNIV, OPA5" fgcolor="#000000" bgcolor="#BFFFBF"
             type="rectangle" x="739" y="543" width="46" height="17"/>
    </entry>
    <entry id="121" name="path:hsa04210" type="map"
        link="http://www.kegg.jp/dbget-bin/www_bget?hsa04210">
        <graphics name="Apoptosis" fgcolor="#000000" bgcolor="#FFFFFF"
             type="roundrectangle" x="1009" y="121" width="92" height="25"/>
    </entry>
    <entry id="123" name="hsa:10454 hsa:23118 hsa:257397" type="gene"
        link="http://www.kegg.jp/dbget-bin/www_bget?hsa:10454+hsa:23118+hsa:257397">
        <graphics name="TAB1, 3'-Tab1, MAP3K7IP1..." fgcolor="#000000" bgcolor="#BFFFBF"
             type="rectangle" x="503" y="306" width="46" height="17"/>
    </entry>
    <entry id="126" name="hsa:4217" type="gene"
        link="http://www.kegg.jp/dbget-bin/www_bget?hsa:4217">
        <graphics name="MAP3K5, ASK1, MAPKKK5, MEKK5" fgcolor="#000000" bgcolor="#BFFFBF"
             type="rectangle" x="504" y="280" width="46" height="17"/>
    </entry>
    <entry id="128" name="hsa:1147" type="gene"
        link="http://www.kegg.jp/dbget-bin/www_bget?hsa:1147">
        <graphics name="CHUK, IKBKA, IKK-alpha, IKK1, IKKA, NFKBIKA, TCF16" fgcolor="#000000" bgcolor="#BFFFBF"
             type="rectangle" x="582" y="453" width="46" height="17"/>
    </entry>
    <entry id="130" name="hsa:83737" type="gene"
        link="http://www.kegg.jp/dbget-bin/www_bget?hsa:83737">
        <graphics name="ITCH, ADMFD, AIF4, AIP4, NAPP1" fgcolor="#000000" bgcolor="#BFFFBF"
             type="rectangle" x="737" y="220" width="46" height="17"/>
    </entry>
    <entry id="133" name="hsa:8837" type="gene"
        link="http://www.kegg.jp/dbget-bin/www_bget?hsa:8837">
        <graphics name="CFLAR, CASH, CASP8AP1, CLARP, Casper, FLAME, FLAME-1, FLAME1, FLIP, I-FLICE, MRIT, c-FLIP, c-FLIPL, c-FLIPR, c-FLIPS" fgcolor="#000000" bgcolor="#BFFFBF"
             type="rectangle" x="816" y="220" width="46" height="17"/>
    </entry>
    <entry id="135" name="hsa:5599 hsa:5601 hsa:5602" type="gene"
        link="http://www.kegg.jp/dbget-bin/www_bget?hsa:5599+hsa:5601+hsa:5602">
        <graphics name="MAPK8, JNK, JNK-46, JNK1, JNK1A2, JNK21B1/2, PRKM8, SAPK1, SAPK1c..." fgcolor="#000000" bgcolor="#BFFFBF"
             type="rectangle" x="743" y="806" width="46" height="17"/>
    </entry>
    <entry id="138" name="hsa:4790 hsa:5970" type="gene"
        link="http://www.kegg.jp/dbget-bin/www_bget?hsa:4790+hsa:5970">
        <graphics name="NFKB1, CVID12, EBP-1, KBF1, NF-kB1, NF-kappa-B1, NF-kappaB, NFKB-p105, NFKB-p50, NFkappaB, p105, p50..." fgcolor="#000000" bgcolor="#BFFFBF"
             type="rectangle" x="906" y="665" width="46" height="17"/>
    </entry>
    <entry id="139" name="hsa:4792" type="gene"
        link="http://www.kegg.jp/dbget-bin/www_bget?hsa:4792">
        <graphics name="NFKBIA, IKBA, MAD-3, NFKBI" fgcolor="#000000" bgcolor="#BFFFBF"
             type="rectangle" x="906" y="695" width="46" height="17"/>
    </entry>
    <entry id="141" name="hsa:3725" type="gene"
        link="http://www.kegg.jp/dbget-bin/www_bget?hsa:3725">
        <graphics name="JUN, AP-1, AP1, c-Jun, p39" fgcolor="#000000" bgcolor="#BFFFBF"
             type="rectangle" x="903" y="806" width="46" height="17"/>
    </entry>
    <entry id="143" name="hsa:153090" type="gene"
        link="http://www.kegg.jp/dbget-bin/www_bget?hsa:153090">
        <graphics name="DAB2IP, AF9Q34, AIP-1, AIP1, DIP1/2" fgcolor="#000000" bgcolor="#BFFFBF"
             type="rectangle" x="581" y="806" width="46" height="17"/>
    </entry>
    <entry id="145" name="hsa:8737" type="gene"
        link="http://www.kegg.jp/dbget-bin/www_bget?hsa:8737">
        <graphics name="RIPK1, IMD57, RIP, RIP-1, RIP1" fgcolor="#000000" bgcolor="#BFFFBF"
             type="rectangle" x="739" y="744" width="46" height="17"/>
    </entry>
    <entry id="147" name="hsa:9020" type="gene"
        link="http://www.kegg.jp/dbget-bin/www_bget?hsa:9020">
        <graphics name="MAP3K14, FTDCR1B, HS, HSNIK, NIK" fgcolor="#000000" bgcolor="#BFFFBF"
             type="rectangle" x="504" y="381" width="46" height="17"/>
    </entry>
    <entry id="151" name="hsa:5606" type="gene"
        link="http://www.kegg.jp/dbget-bin/www_bget?hsa:5606">
        <graphics name="MAP2K3, MAPKK3, MEK3, MKK3, PRKMK3, SAPKK-2, SAPKK2" fgcolor="#000000" bgcolor="#BFFFBF"
             type="rectangle" x="820" y="743" width="46" height="17"/>
    </entry>
    <entry id="153" name="hsa:1432 hsa:5600 hsa:5603 hsa:6300" type="gene"
        link="http://www.kegg.jp/dbget-bin/www_bget?hsa:1432+hsa:5600+hsa:5603+hsa:6300">
        <graphics name="MAPK14, CSBP, CSBP1, CSBP2, CSPB1, EXIP, Mxi2, PRKM14, PRKM15, RK, SAPK2A, p38, p38ALPHA..." fgcolor="#000000" bgcolor="#BFFFBF"
             type="rectangle" x="906" y="743" width="46" height="17"/>
    </entry>
    <entry id="157" name="path:hsa04064" type="map"
        link="http://www.kegg.jp/dbget-bin/www_bget?hsa04064">
        <graphics name="NF-kappa B signaling pathway" fgcolor="#000000" bgcolor="#FFFFFF"
             type="roundrectangle" x="747" y="490" width="106" height="34"/>
    </entry>
    <entry id="160" name="path:hsa04010" type="map"
        link="http://www.kegg.jp/dbget-bin/www_bget?hsa04010">
        <graphics name="MAPK signaling pathway" fgcolor="#000000" bgcolor="#FFFFFF"
             type="roundrectangle" x="628" y="267" width="106" height="34"/>
    </entry>
    <entry id="161" name="path:hsa04151" type="map"
        link="http://www.kegg.jp/dbget-bin/www_bget?hsa04151">
        <graphics name="PI3K-Akt signaling pathway" fgcolor="#000000" bgcolor="#FFFFFF"
             type="roundrectangle" x="657" y="626" width="106" height="34"/>
    </entry>
    <entry id="163" name="path:hsa04120" type="map"
        link="http://www.kegg.jp/dbget-bin/www_bget?hsa04120">
        <graphics name="Ubiquitin mediated proteolysis" fgcolor="#000000" bgcolor="#FFFFFF"
             type="roundrectangle" x="859" y="410" width="106" height="34"/>
    </entry>
    <entry id="165" name="hsa:3659" type="gene"
        link="http://www.kegg.jp/dbget-bin/www_bget?hsa:3659">
        <graphics name="IRF1, IRF-1, MAR" fgcolor="#000000" bgcolor="#BFFFBF"
             type="rectangle" x="906" y="868" width="46" height="17"/>
    </entry>
    <entry id="166" name="hsa:3456" type="gene"
        link="http://www.kegg.jp/dbget-bin/www_bget?hsa:3456">
        <graphics name="IFNB1, IFB, IFF, IFN-beta, IFNB" fgcolor="#000000" bgcolor="#BFFFBF"
             type="rectangle" x="1117" y="868" width="46" height="17"/>
    </entry>
    <relation entry1="2" entry2="3" type="PPrel">
        <subtype name="activation" value="--&gt;"/>
    </relation>
    <relation entry1="3" entry2="4" type="PPrel">
        <subtype name="activation" value="--&gt;"/>
    </relation>
    <relation entry1="5" entry2="10" type="PPrel">
        <subtype name="activation" value="--&gt;"/>
    </relation>
    <relation entry1="10" entry2="12" type="PPrel">
        <subtype name="phosphorylation" value="+p"/>
    </relation>
    <relation entry1="12" entry2="18" type="PPrel">
        <subtype name="phosphorylation" value="+p"/>
    </relation>
    <relation entry1="18" entry2="40" type="PPrel">
        <subtype name="indirect effect" value="..&gt;"/>
    </relation>
    <relation entry1="10" entry2="13" type="PPrel">
        <subtype name="phosphorylation" value="+p"/>
    </relation>
    <relation entry1="13" entry2="16" type="PPrel">
        <subtype name="phosphorylation" value="+p"/>
    </relation>
    <relation entry1="16" entry2="38" type="PPrel">
        <subtype name="activation" value="--&gt;"/>
    </relation>
    <relation entry1="10" entry2="21" type="PPrel">
        <subtype name="phosphorylation" value="+p"/>
    </relation>
    <relation entry1="27" entry2="12" type="PPrel">
        <subtype name="activation" value="--&gt;"/>
    </relation>
    <relation entry1="27" entry2="28" type="PPrel">
        <subtype name="phosphorylation" value="+p"/>
    </relation>
    <relation entry1="28" entry2="32" type="PPrel">
        <subtype name="phosphorylation" value="+p"/>
    </relation>
    <relation entry1="16" entry2="34" type="PPrel">
        <subtype name="indirect effect" value="..&gt;"/>
    </relation>
    <relation entry1="32" entry2="34" type="PPrel">
        <subtype name="indirect effect" value="..&gt;"/>
    </relation>
    <relation entry1="34" entry2="36" type="PPrel">
        <subtype name="activation" value="--&gt;"/>
    </relation>
    <relation entry1="5" entry2="147" type="PPrel">
        <subtype name="activation" value="--&gt;"/>
    </relation>
    <relation entry1="147" entry2="128" type="PPrel">
        <subtype name="phosphorylation" value="+p"/>
    </relation>
    <relation entry1="21" entry2="23" type="PPrel">
        <subtype name="phosphorylation" value="+p"/>
    </relation>
    <relation entry1="23" entry2="24" type="PPrel">
        <subtype name="dissociation" value="-+-"/>
    </relation>
    <relation entry1="6" entry2="20" type="PPrel">
        <subtype name="activation" value="--&gt;"/>
    </relation>
    <relation entry1="5" entry2="8" type="PPrel">
        <subtype name="activation" value="--&gt;"/>
    </relation>
    <relation entry1="8" entry2="6" type="PPrel">
        <subtype name="ubiquitination" value="+u"/>
    </relation>
    <relation entry1="18" entry2="130" type="PPrel">
        <subtype name="phosphorylation" value="+p"/>
    </relation>
    <relation entry1="130" entry2="133" type="PPrel">
        <subtype name="inhibition" value="--|"/>
    </relation>
    <relation entry1="133" entry2="45" type="PPrel">
        <subtype name="inhibition" value="--|"/>
    </relation>
    <relation entry1="4" entry2="43" type="PPrel">
        <subtype name="activation" value="--&gt;"/>
    </relation>
    <relation entry1="43" entry2="112" type="PPrel">
        <subtype name="activation" value="--&gt;"/>
    </relation>
    <relation entry1="43" entry2="45" type="PPrel">
        <subtype name="activation" value="--&gt;"/>
    </relation>
    <relation entry1="112" entry2="47" type="PPrel">
        <subtype name="activation" value="--&gt;"/>
    </relation>
    <relation entry1="112" entry2="48" type="PPrel">
        <subtype name="activation" value="--&gt;"/>
    </relation>
    <relation entry1="45" entry2="47" type="PPrel">
        <subtype name="activation" value="--&gt;"/>
    </relation>
    <relation entry1="45" entry2="48" type="PPrel">
        <subtype name="activation" value="--&gt;"/>
    </relation>
    <relation entry1="126" entry2="12" type="PPrel">
        <subtype name="activation" value="--&gt;"/>
    </relation>
    <relation entry1="3" entry2="111" type="PPrel">
        <subtype name="dissociation" value="-+-"/>
    </relation>
    <relation entry1="51" entry2="109" type="PPrel">
        <subtype name="binding/association" value="---"/>
    </relation>
    <relation entry1="109" entry2="115" type="PPrel">
        <subtype name="phosphorylation" value="+p"/>
    </relation>
    <relation entry1="115" entry2="116" type="PPrel">
        <subtype name="activation" value="--&gt;"/>
    </relation>
    <relation entry1="117" entry2="120" type="PPrel">
        <subtype name="activation" value="--&gt;"/>
        <subtype name="dephosphorylation" value="-p"/>
    </relation>
    <relation entry1="24" entry2="133" type="GErel">
        <subtype name="expression" value="--&gt;"/>
    </relation>
    <relation entry1="91" entry2="92" type="PPrel">
        <subtype name="activation" value="--&gt;"/>
    </relation>
    <relation entry1="92" entry2="96" type="PPrel">
        <subtype name="activation" value="--&gt;"/>
    </relation>
    <relation entry1="96" entry2="100" type="PPrel">
        <subtype name="activation" value="--&gt;"/>
    </relation>
    <relation entry1="100" entry2="102" type="PPrel">
        <subtype name="phosphorylation" value="+p"/>
        <subtype name="indirect effect" value="..&gt;"/>
    </relation>
    <relation entry1="96" entry2="104" type="PPrel">
        <subtype name="activation" value="--&gt;"/>
    </relation>
    <relation entry1="104" entry2="106" type="PPrel">
        <subtype name="phosphorylation" value="+p"/>
    </relation>
    <relation entry1="106" entry2="139" type="PPrel">
        <subtype name="phosphorylation" value="+p"/>
    </relation>
    <relation entry1="139" entry2="138" type="PPrel">
        <subtype name="dissociation" value="-+-"/>
    </relation>
    <relation entry1="96" entry2="98" type="PPrel">
        <subtype name="activation" value="--&gt;"/>
    </relation>
    <relation entry1="98" entry2="145" type="PPrel">
        <subtype name="activation" value="--&gt;"/>
    </relation>
    <relation entry1="145" entry2="151" type="PPrel">
        <subtype name="activation" value="--&gt;"/>
    </relation>
    <relation entry1="151" entry2="153" type="PPrel">
        <subtype name="phosphorylation" value="+p"/>
    </relation>
    <relation entry1="92" entry2="143" type="PPrel">
        <subtype name="activation" value="--&gt;"/>
    </relation>
    <relation entry1="143" entry2="135" type="PPrel">
        <subtype name="indirect effect" value="..&gt;"/>
    </relation>
    <relation entry1="135" entry2="141" type="PPrel">
        <subtype name="phosphorylation" value="+p"/>
    </relation>
    <relation entry1="92" entry2="165" type="PPrel">
        <subtype name="activation" value="--&gt;"/>
        <subtype name="indirect effect" value="..&gt;"/>
    </relation>
    <relation entry1="165" entry2="166" type="GErel">
        <subtype name="expression" value="--&gt;"/>
    </relation>
</pathway>
