<?xml version="1.0"?>
<!DOCTYPE pathway SYSTEM "http://www.kegg.jp/kegg/xml/KGML_v0.7.2_.dtd">
<!-- Creation date: Aug 22, 2013 17:04:54 +0900 (GMT+09:00) -->
<pathway name="path:hsa05340" org="hsa" number="05340"
         title="Primary immunodeficiency"
         image="http://www.kegg.jp/kegg/pathway/hsa/hsa05340.png"
         link="http://www.kegg.jp/kegg-bin/show_pathway?hsa05340">
    <entry id="1" name="path:hsa04660" type="map"
        link="http://www.kegg.jp/dbget-bin/www_bget?hsa04660">
        <graphics name="T cell receptor signaling pathway" fgcolor="#000000" bgcolor="#FFFFFF"
             type="roundrectangle" x="1182" y="189" width="113" height="34"/>
    </entry>
    <entry id="2" name="path:hsa04640" type="map"
        link="http://www.kegg.jp/dbget-bin/www_bget?hsa04640">
        <graphics name="Hematopoietic cell lineage" fgcolor="#000000" bgcolor="#FFFFFF"
             type="roundrectangle" x="753" y="388" width="112" height="34"/>
    </entry>
    <entry id="3" name="path:hsa04662" type="map"
        link="http://www.kegg.jp/dbget-bin/www_bget?hsa04662">
        <graphics name="B cell receptor signaling pathway" fgcolor="#000000" bgcolor="#FFFFFF"
             type="roundrectangle" x="825" y="692" width="112" height="34"/>
    </entry>
    <entry id="4" name="path:hsa05340" type="map"
        link="http://www.kegg.jp/dbget-bin/www_bget?hsa05340">
        <graphics name="TITLE:Primary immunodeficiency" fgcolor="#000000" bgcolor="#FFFFFF"
             type="roundrectangle" x="158" y="58" width="236" height="25"/>
    </entry>
    <entry id="5" name="hsa:6890" type="gene"
        link="http://www.kegg.jp/dbget-bin/www_bget?hsa:6890">
        <graphics name="TAP1, ABC17, ABCB2, APT1, D6S114E, PSF-1, PSF1, RING4, TAP1*0102N, TAP1N" fgcolor="#000000" bgcolor="#BFFFBF"
             type="rectangle" x="944" y="45" width="46" height="17"/>
    </entry>
    <entry id="6" name="hsa:958" type="gene"
        link="http://www.kegg.jp/dbget-bin/www_bget?hsa:958">
        <graphics name="CD40, Bp50, CDW40, TNFRSF5, p50" fgcolor="#000000" bgcolor="#BFFFBF"
             type="rectangle" x="998" y="654" width="46" height="17"/>
    </entry>
    <entry id="7" name="hsa:959" type="gene"
        link="http://www.kegg.jp/dbget-bin/www_bget?hsa:959">
        <graphics name="CD40LG, CD154, CD40L, HIGM1, IGM, IMD3, T-BAM, TNFSF5, TRAP, gp39, hCD40L" fgcolor="#000000" bgcolor="#BFFFBF"
             type="rectangle" x="1051" y="654" width="46" height="17"/>
    </entry>
    <entry id="8" name="hsa:102723407" type="gene"
        link="http://www.kegg.jp/dbget-bin/www_bget?hsa:102723407">
        <graphics name="IGH, IGH@, IGHV4, IGHV4-30, IGHV4-b, IGVH, IGVH4-39, IGVH4-b, IGVH4b, IgA, IgT, ighv" fgcolor="#000000" bgcolor="#BFFFBF"
             type="rectangle" x="741" y="542" width="46" height="17"/>
    </entry>
    <entry id="9" name="hsa:102723407" type="gene"
        link="http://www.kegg.jp/dbget-bin/www_bget?hsa:102723407">
        <graphics name="IGH, IGH@, IGHV4, IGHV4-30, IGHV4-b, IGVH, IGVH4-39, IGVH4-b, IGVH4b, IgA, IgT, ighv" fgcolor="#000000" bgcolor="#BFFFBF"
             type="rectangle" x="949" y="590" width="46" height="17"/>
    </entry>
    <entry id="10" name="hsa:920" type="gene"
        link="http://www.kegg.jp/dbget-bin/www_bget?hsa:920">
        <graphics name="CD4, CD4mut" fgcolor="#000000" bgcolor="#BFFFBF"
             type="rectangle" x="783" y="129" width="46" height="17"/>
    </entry>
    <entry id="11" name="hsa:925 hsa:926" type="gene"
        link="http://www.kegg.jp/dbget-bin/www_bget?hsa:925+hsa:926">
        <graphics name="CD8A, CD8, Leu2, MAL, p32..." fgcolor="#000000" bgcolor="#BFFFBF"
             type="rectangle" x="783" y="213" width="46" height="17"/>
    </entry>
    <entry id="12" name="hsa:925 hsa:926" type="gene"
        link="http://www.kegg.jp/dbget-bin/www_bget?hsa:925+hsa:926">
        <graphics name="CD8A, CD8, Leu2, MAL, p32..." fgcolor="#000000" bgcolor="#BFFFBF"
             type="rectangle" x="1097" y="55" width="46" height="17"/>
    </entry>
    <entry id="13" name="hsa:920" type="gene"
        link="http://www.kegg.jp/dbget-bin/www_bget?hsa:920">
        <graphics name="CD4, CD4mut" fgcolor="#000000" bgcolor="#BFFFBF"
             type="rectangle" x="1096" y="229" width="46" height="17"/>
    </entry>
    <entry id="14" name="hsa:102723407" type="gene"
        link="http://www.kegg.jp/dbget-bin/www_bget?hsa:102723407">
        <graphics name="IGH, IGH@, IGHV4, IGHV4-30, IGHV4-b, IGVH, IGVH4-39, IGVH4-b, IGVH4b, IgA, IgT, ighv" fgcolor="#000000" bgcolor="#BFFFBF"
             type="rectangle" x="1120" y="541" width="46" height="17"/>
    </entry>
    <entry id="15" name="hsa:8517" type="gene"
        link="http://www.kegg.jp/dbget-bin/www_bget?hsa:8517">
        <graphics name="IKBKG, AMCBX1, FIP-3, FIP3, Fip3p, IKK-gamma, IKKAP1, IKKG, IMD33, IP, IP1, IP2, IPD2, NEMO, ZC2HC9" fgcolor="#000000" bgcolor="#BFFFBF"
             type="rectangle" x="1025" y="521" width="46" height="17"/>
    </entry>
    <entry id="16" name="hsa:57379" type="gene"
        link="http://www.kegg.jp/dbget-bin/www_bget?hsa:57379">
        <graphics name="AICDA, AID, ARP2, CDA2, HEL-S-284, HIGM2" fgcolor="#000000" bgcolor="#BFFFBF"
             type="rectangle" x="1051" y="677" width="46" height="17"/>
    </entry>
    <entry id="17" name="hsa:7374" type="gene"
        link="http://www.kegg.jp/dbget-bin/www_bget?hsa:7374">
        <graphics name="UNG, DGU, HIGM4, HIGM5, UDG, UNG1, UNG15, UNG2" fgcolor="#000000" bgcolor="#BFFFBF"
             type="rectangle" x="998" y="677" width="46" height="17"/>
    </entry>
    <entry id="18" name="hsa:102723407" type="gene"
        link="http://www.kegg.jp/dbget-bin/www_bget?hsa:102723407">
        <graphics name="IGH, IGH@, IGHV4, IGHV4-30, IGHV4-b, IGVH, IGVH4-39, IGVH4-b, IGVH4b, IgA, IgT, ighv" fgcolor="#000000" bgcolor="#BFFFBF"
             type="rectangle" x="303" y="653" width="46" height="17"/>
    </entry>
    <entry id="19" name="hsa:973" type="gene"
        link="http://www.kegg.jp/dbget-bin/www_bget?hsa:973">
        <graphics name="CD79A, IGA, MB-1" fgcolor="#000000" bgcolor="#BFFFBF"
             type="rectangle" x="303" y="678" width="46" height="17"/>
    </entry>
    <entry id="20" name="hsa:3543" type="gene"
        link="http://www.kegg.jp/dbget-bin/www_bget?hsa:3543">
        <graphics name="IGLL1, 14.1, AGM2, CD179b, IGL1, IGL5, IGLJ14.1, IGLL, IGO, IGVPB, VPREB2" fgcolor="#000000" bgcolor="#BFFFBF"
             type="rectangle" x="356" y="654" width="46" height="17"/>
    </entry>
    <entry id="21" name="hsa:29760" type="gene"
        link="http://www.kegg.jp/dbget-bin/www_bget?hsa:29760">
        <graphics name="BLNK, AGM4, BASH, BLNK-S, LY57, SLP-65, SLP65, bca" fgcolor="#000000" bgcolor="#BFFFBF"
             type="rectangle" x="356" y="678" width="46" height="17"/>
    </entry>
    <entry id="22" name="hsa:695" type="gene"
        link="http://www.kegg.jp/dbget-bin/www_bget?hsa:695">
        <graphics name="BTK, AGMX1, AT, ATK, BPK, IMD1, PSCTK1, XLA" fgcolor="#000000" bgcolor="#BFFFBF"
             type="rectangle" x="492" y="654" width="46" height="17"/>
    </entry>
    <entry id="23" name="hsa:29851" type="gene"
        link="http://www.kegg.jp/dbget-bin/www_bget?hsa:29851">
        <graphics name="ICOS, AILIM, CD278, CVID1" fgcolor="#000000" bgcolor="#BFFFBF"
             type="rectangle" x="1165" y="654" width="46" height="17"/>
    </entry>
    <entry id="24" name="hsa:115650" type="gene"
        link="http://www.kegg.jp/dbget-bin/www_bget?hsa:115650">
        <graphics name="TNFRSF13C, BAFF-R, BAFFR, BROMIX, CD268, CVID4, prolixin" fgcolor="#000000" bgcolor="#BFFFBF"
             type="rectangle" x="1217" y="654" width="46" height="17"/>
    </entry>
    <entry id="25" name="hsa:930" type="gene"
        link="http://www.kegg.jp/dbget-bin/www_bget?hsa:930">
        <graphics name="CD19, B4, CVID3" fgcolor="#000000" bgcolor="#BFFFBF"
             type="rectangle" x="1165" y="677" width="46" height="17"/>
    </entry>
    <entry id="26" name="hsa:23495" type="gene"
        link="http://www.kegg.jp/dbget-bin/www_bget?hsa:23495">
        <graphics name="TNFRSF13B, CD267, CVID, CVID2, IGAD2, RYZN, TACI, TNFRSF14B" fgcolor="#000000" bgcolor="#BFFFBF"
             type="rectangle" x="1217" y="677" width="46" height="17"/>
    </entry>
    <entry id="27" name="hsa:100" type="gene"
        link="http://www.kegg.jp/dbget-bin/www_bget?hsa:100">
        <graphics name="ADA" fgcolor="#000000" bgcolor="#BFFFBF"
             type="rectangle" x="337" y="310" width="46" height="17"/>
    </entry>
    <entry id="28" name="hsa:3575" type="gene"
        link="http://www.kegg.jp/dbget-bin/www_bget?hsa:3575">
        <graphics name="IL7R, CD127, CDW127, IL-7R-alpha, IL7RA, ILRA" fgcolor="#000000" bgcolor="#BFFFBF"
             type="rectangle" x="390" y="310" width="46" height="17"/>
    </entry>
    <entry id="29" name="hsa:3561" type="gene"
        link="http://www.kegg.jp/dbget-bin/www_bget?hsa:3561">
        <graphics name="IL2RG, CD132, CIDX, IL-2RG, IMD4, P64, SCIDX, SCIDX1" fgcolor="#000000" bgcolor="#BFFFBF"
             type="rectangle" x="337" y="339" width="46" height="17"/>
    </entry>
    <entry id="30" name="hsa:3718" type="gene"
        link="http://www.kegg.jp/dbget-bin/www_bget?hsa:3718">
        <graphics name="JAK3, JAK-3, JAK3_HUMAN, JAKL, L-JAK, LJAK" fgcolor="#000000" bgcolor="#BFFFBF"
             type="rectangle" x="390" y="339" width="46" height="17"/>
    </entry>
    <entry id="31" name="hsa:5896" type="gene"
        link="http://www.kegg.jp/dbget-bin/www_bget?hsa:5896">
        <graphics name="RAG1, RAG-1, RNF74" fgcolor="#000000" bgcolor="#BFFFBF"
             type="rectangle" x="390" y="222" width="46" height="17"/>
    </entry>
    <entry id="32" name="hsa:5897" type="gene"
        link="http://www.kegg.jp/dbget-bin/www_bget?hsa:5897">
        <graphics name="RAG2, RAG-2" fgcolor="#000000" bgcolor="#BFFFBF"
             type="rectangle" x="443" y="222" width="46" height="17"/>
    </entry>
    <entry id="33" name="hsa:915" type="gene"
        link="http://www.kegg.jp/dbget-bin/www_bget?hsa:915">
        <graphics name="CD3D, CD3-DELTA, IMD19, T3D" fgcolor="#000000" bgcolor="#BFFFBF"
             type="rectangle" x="390" y="245" width="46" height="17"/>
    </entry>
    <entry id="34" name="hsa:916" type="gene"
        link="http://www.kegg.jp/dbget-bin/www_bget?hsa:916">
        <graphics name="CD3E, IMD18, T3E, TCRE" fgcolor="#000000" bgcolor="#BFFFBF"
             type="rectangle" x="443" y="245" width="46" height="17"/>
    </entry>
    <entry id="35" name="hsa:64421" type="gene"
        link="http://www.kegg.jp/dbget-bin/www_bget?hsa:64421">
        <graphics name="DCLRE1C, A-SCID, DCLREC1C, RS-SCID, SCIDA, SNM1C" fgcolor="#000000" bgcolor="#BFFFBF"
             type="rectangle" x="338" y="222" width="46" height="17"/>
    </entry>
    <entry id="36" name="hsa:5788" type="gene"
        link="http://www.kegg.jp/dbget-bin/www_bget?hsa:5788">
        <graphics name="PTPRC, B220, CD45, CD45R, GP180, L-CA, LCA, LY5, T200" fgcolor="#000000" bgcolor="#BFFFBF"
             type="rectangle" x="654" y="222" width="46" height="17"/>
    </entry>
    <entry id="37" name="hsa:925" type="gene"
        link="http://www.kegg.jp/dbget-bin/www_bget?hsa:925">
        <graphics name="CD8A, CD8, Leu2, MAL, p32" fgcolor="#000000" bgcolor="#BFFFBF"
             type="rectangle" x="944" y="76" width="46" height="17"/>
    </entry>
    <entry id="38" name="hsa:7535" type="gene"
        link="http://www.kegg.jp/dbget-bin/www_bget?hsa:7535">
        <graphics name="ZAP70, ADMIO2, IMD48, SRK, STCD, STD, TZK, ZAP-70" fgcolor="#000000" bgcolor="#BFFFBF"
             type="rectangle" x="969" y="100" width="46" height="17"/>
    </entry>
    <entry id="39" name="hsa:3932" type="gene"
        link="http://www.kegg.jp/dbget-bin/www_bget?hsa:3932">
        <graphics name="LCK, IMD22, LSK, YT16, p56lck, pp58lck" fgcolor="#000000" bgcolor="#BFFFBF"
             type="rectangle" x="996" y="76" width="46" height="17"/>
    </entry>
    <entry id="40" name="hsa:326" type="gene"
        link="http://www.kegg.jp/dbget-bin/www_bget?hsa:326">
        <graphics name="AIRE, AIRE1, APECED, APS1, APSI, PGA1" fgcolor="#000000" bgcolor="#BFFFBF"
             type="rectangle" x="874" y="222" width="46" height="17"/>
    </entry>
    <entry id="41" name="hsa:102723407" type="gene"
        link="http://www.kegg.jp/dbget-bin/www_bget?hsa:102723407">
        <graphics name="IGH, IGH@, IGHV4, IGHV4-30, IGHV4-b, IGVH, IGVH4-39, IGVH4-b, IGVH4b, IgA, IgT, ighv" fgcolor="#000000" bgcolor="#BFFFBF"
             type="rectangle" x="904" y="542" width="46" height="17"/>
    </entry>
    <entry id="42" name="hsa:5896" type="gene"
        link="http://www.kegg.jp/dbget-bin/www_bget?hsa:5896">
        <graphics name="RAG1, RAG-1, RNF74" fgcolor="#000000" bgcolor="#BFFFBF"
             type="rectangle" x="303" y="504" width="46" height="17"/>
    </entry>
    <entry id="43" name="hsa:5897" type="gene"
        link="http://www.kegg.jp/dbget-bin/www_bget?hsa:5897">
        <graphics name="RAG2, RAG-2" fgcolor="#000000" bgcolor="#BFFFBF"
             type="rectangle" x="356" y="504" width="46" height="17"/>
    </entry>
    <entry id="44" name="hsa:6891" type="gene"
        link="http://www.kegg.jp/dbget-bin/www_bget?hsa:6891">
        <graphics name="TAP2, ABC18, ABCB3, APT2, D6S217E, PSF-2, PSF2, RING11" fgcolor="#000000" bgcolor="#BFFFBF"
             type="rectangle" x="996" y="45" width="46" height="17"/>
    </entry>
    <entry id="45" name="hsa:5993" type="gene"
        link="http://www.kegg.jp/dbget-bin/www_bget?hsa:5993">
        <graphics name="RFX5" fgcolor="#000000" bgcolor="#BFFFBF"
             type="rectangle" x="924" y="285" width="46" height="17"/>
    </entry>
    <entry id="46" name="hsa:5994" type="gene"
        link="http://www.kegg.jp/dbget-bin/www_bget?hsa:5994">
        <graphics name="RFXAP" fgcolor="#000000" bgcolor="#BFFFBF"
             type="rectangle" x="977" y="285" width="46" height="17"/>
    </entry>
    <entry id="47" name="hsa:8625" type="gene"
        link="http://www.kegg.jp/dbget-bin/www_bget?hsa:8625">
        <graphics name="RFXANK, ANKRA1, BLS, F14150_1, RFX-B" fgcolor="#000000" bgcolor="#BFFFBF"
             type="rectangle" x="924" y="307" width="46" height="17"/>
    </entry>
    <entry id="48" name="hsa:4261" type="gene"
        link="http://www.kegg.jp/dbget-bin/www_bget?hsa:4261">
        <graphics name="CIITA, C2TA, CIITAIV, MHC2TA, NLRA" fgcolor="#000000" bgcolor="#BFFFBF"
             type="rectangle" x="977" y="307" width="46" height="17"/>
    </entry>
    <entry id="49" name="hsa:102723407" type="gene"
        link="http://www.kegg.jp/dbget-bin/www_bget?hsa:102723407">
        <graphics name="IGH, IGH@, IGHV4, IGHV4-30, IGHV4-b, IGVH, IGVH4-39, IGVH4-b, IGVH4b, IgA, IgT, ighv" fgcolor="#000000" bgcolor="#BFFFBF"
             type="rectangle" x="417" y="545" width="46" height="17"/>
    </entry>
    <entry id="50" name="hsa:102723407" type="gene"
        link="http://www.kegg.jp/dbget-bin/www_bget?hsa:102723407">
        <graphics name="IGH, IGH@, IGHV4, IGHV4-30, IGHV4-b, IGVH, IGVH4-39, IGVH4-b, IGVH4b, IgA, IgT, ighv" fgcolor="#000000" bgcolor="#BFFFBF"
             type="rectangle" x="576" y="543" width="46" height="17"/>
    </entry>
    <entry id="51" name="hsa:84876" type="gene"
        link="http://www.kegg.jp/dbget-bin/www_bget?hsa:84876">
        <graphics name="ORAI1, CRACM1, IMD9, ORAT1, TAM2, TMEM142A" fgcolor="#000000" bgcolor="#BFFFBF"
             type="rectangle" x="1183" y="53" width="46" height="17"/>
    </entry>
    <entry id="52" name="hsa:84876" type="gene"
        link="http://www.kegg.jp/dbget-bin/www_bget?hsa:84876">
        <graphics name="ORAI1, CRACM1, IMD9, ORAT1, TAM2, TMEM142A" fgcolor="#000000" bgcolor="#BFFFBF"
             type="rectangle" x="1183" y="310" width="46" height="17"/>
    </entry>
</pathway>
