<?xml version="1.0"?>
<!DOCTYPE pathway SYSTEM "http://www.kegg.jp/kegg/xml/KGML_v0.7.2_.dtd">
<!-- Creation date: Jan 21, 2019 14:23:07 +0900 (GMT+9) -->
<pathway name="path:hsa04020" org="hsa" number="04020"
         title="Calcium signaling pathway"
         image="http://www.kegg.jp/kegg/pathway/hsa/hsa04020.png"
         link="http://www.kegg.jp/kegg-bin/show_pathway?hsa04020">
    <entry id="1" name="path:hsa04730" type="map"
        link="http://www.kegg.jp/dbget-bin/www_bget?hsa04730">
        <graphics name="Long-term depression" fgcolor="#000000" bgcolor="#FFFFFF"
             type="roundrectangle" x="1012" y="472" width="141" height="25"/>
    </entry>
    <entry id="2" name="path:hsa04720" type="map"
        link="http://www.kegg.jp/dbget-bin/www_bget?hsa04720">
        <graphics name="Long-term potentiation" fgcolor="#000000" bgcolor="#FFFFFF"
             type="roundrectangle" x="1012" y="439" width="141" height="25"/>
    </entry>
    <entry id="3" name="path:hsa04070" type="map"
        link="http://www.kegg.jp/dbget-bin/www_bget?hsa04070">
        <graphics name="Phosphatidylinositol signaling system" fgcolor="#000000" bgcolor="#FFFFFF"
             type="roundrectangle" x="1012" y="601" width="127" height="34"/>
    </entry>
    <entry id="4" name="path:hsa04210" type="map"
        link="http://www.kegg.jp/dbget-bin/www_bget?hsa04210">
        <graphics name="Apoptosis" fgcolor="#000000" bgcolor="#FFFFFF"
             type="roundrectangle" x="1011" y="362" width="78" height="25"/>
    </entry>
    <entry id="5" name="path:hsa04010" type="map"
        link="http://www.kegg.jp/dbget-bin/www_bget?hsa04010">
        <graphics name="MAPK signaling pathway" fgcolor="#000000" bgcolor="#FFFFFF"
             type="roundrectangle" x="1012" y="324" width="111" height="34"/>
    </entry>
    <entry id="6" name="hsa:3706 hsa:3707 hsa:80271" type="gene"
        link="http://www.kegg.jp/dbget-bin/www_bget?hsa:3706+hsa:3707+hsa:80271">
        <graphics name="ITPKA, IP3-3KA, IP3KA..." fgcolor="#000000" bgcolor="#BFFFBF"
             type="rectangle" x="873" y="603" width="46" height="17"/>
    </entry>
    <entry id="7" name="hsa:107 hsa:109 hsa:114" type="gene"
        link="http://www.kegg.jp/dbget-bin/www_bget?hsa:107+hsa:109+hsa:114">
        <graphics name="ADCY1, AC1, DFNB44..." fgcolor="#000000" bgcolor="#BFFFBF"
             type="rectangle" x="873" y="508" width="46" height="17"/>
    </entry>
    <entry id="8" name="hsa:5136 hsa:5137 hsa:5153" type="gene"
        link="http://www.kegg.jp/dbget-bin/www_bget?hsa:5136+hsa:5137+hsa:5153">
        <graphics name="PDE1A, CAM-PDE_1A, CAM-PDE-1A, HCAM-1, HCAM1, HSPDE1A..." fgcolor="#000000" bgcolor="#BFFFBF"
             type="rectangle" x="873" y="533" width="46" height="17"/>
    </entry>
    <entry id="9" name="hsa:4842 hsa:4843 hsa:4846" type="gene"
        link="http://www.kegg.jp/dbget-bin/www_bget?hsa:4842+hsa:4843+hsa:4846">
        <graphics name="NOS1, IHPS1, N-NOS, NC-NOS, NOS, bNOS, nNOS..." fgcolor="#000000" bgcolor="#BFFFBF"
             type="rectangle" x="873" y="470" width="46" height="17"/>
    </entry>
    <entry id="10" name="hsa:7416 hsa:7417 hsa:7419" type="gene"
        link="http://www.kegg.jp/dbget-bin/www_bget?hsa:7416+hsa:7417+hsa:7419">
        <graphics name="VDAC1, PORIN, VDAC-1..." fgcolor="#000000" bgcolor="#BFFFBF"
             type="rectangle" x="810" y="173" width="46" height="17"/>
    </entry>
    <entry id="11" name="hsa:10105" type="gene"
        link="http://www.kegg.jp/dbget-bin/www_bget?hsa:10105">
        <graphics name="PPIF, CYP3, CyP-M, Cyp-D, CypD" fgcolor="#000000" bgcolor="#BFFFBF"
             type="rectangle" x="764" y="181" width="46" height="17"/>
    </entry>
    <entry id="12" name="cpd:C01330" type="compound"
        link="http://www.kegg.jp/dbget-bin/www_bget?C01330">
        <graphics name="C01330" fgcolor="#000000" bgcolor="#FFFFFF"
             type="circle" x="716" y="138" width="8" height="8"/>
    </entry>
    <entry id="13" name="cpd:C00076" type="compound"
        link="http://www.kegg.jp/dbget-bin/www_bget?C00076">
        <graphics name="C00076" fgcolor="#000000" bgcolor="#FFFFFF"
             type="circle" x="693" y="397" width="8" height="8"/>
    </entry>
    <entry id="14" name="cpd:C13050" type="compound"
        link="http://www.kegg.jp/dbget-bin/www_bget?C13050">
        <graphics name="C13050" fgcolor="#000000" bgcolor="#FFFFFF"
             type="circle" x="474" y="597" width="8" height="8"/>
    </entry>
    <entry id="15" name="cpd:C13051" type="compound"
        link="http://www.kegg.jp/dbget-bin/www_bget?C13051">
        <graphics name="C13051" fgcolor="#000000" bgcolor="#FFFFFF"
             type="circle" x="474" y="634" width="8" height="8"/>
    </entry>
    <entry id="16" name="cpd:C06124" type="compound"
        link="http://www.kegg.jp/dbget-bin/www_bget?C06124">
        <graphics name="C06124" fgcolor="#000000" bgcolor="#FFFFFF"
             type="circle" x="435" y="685" width="8" height="8"/>
    </entry>
    <entry id="17" name="cpd:C00004" type="compound"
        link="http://www.kegg.jp/dbget-bin/www_bget?C00004">
        <graphics name="C00004" fgcolor="#000000" bgcolor="#FFFFFF"
             type="circle" x="254" y="663" width="8" height="8"/>
    </entry>
    <entry id="18" name="cpd:C00002" type="compound"
        link="http://www.kegg.jp/dbget-bin/www_bget?C00002">
        <graphics name="C00002" fgcolor="#000000" bgcolor="#FFFFFF"
             type="circle" x="254" y="594" width="8" height="8"/>
    </entry>
    <entry id="19" name="cpd:C00165" type="compound"
        link="http://www.kegg.jp/dbget-bin/www_bget?C00165">
        <graphics name="C00165" fgcolor="#000000" bgcolor="#FFFFFF"
             type="circle" x="435" y="562" width="8" height="8"/>
    </entry>
    <entry id="20" name="hsa:6543 hsa:6546 hsa:6547" type="gene"
        link="http://www.kegg.jp/dbget-bin/www_bget?hsa:6543+hsa:6546+hsa:6547">
        <graphics name="SLC8A2, NCX2..." fgcolor="#000000" bgcolor="#BFFFBF"
             type="rectangle" x="182" y="117" width="46" height="17"/>
    </entry>
    <entry id="21" name="cpd:C01245" type="compound"
        link="http://www.kegg.jp/dbget-bin/www_bget?C01245">
        <graphics name="C01245" fgcolor="#000000" bgcolor="#FFFFFF"
             type="circle" x="435" y="507" width="8" height="8"/>
    </entry>
    <entry id="22" name="cpd:C00575" type="compound"
        link="http://www.kegg.jp/dbget-bin/www_bget?C00575">
        <graphics name="C00575" fgcolor="#000000" bgcolor="#FFFFFF"
             type="circle" x="276" y="544" width="8" height="8"/>
    </entry>
    <entry id="23" name="cpd:C00575" type="compound"
        link="http://www.kegg.jp/dbget-bin/www_bget?C00575">
        <graphics name="C00575" fgcolor="#000000" bgcolor="#FFFFFF"
             type="circle" x="413" y="202" width="8" height="8"/>
    </entry>
    <entry id="24" name="hsa:6543 hsa:6546 hsa:6547" type="gene"
        link="http://www.kegg.jp/dbget-bin/www_bget?hsa:6543+hsa:6546+hsa:6547">
        <graphics name="SLC8A2, NCX2..." fgcolor="#000000" bgcolor="#BFFFBF"
             type="rectangle" x="764" y="142" width="46" height="17"/>
    </entry>
    <entry id="25" name="hsa:57118 hsa:57172 hsa:814 hsa:815 hsa:816 hsa:817 hsa:818 hsa:8536" type="gene"
        link="http://www.kegg.jp/dbget-bin/www_bget?hsa:57118+hsa:57172+hsa:814+hsa:815+hsa:816+hsa:817+hsa:818+hsa:8536">
        <graphics name="CAMK1D, CKLiK, CaM-K1, CaMKID..." fgcolor="#000000" bgcolor="#BFFFBF"
             type="rectangle" x="873" y="410" width="46" height="17"/>
    </entry>
    <entry id="26" name="hsa:5530 hsa:5532 hsa:5533 hsa:5534 hsa:5535" type="gene"
        link="http://www.kegg.jp/dbget-bin/www_bget?hsa:5530+hsa:5532+hsa:5533+hsa:5534+hsa:5535">
        <graphics name="PPP3CA, ACCIID, CALN, CALNA, CALNA1, CCN1, CNA1, IECEE, IECEE1, PPP2B..." fgcolor="#000000" bgcolor="#BFFFBF"
             type="rectangle" x="873" y="385" width="46" height="17"/>
    </entry>
    <entry id="27" name="hsa:5578 hsa:5579 hsa:5582" type="gene"
        link="http://www.kegg.jp/dbget-bin/www_bget?hsa:5578+hsa:5579+hsa:5582">
        <graphics name="PRKCA, AAG6, PKC-alpha, PKCA, PKCI+/-, PKCalpha, PRKACA..." fgcolor="#000000" bgcolor="#BFFFBF"
             type="rectangle" x="873" y="632" width="46" height="17"/>
    </entry>
    <entry id="28" name="hsa:2185" type="gene"
        link="http://www.kegg.jp/dbget-bin/www_bget?hsa:2185">
        <graphics name="PTK2B, CADTK, CAKB, FADK2, FAK2, PKB, PTK, PYK2, RAFTK" fgcolor="#000000" bgcolor="#BFFFBF"
             type="rectangle" x="873" y="573" width="46" height="17"/>
    </entry>
    <entry id="29" name="hsa:219931 hsa:53373" type="gene"
        link="http://www.kegg.jp/dbget-bin/www_bget?hsa:219931+hsa:53373">
        <graphics name="TPCN2, SHEP10, TPC2..." fgcolor="#000000" bgcolor="#BFFFBF"
             type="rectangle" x="612" y="641" width="46" height="17"/>
    </entry>
    <entry id="30" name="hsa:952" type="gene"
        link="http://www.kegg.jp/dbget-bin/www_bget?hsa:952">
        <graphics name="CD38, ADPRC_1, ADPRC1" fgcolor="#000000" bgcolor="#BFFFBF"
             type="rectangle" x="182" y="634" width="46" height="17"/>
    </entry>
    <entry id="32" name="hsa:51196" type="gene"
        link="http://www.kegg.jp/dbget-bin/www_bget?hsa:51196">
        <graphics name="PLCE1, NPHS3, PLCE, PPLC" fgcolor="#000000" bgcolor="#BFFFBF"
             type="rectangle" x="354" y="544" width="46" height="17"/>
    </entry>
    <entry id="33" name="hsa:102723407" type="gene"
        link="http://www.kegg.jp/dbget-bin/www_bget?hsa:102723407">
        <graphics name="IGH, IGH@, IGHV4, IGHV4-30, IGHV4-b, IGVH, IGVH4-39, IGVH4-b, IGVH4b, IgA, IgT, ighv" fgcolor="#000000" bgcolor="#BFFFBF"
             type="rectangle" x="182" y="552" width="46" height="17"/>
    </entry>
    <entry id="34" name="hsa:1956 hsa:2064 hsa:2065 hsa:2066 hsa:5156 hsa:5159" type="gene"
        link="http://www.kegg.jp/dbget-bin/www_bget?hsa:1956+hsa:2064+hsa:2065+hsa:2066+hsa:5156+hsa:5159">
        <graphics name="EGFR, ERBB, ERBB1, HER1, NISBD2, PIG61, mENA..." fgcolor="#000000" bgcolor="#BFFFBF"
             type="rectangle" x="182" y="486" width="46" height="17"/>
    </entry>
    <entry id="35" name="hsa:2767 hsa:2769 hsa:2776 hsa:9630" type="gene"
        link="http://www.kegg.jp/dbget-bin/www_bget?hsa:2767+hsa:2769+hsa:2776+hsa:9630">
        <graphics name="GNA11, FBH, FBH2, FHH2, GNA-11, HHC2, HYPOC2..." fgcolor="#000000" bgcolor="#BFFFBF"
             type="rectangle" x="268" y="441" width="46" height="17"/>
    </entry>
    <entry id="36" name="hsa:1139 hsa:22953 hsa:2902 hsa:2903 hsa:2905 hsa:2906 hsa:5023 hsa:5024 hsa:5025 hsa:5026 hsa:5027 hsa:9127" type="gene"
        link="http://www.kegg.jp/dbget-bin/www_bget?hsa:1139+hsa:22953+hsa:2902+hsa:2903+hsa:2905+hsa:2906+hsa:5023+hsa:5024+hsa:5025+hsa:5026+hsa:5027+hsa:9127">
        <graphics name="CHRNA7, CHRNA7-2, NACHRA7..." fgcolor="#000000" bgcolor="#BFFFBF"
             type="rectangle" x="182" y="392" width="46" height="17"/>
    </entry>
    <entry id="37" name="hsa:5335 hsa:5336" type="gene"
        link="http://www.kegg.jp/dbget-bin/www_bget?hsa:5335+hsa:5336">
        <graphics name="PLCG1, NCKAP3, PLC-II, PLC1, PLC148, PLCgamma1..." fgcolor="#000000" bgcolor="#BFFFBF"
             type="rectangle" x="354" y="520" width="46" height="17"/>
    </entry>
    <entry id="39" name="hsa:56848 hsa:8877" type="gene"
        link="http://www.kegg.jp/dbget-bin/www_bget?hsa:56848+hsa:8877">
        <graphics name="SPHK2, SK_2, SK-2, SPK_2, SPK-2..." fgcolor="#000000" bgcolor="#BFFFBF"
             type="rectangle" x="354" y="686" width="46" height="17"/>
    </entry>
    <entry id="40" name="hsa:89869" type="gene"
        link="http://www.kegg.jp/dbget-bin/www_bget?hsa:89869">
        <graphics name="PLCZ1, NYD-SP27, PLC-zeta-1, PLCzeta, SPGF17" fgcolor="#000000" bgcolor="#BFFFBF"
             type="rectangle" x="354" y="568" width="46" height="17"/>
    </entry>
    <entry id="41" name="ko:K10784 ko:K10785" type="ortholog"
        link="http://www.kegg.jp/dbget-bin/www_bget?K10784+K10785">
        <graphics name="K10784..." fgcolor="#000000" bgcolor="#FFFFFF"
             type="rectangle" x="182" y="531" width="46" height="17"/>
    </entry>
    <entry id="42" name="hsa:340156 hsa:4638 hsa:85366 hsa:91807" type="gene"
        link="http://www.kegg.jp/dbget-bin/www_bget?hsa:340156+hsa:4638+hsa:85366+hsa:91807">
        <graphics name="MYLK4, SgK085..." fgcolor="#000000" bgcolor="#BFFFBF"
             type="rectangle" x="873" y="267" width="46" height="17"/>
    </entry>
    <entry id="43" name="hsa:113026 hsa:5333 hsa:84812" type="gene"
        link="http://www.kegg.jp/dbget-bin/www_bget?hsa:113026+hsa:5333+hsa:84812">
        <graphics name="PLCD3, PLC-delta-3..." fgcolor="#000000" bgcolor="#BFFFBF"
             type="rectangle" x="354" y="473" width="46" height="17"/>
    </entry>
    <entry id="44" name="hsa:3708 hsa:3709 hsa:3710" type="gene"
        link="http://www.kegg.jp/dbget-bin/www_bget?hsa:3708+hsa:3709+hsa:3710">
        <graphics name="ITPR1, ACV, CLA4, INSP3R1, IP3R, IP3R1, PPP1R94, SCA15, SCA16, SCA29..." fgcolor="#000000" bgcolor="#BFFFBF"
             type="rectangle" x="612" y="514" width="46" height="17"/>
    </entry>
    <entry id="45" name="hsa:5255 hsa:5256 hsa:5257 hsa:5260 hsa:5261" type="gene"
        link="http://www.kegg.jp/dbget-bin/www_bget?hsa:5255+hsa:5256+hsa:5257+hsa:5260+hsa:5261">
        <graphics name="PHKA1, PHKA..." fgcolor="#000000" bgcolor="#BFFFBF"
             type="rectangle" x="873" y="292" width="46" height="17"/>
    </entry>
    <entry id="46" name="hsa:6261 hsa:6262 hsa:6263" type="gene"
        link="http://www.kegg.jp/dbget-bin/www_bget?hsa:6261+hsa:6262+hsa:6263">
        <graphics name="RYR1, CCO, MHS, MHS1, PPP1R137, RYDR, RYR, RYR-1, SKRR..." fgcolor="#000000" bgcolor="#BFFFBF"
             type="rectangle" x="612" y="455" width="46" height="17"/>
    </entry>
    <entry id="47" name="hsa:23236 hsa:5330 hsa:5331 hsa:5332" type="gene"
        link="http://www.kegg.jp/dbget-bin/www_bget?hsa:23236+hsa:5330+hsa:5331+hsa:5332">
        <graphics name="PLCB1, EIEE12, PI-PLC, PLC-154, PLC-I, PLC-beta-1, PLC154, PLCB1A, PLCB1B..." fgcolor="#000000" bgcolor="#BFFFBF"
             type="rectangle" x="354" y="496" width="46" height="17"/>
    </entry>
    <entry id="48" name="hsa:80228 hsa:84876 hsa:93129" type="gene"
        link="http://www.kegg.jp/dbget-bin/www_bget?hsa:80228+hsa:84876+hsa:93129">
        <graphics name="ORAI2, C7orf19, CBCIP2, MEM142B, TMEM142B..." fgcolor="#000000" bgcolor="#BFFFBF"
             type="rectangle" x="182" y="252" width="46" height="17"/>
    </entry>
    <entry id="49" name="hsa:775 hsa:776 hsa:778 hsa:779" type="gene"
        link="http://www.kegg.jp/dbget-bin/www_bget?hsa:775+hsa:776+hsa:778+hsa:779">
        <graphics name="CACNA1C, CACH2, CACN2, CACNL1A1, CCHL1A1, CaV1.2, LQT8, TS..." fgcolor="#000000" bgcolor="#BFFFBF"
             type="rectangle" x="182" y="301" width="46" height="17"/>
    </entry>
    <entry id="50" name="hsa:773 hsa:774 hsa:777" type="gene"
        link="http://www.kegg.jp/dbget-bin/www_bget?hsa:773+hsa:774+hsa:777">
        <graphics name="CACNA1A, APCA, BI, CACNL1A4, CAV2.1, EA2, EIEE42, FHM, HPCA, MHP, MHP1, SCA6..." fgcolor="#000000" bgcolor="#BFFFBF"
             type="rectangle" x="182" y="320" width="46" height="17"/>
    </entry>
    <entry id="51" name="hsa:10800 hsa:1128 hsa:1129 hsa:1131 hsa:146 hsa:147 hsa:148 hsa:185 hsa:1909 hsa:1910 hsa:2149 hsa:2911 hsa:2915 hsa:2925 hsa:3269 hsa:3356 hsa:3357 hsa:3358 hsa:3973 hsa:4923 hsa:5021 hsa:552 hsa:553 hsa:56413 hsa:57105 hsa:5724 hsa:5731 hsa:5733 hsa:5737 hsa:623 hsa:624 hsa:6865 hsa:6869 hsa:6870 hsa:6915 hsa:7201 hsa:7852 hsa:886 hsa:887" type="gene"
        link="http://www.kegg.jp/dbget-bin/www_bget?hsa:10800+hsa:1128+hsa:1129+hsa:1131+hsa:146+hsa:147+hsa:148+hsa:185+hsa:1909+hsa:1910+hsa:2149+hsa:2911+hsa:2915+hsa:2925+hsa:3269+hsa:3356+hsa:3357+hsa:3358+hsa:3973+hsa:4923+hsa:5021+hsa:552+hsa:553+hsa:56413+hsa:57105+hsa:5724+hsa:5731+hsa:5733+hsa:5737+hsa:623+hsa:624+hsa:6865+hsa:6869+hsa:6870+hsa:6915+hsa:7201+hsa:7852+hsa:886+hsa:887">
        <graphics name="CYSLTR1, CYSLT1, CYSLT1R, CYSLTR, HMTMF81..." fgcolor="#000000" bgcolor="#BFFFBF"
             type="rectangle" x="182" y="441" width="46" height="17"/>
    </entry>
    <entry id="52" name="hsa:163688 hsa:51806 hsa:801 hsa:805 hsa:808 hsa:810 hsa:91860" type="gene"
        link="http://www.kegg.jp/dbget-bin/www_bget?hsa:163688+hsa:51806+hsa:801+hsa:805+hsa:808+hsa:810+hsa:91860">
        <graphics name="CALML6, CAGLP..." fgcolor="#000000" bgcolor="#BFFFBF"
             type="rectangle" x="786" y="398" width="46" height="17"/>
    </entry>
    <entry id="53" name="hsa:7125 hsa:7134" type="gene"
        link="http://www.kegg.jp/dbget-bin/www_bget?hsa:7125+hsa:7134">
        <graphics name="TNNC2..." fgcolor="#000000" bgcolor="#BFFFBF"
             type="rectangle" x="873" y="229" width="46" height="17"/>
    </entry>
    <entry id="54" name="hsa:291 hsa:292 hsa:293 hsa:83447" type="gene"
        link="http://www.kegg.jp/dbget-bin/www_bget?hsa:291+hsa:292+hsa:293+hsa:83447">
        <graphics name="SLC25A4, AAC1, ANT, ANT_1, ANT1, MTDPS12, MTDPS12A, PEO2, PEO3, PEOA2, T1..." fgcolor="#000000" bgcolor="#BFFFBF"
             type="rectangle" x="764" y="164" width="46" height="17"/>
    </entry>
    <entry id="55" name="hsa:90550" type="gene"
        link="http://www.kegg.jp/dbget-bin/www_bget?hsa:90550">
        <graphics name="MCU, C10orf42, CCDC109A, HsMCU" fgcolor="#000000" bgcolor="#BFFFBF"
             type="rectangle" x="764" y="114" width="46" height="17"/>
    </entry>
    <entry id="56" name="hsa:107 hsa:108 hsa:109 hsa:113 hsa:114 hsa:115 hsa:196883" type="gene"
        link="http://www.kegg.jp/dbget-bin/www_bget?hsa:107+hsa:108+hsa:109+hsa:113+hsa:114+hsa:115+hsa:196883">
        <graphics name="ADCY1, AC1, DFNB44..." fgcolor="#000000" bgcolor="#BFFFBF"
             type="rectangle" x="354" y="202" width="46" height="17"/>
    </entry>
    <entry id="57" name="hsa:487 hsa:488 hsa:489" type="gene"
        link="http://www.kegg.jp/dbget-bin/www_bget?hsa:487+hsa:488+hsa:489">
        <graphics name="ATP2A1, ATP2A, SERCA1..." fgcolor="#000000" bgcolor="#BFFFBF"
             type="rectangle" x="612" y="304" width="46" height="17"/>
    </entry>
    <entry id="58" name="hsa:1128 hsa:1131 hsa:1133 hsa:135 hsa:136 hsa:153 hsa:154 hsa:155 hsa:1812 hsa:1816 hsa:3274 hsa:3360 hsa:3361 hsa:3362 hsa:3363" type="gene"
        link="http://www.kegg.jp/dbget-bin/www_bget?hsa:1128+hsa:1131+hsa:1133+hsa:135+hsa:136+hsa:153+hsa:154+hsa:155+hsa:1812+hsa:1816+hsa:3274+hsa:3360+hsa:3361+hsa:3362+hsa:3363">
        <graphics name="CHRM1, HM1, M1, M1R..." fgcolor="#000000" bgcolor="#BFFFBF"
             type="rectangle" x="182" y="202" width="46" height="17"/>
    </entry>
    <entry id="59" name="hsa:5350" type="gene"
        link="http://www.kegg.jp/dbget-bin/www_bget?hsa:5350">
        <graphics name="PLN, CMD1P, CMH18, PLB" fgcolor="#000000" bgcolor="#BFFFBF"
             type="rectangle" x="612" y="202" width="46" height="17"/>
    </entry>
    <entry id="60" name="hsa:5566 hsa:5567 hsa:5568" type="gene"
        link="http://www.kegg.jp/dbget-bin/www_bget?hsa:5566+hsa:5567+hsa:5568">
        <graphics name="PRKACA, PKACA, PPNAD4..." fgcolor="#000000" bgcolor="#BFFFBF"
             type="rectangle" x="479" y="202" width="46" height="17"/>
    </entry>
    <entry id="61" name="hsa:2774 hsa:2778" type="gene"
        link="http://www.kegg.jp/dbget-bin/www_bget?hsa:2774+hsa:2778">
        <graphics name="GNAL, DYT25..." fgcolor="#000000" bgcolor="#BFFFBF"
             type="rectangle" x="268" y="202" width="46" height="17"/>
    </entry>
    <entry id="62" name="hsa:8911 hsa:8912 hsa:8913" type="gene"
        link="http://www.kegg.jp/dbget-bin/www_bget?hsa:8911+hsa:8912+hsa:8913">
        <graphics name="CACNA1I, Cav3.3, ca(v)3.3..." fgcolor="#000000" bgcolor="#BFFFBF"
             type="rectangle" x="182" y="339" width="46" height="17"/>
    </entry>
    <entry id="63" name="cpd:C01330" type="compound"
        link="http://www.kegg.jp/dbget-bin/www_bget?C01330">
        <graphics name="C01330" fgcolor="#000000" bgcolor="#FFFFFF"
             type="circle" x="133" y="121" width="8" height="8"/>
    </entry>
    <entry id="64" name="hsa:490 hsa:491 hsa:492 hsa:493" type="gene"
        link="http://www.kegg.jp/dbget-bin/www_bget?hsa:490+hsa:491+hsa:492+hsa:493">
        <graphics name="ATP2B1, PMCA1, PMCA1kb..." fgcolor="#000000" bgcolor="#BFFFBF"
             type="rectangle" x="182" y="158" width="46" height="17"/>
    </entry>
    <entry id="65" name="path:hsa04020" type="map"
        link="http://www.kegg.jp/dbget-bin/www_bget?hsa04020">
        <graphics name="TITLE:Calcium signaling pathway" fgcolor="#000000" bgcolor="#FFFFFF"
             type="roundrectangle" x="165" y="58" width="250" height="25"/>
    </entry>
    <entry id="66" name="hsa:57620 hsa:6786" type="gene"
        link="http://www.kegg.jp/dbget-bin/www_bget?hsa:57620+hsa:6786">
        <graphics name="STIM2..." fgcolor="#000000" bgcolor="#BFFFBF"
             type="rectangle" x="510" y="246" width="46" height="17"/>
    </entry>
    <entry id="67" name="cpd:C00076" type="compound"
        link="http://www.kegg.jp/dbget-bin/www_bget?C00076">
        <graphics name="C00076" fgcolor="#000000" bgcolor="#FFFFFF"
             type="circle" x="133" y="252" width="8" height="8"/>
    </entry>
    <entry id="68" name="cpd:C00076" type="compound"
        link="http://www.kegg.jp/dbget-bin/www_bget?C00076">
        <graphics name="C00076" fgcolor="#000000" bgcolor="#FFFFFF"
             type="circle" x="132" y="301" width="8" height="8"/>
    </entry>
    <entry id="69" name="cpd:C00076" type="compound"
        link="http://www.kegg.jp/dbget-bin/www_bget?C00076">
        <graphics name="C00076" fgcolor="#000000" bgcolor="#FFFFFF"
             type="circle" x="132" y="320" width="8" height="8"/>
    </entry>
    <entry id="70" name="cpd:C00076" type="compound"
        link="http://www.kegg.jp/dbget-bin/www_bget?C00076">
        <graphics name="C00076" fgcolor="#000000" bgcolor="#FFFFFF"
             type="circle" x="132" y="338" width="8" height="8"/>
    </entry>
    <entry id="71" name="cpd:C00076" type="compound"
        link="http://www.kegg.jp/dbget-bin/www_bget?C00076">
        <graphics name="C00076" fgcolor="#000000" bgcolor="#FFFFFF"
             type="circle" x="132" y="391" width="8" height="8"/>
    </entry>
    <entry id="72" name="undefined" type="group">
        <graphics fgcolor="#000000" bgcolor="#FFFFFF"
             type="rectangle" x="787" y="172" width="92" height="34"/>
        <component id="10"/>
        <component id="11"/>
        <component id="54"/>
    </entry>
    <relation entry1="58" entry2="61" type="PPrel">
        <subtype name="activation" value="--&gt;"/>
    </relation>
    <relation entry1="61" entry2="56" type="PPrel">
        <subtype name="activation" value="--&gt;"/>
    </relation>
    <relation entry1="60" entry2="59" type="PPrel">
        <subtype name="inhibition" value="--|"/>
        <subtype name="phosphorylation" value="+p"/>
    </relation>
    <relation entry1="59" entry2="57" type="PPrel">
        <subtype name="inhibition" value="--|"/>
    </relation>
    <relation entry1="34" entry2="37" type="PPrel">
        <subtype name="activation" value="--&gt;"/>
    </relation>
    <relation entry1="52" entry2="42" type="PPrel">
        <subtype name="activation" value="--&gt;"/>
    </relation>
    <relation entry1="45" entry2="52" type="PPrel">
        <subtype name="binding/association" value="---"/>
    </relation>
    <relation entry1="26" entry2="52" type="PPrel">
        <subtype name="binding/association" value="---"/>
    </relation>
    <relation entry1="56" entry2="60" type="PPrel">
        <subtype name="compound" value="23"/>
    </relation>
    <relation entry1="43" entry2="44" type="PPrel">
        <subtype name="compound" value="21"/>
    </relation>
    <relation entry1="47" entry2="44" type="PPrel">
        <subtype name="compound" value="21"/>
    </relation>
    <relation entry1="37" entry2="44" type="PPrel">
        <subtype name="compound" value="21"/>
    </relation>
    <relation entry1="32" entry2="44" type="PPrel">
        <subtype name="compound" value="21"/>
    </relation>
    <relation entry1="40" entry2="44" type="PPrel">
        <subtype name="compound" value="21"/>
    </relation>
    <relation entry1="43" entry2="27" type="PPrel">
        <subtype name="compound" value="19"/>
    </relation>
    <relation entry1="47" entry2="27" type="PPrel">
        <subtype name="compound" value="19"/>
    </relation>
    <relation entry1="37" entry2="27" type="PPrel">
        <subtype name="compound" value="19"/>
    </relation>
    <relation entry1="32" entry2="27" type="PPrel">
        <subtype name="compound" value="19"/>
    </relation>
    <relation entry1="40" entry2="27" type="PPrel">
        <subtype name="compound" value="19"/>
    </relation>
    <relation entry1="30" entry2="46" type="PPrel">
        <subtype name="compound" value="14"/>
    </relation>
    <relation entry1="20" entry2="63" type="PCrel">
    </relation>
    <relation entry1="32" entry2="22" type="PCrel">
    </relation>
    <relation entry1="30" entry2="18" type="PCrel">
    </relation>
    <relation entry1="30" entry2="17" type="PCrel">
    </relation>
    <relation entry1="20" entry2="13" type="PCrel">
    </relation>
    <relation entry1="57" entry2="13" type="PCrel">
    </relation>
    <relation entry1="72" entry2="13" type="PCrel">
    </relation>
    <relation entry1="64" entry2="13" type="PCrel">
    </relation>
    <relation entry1="51" entry2="35" type="PPrel">
        <subtype name="activation" value="--&gt;"/>
    </relation>
    <relation entry1="35" entry2="47" type="PPrel">
        <subtype name="activation" value="--&gt;"/>
    </relation>
    <relation entry1="46" entry2="13" type="PCrel">
    </relation>
    <relation entry1="44" entry2="13" type="PCrel">
    </relation>
    <relation entry1="53" entry2="13" type="PCrel">
    </relation>
    <relation entry1="52" entry2="13" type="PCrel">
    </relation>
    <relation entry1="28" entry2="13" type="PCrel">
    </relation>
    <relation entry1="27" entry2="13" type="PCrel">
    </relation>
    <relation entry1="6" entry2="13" type="PCrel">
    </relation>
    <relation entry1="52" entry2="8" type="PPrel">
        <subtype name="activation" value="--&gt;"/>
    </relation>
    <relation entry1="52" entry2="7" type="PPrel">
        <subtype name="activation" value="--&gt;"/>
    </relation>
    <relation entry1="52" entry2="9" type="PPrel">
        <subtype name="binding/association" value="---"/>
    </relation>
    <relation entry1="25" entry2="52" type="PPrel">
        <subtype name="binding/association" value="---"/>
    </relation>
    <relation entry1="24" entry2="12" type="PCrel">
    </relation>
    <relation entry1="24" entry2="13" type="PCrel">
    </relation>
    <relation entry1="33" entry2="37" type="PPrel">
        <subtype name="activation" value="--&gt;"/>
    </relation>
    <relation entry1="48" entry2="13" type="PCrel">
    </relation>
    <relation entry1="49" entry2="13" type="PCrel">
    </relation>
    <relation entry1="50" entry2="13" type="PCrel">
    </relation>
    <relation entry1="62" entry2="13" type="PCrel">
    </relation>
    <relation entry1="36" entry2="13" type="PCrel">
    </relation>
    <relation entry1="13" entry2="43" type="PCrel">
    </relation>
    <relation entry1="39" entry2="16" type="PCrel">
    </relation>
    <relation entry1="66" entry2="48" type="PPrel">
        <subtype name="activation" value="--&gt;"/>
    </relation>
    <relation entry1="30" entry2="29" type="PPrel">
        <subtype name="compound" value="15"/>
    </relation>
    <relation entry1="29" entry2="13" type="PCrel">
    </relation>
</pathway>
