<?xml version="1.0"?>
<!DOCTYPE pathway SYSTEM "http://www.kegg.jp/kegg/xml/KGML_v0.7.2_.dtd">
<!-- Creation date: Nov 16, 2018 09:53:42 +0900 (GMT+9) -->
<pathway name="path:hsa04914" org="hsa" number="04914"
         title="Progesterone-mediated oocyte maturation"
         image="http://www.kegg.jp/kegg/pathway/hsa/hsa04914.png"
         link="http://www.kegg.jp/kegg-bin/show_pathway?hsa04914">
    <entry id="1" name="hsa:3480" type="gene"
        link="http://www.kegg.jp/dbget-bin/www_bget?hsa:3480">
        <graphics name="IGF1R, CD221, IGFIR, IGFR, JTK13" fgcolor="#000000" bgcolor="#BFFFBF"
             type="rectangle" x="145" y="477" width="46" height="17"/>
    </entry>
    <entry id="2" name="hsa:3479" type="gene"
        link="http://www.kegg.jp/dbget-bin/www_bget?hsa:3479">
        <graphics name="IGF1, IGF, IGF-I, IGFI, MGF" fgcolor="#000000" bgcolor="#BFFFBF"
             type="rectangle" x="78" y="491" width="46" height="17"/>
    </entry>
    <entry id="3" name="hsa:3630" type="gene"
        link="http://www.kegg.jp/dbget-bin/www_bget?hsa:3630">
        <graphics name="INS, IDDM, IDDM1, IDDM2, ILPR, IRDN, MODY10" fgcolor="#000000" bgcolor="#BFFFBF"
             type="rectangle" x="78" y="463" width="46" height="17"/>
    </entry>
    <entry id="4" name="hsa:4342" type="gene"
        link="http://www.kegg.jp/dbget-bin/www_bget?hsa:4342">
        <graphics name="MOS, MSV" fgcolor="#000000" bgcolor="#BFFFBF"
             type="rectangle" x="527" y="267" width="46" height="17"/>
    </entry>
    <entry id="5" name="hsa:132864 hsa:22849 hsa:64506 hsa:80315" type="gene"
        link="http://www.kegg.jp/dbget-bin/www_bget?hsa:132864+hsa:22849+hsa:64506+hsa:80315">
        <graphics name="CPEB2, CPE-BP2, CPEB-2, hCPEB-2..." fgcolor="#000000" bgcolor="#BFFFBF"
             type="rectangle" x="392" y="214" width="46" height="17"/>
    </entry>
    <entry id="6" name="hsa:107 hsa:108 hsa:109 hsa:111 hsa:112 hsa:113 hsa:114 hsa:115 hsa:196883" type="gene"
        link="http://www.kegg.jp/dbget-bin/www_bget?hsa:107+hsa:108+hsa:109+hsa:111+hsa:112+hsa:113+hsa:114+hsa:115+hsa:196883">
        <graphics name="ADCY1, AC1, DFNB44..." fgcolor="#000000" bgcolor="#BFFFBF"
             type="rectangle" x="144" y="371" width="46" height="17"/>
    </entry>
    <entry id="7" name="hsa:891" type="gene"
        link="http://www.kegg.jp/dbget-bin/www_bget?hsa:891">
        <graphics name="CCNB1, CCNB" fgcolor="#000000" bgcolor="#BFFFBF"
             type="rectangle" x="565" y="484" width="46" height="17"/>
    </entry>
    <entry id="8" name="hsa:983" type="gene"
        link="http://www.kegg.jp/dbget-bin/www_bget?hsa:983">
        <graphics name="CDK1, CDC2, CDC28A, P34CDC2" fgcolor="#000000" bgcolor="#BFFFBF"
             type="rectangle" x="565" y="447" width="46" height="17"/>
    </entry>
    <entry id="9" name="hsa:3845" type="gene"
        link="http://www.kegg.jp/dbget-bin/www_bget?hsa:3845">
        <graphics name="KRAS, C-K-RAS, CFC2, K-RAS2A, K-RAS2B, K-RAS4A, K-RAS4B, K-Ras, KI-RAS, KRAS1, KRAS2, NS, NS3, RALD, RASK2, c-Ki-ras2" fgcolor="#000000" bgcolor="#BFFFBF"
             type="rectangle" x="272" y="525" width="46" height="17"/>
    </entry>
    <entry id="10" name="hsa:5290 hsa:5291 hsa:5293 hsa:5295 hsa:5296 hsa:8503" type="gene"
        link="http://www.kegg.jp/dbget-bin/www_bget?hsa:5290+hsa:5291+hsa:5293+hsa:5295+hsa:5296+hsa:8503">
        <graphics name="PIK3CA, CLOVE, CWS5, MCAP, MCM, MCMTC, PI3K, PI3K-alpha, p110-alpha..." fgcolor="#000000" bgcolor="#BFFFBF"
             type="rectangle" x="228" y="476" width="46" height="17"/>
    </entry>
    <entry id="11" name="hsa:983" type="gene"
        link="http://www.kegg.jp/dbget-bin/www_bget?hsa:983">
        <graphics name="CDK1, CDC2, CDC28A, P34CDC2" fgcolor="#000000" bgcolor="#BFFFBF"
             type="rectangle" x="880" y="302" width="46" height="17"/>
    </entry>
    <entry id="12" name="cpd:C05981 cpd:C11554" type="compound"
        link="http://www.kegg.jp/dbget-bin/www_bget?C05981+C11554">
        <graphics name="C05981..." fgcolor="#000000" bgcolor="#FFFFFF"
             type="circle" x="284" y="474" width="8" height="8"/>
    </entry>
    <entry id="13" name="hsa:10000 hsa:207 hsa:208" type="gene"
        link="http://www.kegg.jp/dbget-bin/www_bget?hsa:10000+hsa:207+hsa:208">
        <graphics name="AKT3, MPPH, MPPH2, PKB-GAMMA, PKBG, PRKBG, RAC-PK-gamma, RAC-gamma, STK-2..." fgcolor="#000000" bgcolor="#BFFFBF"
             type="rectangle" x="300" y="438" width="46" height="17"/>
    </entry>
    <entry id="14" name="hsa:5140" type="gene"
        link="http://www.kegg.jp/dbget-bin/www_bget?hsa:5140">
        <graphics name="PDE3B, HcGIP1, cGIPDE1" fgcolor="#000000" bgcolor="#BFFFBF"
             type="rectangle" x="262" y="404" width="46" height="17"/>
    </entry>
    <entry id="15" name="hsa:10393 hsa:246184 hsa:25847 hsa:29882 hsa:29945 hsa:51433 hsa:51434 hsa:51529 hsa:64682 hsa:8697 hsa:8881 hsa:996" type="gene"
        link="http://www.kegg.jp/dbget-bin/www_bget?hsa:10393+hsa:246184+hsa:25847+hsa:29882+hsa:29945+hsa:51433+hsa:51434+hsa:51529+hsa:64682+hsa:8697+hsa:8881+hsa:996">
        <graphics name="ANAPC10, APC10, DOC1..." fgcolor="#000000" bgcolor="#BFFFBF"
             type="rectangle" x="882" y="519" width="46" height="17"/>
    </entry>
    <entry id="16" name="hsa:51343" type="gene"
        link="http://www.kegg.jp/dbget-bin/www_bget?hsa:51343">
        <graphics name="FZR1, CDC20C, CDH1, FZR, FZR2, HCDH, HCDH1" fgcolor="#000000" bgcolor="#BFFFBF"
             type="rectangle" x="810" y="518" width="46" height="17"/>
    </entry>
    <entry id="17" name="hsa:10459 hsa:4085 hsa:8379" type="gene"
        link="http://www.kegg.jp/dbget-bin/www_bget?hsa:10459+hsa:4085+hsa:8379">
        <graphics name="MAD2L2, FANCV, MAD2B, POLZ2, REV7..." fgcolor="#000000" bgcolor="#BFFFBF"
             type="rectangle" x="790" y="475" width="46" height="17"/>
    </entry>
    <entry id="18" name="hsa:699" type="gene"
        link="http://www.kegg.jp/dbget-bin/www_bget?hsa:699">
        <graphics name="BUB1, BUB1A, BUB1L, hBUB1" fgcolor="#000000" bgcolor="#BFFFBF"
             type="rectangle" x="755" y="399" width="46" height="17"/>
    </entry>
    <entry id="19" name="hsa:993 hsa:994 hsa:995" type="gene"
        link="http://www.kegg.jp/dbget-bin/www_bget?hsa:993+hsa:994+hsa:995">
        <graphics name="CDC25A, CDC25A2..." fgcolor="#000000" bgcolor="#BFFFBF"
             type="rectangle" x="682" y="371" width="46" height="17"/>
    </entry>
    <entry id="20" name="hsa:5347" type="gene"
        link="http://www.kegg.jp/dbget-bin/www_bget?hsa:5347">
        <graphics name="PLK1, PLK, STPK13" fgcolor="#000000" bgcolor="#BFFFBF"
             type="rectangle" x="565" y="371" width="46" height="17"/>
    </entry>
    <entry id="21" name="hsa:85417 hsa:891 hsa:9133" type="gene"
        link="http://www.kegg.jp/dbget-bin/www_bget?hsa:85417+hsa:891+hsa:9133">
        <graphics name="CCNB3..." fgcolor="#000000" bgcolor="#BFFFBF"
             type="rectangle" x="880" y="286" width="46" height="17"/>
    </entry>
    <entry id="22" name="hsa:3320 hsa:3326" type="gene"
        link="http://www.kegg.jp/dbget-bin/www_bget?hsa:3320+hsa:3326">
        <graphics name="HSP90AA1, EL52, HEL-S-65p, HSP86, HSP89A, HSP90A, HSP90N, HSPC1, HSPCA, HSPCAL1, HSPCAL4, HSPN, Hsp103, Hsp89, Hsp90, LAP-2, LAP2..." fgcolor="#000000" bgcolor="#BFFFBF"
             type="rectangle" x="468" y="301" width="46" height="17"/>
    </entry>
    <entry id="23" name="hsa:5566 hsa:5567 hsa:5568" type="gene"
        link="http://www.kegg.jp/dbget-bin/www_bget?hsa:5566+hsa:5567+hsa:5568">
        <graphics name="PRKACA, PKACA, PPNAD4..." fgcolor="#000000" bgcolor="#BFFFBF"
             type="rectangle" x="292" y="371" width="46" height="17"/>
    </entry>
    <entry id="24" name="hsa:9088" type="gene"
        link="http://www.kegg.jp/dbget-bin/www_bget?hsa:9088">
        <graphics name="PKMYT1, MYT1, PPP1R126" fgcolor="#000000" bgcolor="#BFFFBF"
             type="rectangle" x="800" y="266" width="46" height="17"/>
    </entry>
    <entry id="25" name="hsa:27330 hsa:6195 hsa:6196 hsa:6197" type="gene"
        link="http://www.kegg.jp/dbget-bin/www_bget?hsa:27330+hsa:6195+hsa:6196+hsa:6197">
        <graphics name="RPS6KA6, PP90RSK4, RSK-4, RSK4, S6K-alpha-6, p90RSK6..." fgcolor="#000000" bgcolor="#BFFFBF"
             type="rectangle" x="729" y="266" width="46" height="17"/>
    </entry>
    <entry id="26" name="hsa:5594 hsa:5595" type="gene"
        link="http://www.kegg.jp/dbget-bin/www_bget?hsa:5594+hsa:5595">
        <graphics name="MAPK1, ERK, ERK-2, ERK2, ERT1, MAPK2, P42MAPK, PRKM1, PRKM2, p38, p40, p41, p41mapk, p42-MAPK..." fgcolor="#000000" bgcolor="#BFFFBF"
             type="rectangle" x="663" y="266" width="46" height="17"/>
    </entry>
    <entry id="27" name="hsa:5604" type="gene"
        link="http://www.kegg.jp/dbget-bin/www_bget?hsa:5604">
        <graphics name="MAP2K1, CFC3, MAPKK1, MEK1, MKK1, PRKMK1" fgcolor="#000000" bgcolor="#BFFFBF"
             type="rectangle" x="597" y="267" width="46" height="17"/>
    </entry>
    <entry id="28" name="hsa:2770 hsa:2771 hsa:2773" type="gene"
        link="http://www.kegg.jp/dbget-bin/www_bget?hsa:2770+hsa:2771+hsa:2773">
        <graphics name="GNAI1, Gi..." fgcolor="#000000" bgcolor="#BFFFBF"
             type="rectangle" x="237" y="263" width="46" height="17"/>
    </entry>
    <entry id="29" name="hsa:1017" type="gene"
        link="http://www.kegg.jp/dbget-bin/www_bget?hsa:1017">
        <graphics name="CDK2, CDKN2, p33(CDK2)" fgcolor="#000000" bgcolor="#BFFFBF"
             type="rectangle" x="649" y="165" width="46" height="17"/>
    </entry>
    <entry id="30" name="hsa:983" type="gene"
        link="http://www.kegg.jp/dbget-bin/www_bget?hsa:983">
        <graphics name="CDK1, CDC2, CDC28A, P34CDC2" fgcolor="#000000" bgcolor="#BFFFBF"
             type="rectangle" x="649" y="130" width="46" height="17"/>
    </entry>
    <entry id="31" name="hsa:890 hsa:8900" type="gene"
        link="http://www.kegg.jp/dbget-bin/www_bget?hsa:890+hsa:8900">
        <graphics name="CCNA2, CCN1, CCNA..." fgcolor="#000000" bgcolor="#BFFFBF"
             type="rectangle" x="531" y="181" width="46" height="17"/>
    </entry>
    <entry id="32" name="hsa:100310812 hsa:100505767 hsa:100996746 hsa:102723555 hsa:102723849 hsa:245711 hsa:285955 hsa:387778 hsa:388333 hsa:441272 hsa:441273 hsa:442590 hsa:729597" type="gene"
        link="http://www.kegg.jp/dbget-bin/www_bget?hsa:100310812+hsa:100505767+hsa:100996746+hsa:102723555+hsa:102723849+hsa:245711+hsa:285955+hsa:387778+hsa:388333+hsa:441272+hsa:441273+hsa:442590+hsa:729597">
        <graphics name="SPDYE2B, SPDYE2L..." fgcolor="#000000" bgcolor="#BFFFBF"
             type="rectangle" x="531" y="148" width="46" height="17"/>
    </entry>
    <entry id="33" name="hsa:6790" type="gene"
        link="http://www.kegg.jp/dbget-bin/www_bget?hsa:6790">
        <graphics name="AURKA, AIK, ARK1, AURA, BTAK, PPP1R47, STK15, STK6, STK7" fgcolor="#000000" bgcolor="#BFFFBF"
             type="rectangle" x="310" y="214" width="46" height="17"/>
    </entry>
    <entry id="34" name="hsa:1432 hsa:5599 hsa:5600 hsa:5601 hsa:5602 hsa:5603 hsa:6300" type="gene"
        link="http://www.kegg.jp/dbget-bin/www_bget?hsa:1432+hsa:5599+hsa:5600+hsa:5601+hsa:5602+hsa:5603+hsa:6300">
        <graphics name="MAPK14, CSBP, CSBP1, CSBP2, CSPB1, EXIP, Mxi2, PRKM14, PRKM15, RK, SAPK2A, p38, p38ALPHA..." fgcolor="#000000" bgcolor="#BFFFBF"
             type="rectangle" x="354" y="163" width="46" height="17"/>
    </entry>
    <entry id="35" name="path:hsa04010" type="map"
        link="http://www.kegg.jp/dbget-bin/www_bget?hsa04010">
        <graphics name="MAPK signaling pathway" fgcolor="#000000" bgcolor="#FFFFFF"
             type="roundrectangle" x="666" y="217" width="111" height="34"/>
    </entry>
    <entry id="36" name="cpd:C00575" type="compound"
        link="http://www.kegg.jp/dbget-bin/www_bget?C00575">
        <graphics name="C00575" fgcolor="#000000" bgcolor="#FFFFFF"
             type="circle" x="219" y="370" width="8" height="8"/>
    </entry>
    <entry id="37" name="cpd:C00410" type="compound"
        link="http://www.kegg.jp/dbget-bin/www_bget?C00410">
        <graphics name="C00410" fgcolor="#000000" bgcolor="#FFFFFF"
             type="circle" x="74" y="237" width="8" height="8"/>
    </entry>
    <entry id="38" name="hsa:5241" type="gene"
        link="http://www.kegg.jp/dbget-bin/www_bget?hsa:5241">
        <graphics name="PGR, NR3C3, PR" fgcolor="#000000" bgcolor="#BFFFBF"
             type="rectangle" x="237" y="146" width="46" height="17"/>
    </entry>
    <entry id="39" name="hsa:5290 hsa:5291 hsa:5293 hsa:5295 hsa:5296 hsa:8503" type="gene"
        link="http://www.kegg.jp/dbget-bin/www_bget?hsa:5290+hsa:5291+hsa:5293+hsa:5295+hsa:5296+hsa:8503">
        <graphics name="PIK3CA, CLOVE, CWS5, MCAP, MCM, MCMTC, PI3K, PI3K-alpha, p110-alpha..." fgcolor="#000000" bgcolor="#BFFFBF"
             type="rectangle" x="354" y="130" width="46" height="17"/>
    </entry>
    <entry id="40" name="path:hsa04914" type="map"
        link="http://www.kegg.jp/dbget-bin/www_bget?hsa04914">
        <graphics name="TITLE:Progesterone-mediated oocyte maturation" fgcolor="#000000" bgcolor="#FFFFFF"
             type="roundrectangle" x="230" y="58" width="379" height="25"/>
    </entry>
    <entry id="41" name="path:hsa04110" type="map"
        link="http://www.kegg.jp/dbget-bin/www_bget?hsa04110">
        <graphics name="Cell cycle" fgcolor="#000000" bgcolor="#FFFFFF"
             type="roundrectangle" x="903" y="213" width="111" height="25"/>
    </entry>
    <entry id="42" name="hsa:369 hsa:5894 hsa:673" type="gene"
        link="http://www.kegg.jp/dbget-bin/www_bget?hsa:369+hsa:5894+hsa:673">
        <graphics name="ARAF, A-RAF, ARAF1, PKS2, RAFA1..." fgcolor="#000000" bgcolor="#BFFFBF"
             type="rectangle" x="371" y="525" width="46" height="17"/>
    </entry>
    <entry id="44" name="hsa:6793" type="gene"
        link="http://www.kegg.jp/dbget-bin/www_bget?hsa:6793">
        <graphics name="STK10, LOK, PRO2729" fgcolor="#000000" bgcolor="#BFFFBF"
             type="rectangle" x="407" y="372" width="46" height="17"/>
    </entry>
    <entry id="45" name="hsa:3835" type="gene"
        link="http://www.kegg.jp/dbget-bin/www_bget?hsa:3835">
        <graphics name="KIF22, A-328A3.2, KID, KNSL4, OBP, OBP-1, OBP-2, SEMDJL2" fgcolor="#000000" bgcolor="#BFFFBF"
             type="rectangle" x="565" y="523" width="46" height="17"/>
    </entry>
    <relation entry1="6" entry2="23" type="PPrel">
        <subtype name="compound" value="36"/>
    </relation>
    <relation entry1="10" entry2="13" type="PPrel">
        <subtype name="compound" value="12"/>
    </relation>
    <relation entry1="7" entry2="8" type="PPrel">
        <subtype name="binding/association" value="---"/>
    </relation>
    <relation entry1="38" entry2="39" type="PPrel">
        <subtype name="activation" value="--&gt;"/>
    </relation>
    <relation entry1="38" entry2="34" type="PPrel">
        <subtype name="activation" value="--&gt;"/>
    </relation>
    <relation entry1="32" entry2="30" type="PPrel">
        <subtype name="activation" value="--&gt;"/>
    </relation>
    <relation entry1="32" entry2="29" type="PPrel">
        <subtype name="activation" value="--&gt;"/>
    </relation>
    <relation entry1="33" entry2="5" type="PPrel">
        <subtype name="activation" value="--&gt;"/>
        <subtype name="phosphorylation" value="+p"/>
    </relation>
    <relation entry1="4" entry2="27" type="PPrel">
        <subtype name="activation" value="--&gt;"/>
        <subtype name="phosphorylation" value="+p"/>
    </relation>
    <relation entry1="27" entry2="26" type="PPrel">
        <subtype name="activation" value="--&gt;"/>
        <subtype name="phosphorylation" value="+p"/>
    </relation>
    <relation entry1="26" entry2="25" type="PPrel">
        <subtype name="activation" value="--&gt;"/>
        <subtype name="phosphorylation" value="+p"/>
    </relation>
    <relation entry1="20" entry2="19" type="PPrel">
        <subtype name="activation" value="--&gt;"/>
        <subtype name="phosphorylation" value="+p"/>
    </relation>
    <relation entry1="25" entry2="18" type="PPrel">
        <subtype name="activation" value="--&gt;"/>
        <subtype name="phosphorylation" value="+p"/>
    </relation>
    <relation entry1="9" entry2="42" type="PPrel">
        <subtype name="activation" value="--&gt;"/>
    </relation>
    <relation entry1="25" entry2="24" type="PPrel">
        <subtype name="inhibition" value="--|"/>
        <subtype name="phosphorylation" value="+p"/>
    </relation>
    <relation entry1="24" entry2="11" type="PPrel">
        <subtype name="inhibition" value="--|"/>
        <subtype name="phosphorylation" value="+p"/>
    </relation>
    <relation entry1="19" entry2="11" type="PPrel">
        <subtype name="activation" value="--&gt;"/>
        <subtype name="dephosphorylation" value="-p"/>
    </relation>
    <relation entry1="18" entry2="17" type="PPrel">
        <subtype name="indirect effect" value="..&gt;"/>
    </relation>
    <relation entry1="16" entry2="15" type="PPrel">
        <subtype name="indirect effect" value="..&gt;"/>
    </relation>
    <relation entry1="17" entry2="16" type="PPrel">
        <subtype name="inhibition" value="--|"/>
    </relation>
    <relation entry1="22" entry2="4" type="PPrel">
        <subtype name="activation" value="--&gt;"/>
    </relation>
    <relation entry1="28" entry2="6" type="PPrel">
        <subtype name="inhibition" value="--|"/>
    </relation>
    <relation entry1="13" entry2="14" type="PPrel">
        <subtype name="activation" value="--&gt;"/>
        <subtype name="phosphorylation" value="+p"/>
    </relation>
    <relation entry1="1" entry2="10" type="PPrel">
        <subtype name="indirect effect" value="..&gt;"/>
    </relation>
    <relation entry1="1" entry2="9" type="PPrel">
        <subtype name="indirect effect" value="..&gt;"/>
    </relation>
    <relation entry1="3" entry2="1" type="PPrel">
        <subtype name="activation" value="--&gt;"/>
    </relation>
    <relation entry1="2" entry2="1" type="PPrel">
        <subtype name="activation" value="--&gt;"/>
    </relation>
    <relation entry1="37" entry2="38" type="PCrel">
        <subtype name="activation" value="--&gt;"/>
    </relation>
</pathway>
