<?xml version="1.0"?>
<!DOCTYPE pathway SYSTEM "http://www.kegg.jp/kegg/xml/KGML_v0.7.2_.dtd">
<!-- Creation date: Jan 23, 2019 18:03:29 +0900 (GMT+9) -->
<pathway name="path:hsa05150" org="hsa" number="05150"
         title="Staphylococcus aureus infection"
         image="http://www.kegg.jp/kegg/pathway/hsa/hsa05150.png"
         link="http://www.kegg.jp/kegg-bin/show_pathway?hsa05150">
    <entry id="1" name="hsa:1675" type="gene"
        link="http://www.kegg.jp/dbget-bin/www_bget?hsa:1675">
        <graphics name="CFD, ADIPSIN, ADN, DF, PFD" fgcolor="#000000" bgcolor="#BFFFBF"
             type="rectangle" x="540" y="164" width="46" height="17"/>
    </entry>
    <entry id="2" name="hsa:718" type="gene"
        link="http://www.kegg.jp/dbget-bin/www_bget?hsa:718">
        <graphics name="C3, AHUS5, ARMD9, ASP, C3a, C3b, CPAMD1, HEL-S-62p" fgcolor="#000000" bgcolor="#BFFFBF"
             type="rectangle" x="456" y="177" width="46" height="17"/>
    </entry>
    <entry id="3" name="hsa:629" type="gene"
        link="http://www.kegg.jp/dbget-bin/www_bget?hsa:629">
        <graphics name="CFB, AHUS4, ARMD14, BF, BFD, CFAB, CFBD, FB, FBI12, GBG, H2-Bf, PBF2" fgcolor="#000000" bgcolor="#BFFFBF"
             type="rectangle" x="456" y="160" width="46" height="17"/>
    </entry>
    <entry id="4" name="hsa:727" type="gene"
        link="http://www.kegg.jp/dbget-bin/www_bget?hsa:727">
        <graphics name="C5, C5D, C5a, C5b, CPAMD4, ECLZB" fgcolor="#000000" bgcolor="#BFFFBF"
             type="rectangle" x="837" y="418" width="46" height="17"/>
    </entry>
    <entry id="5" name="hsa:716" type="gene"
        link="http://www.kegg.jp/dbget-bin/www_bget?hsa:716">
        <graphics name="C1S, EDSPD2" fgcolor="#000000" bgcolor="#BFFFBF"
             type="rectangle" x="439" y="311" width="46" height="17"/>
    </entry>
    <entry id="6" name="hsa:715" type="gene"
        link="http://www.kegg.jp/dbget-bin/www_bget?hsa:715">
        <graphics name="C1R, EDSPD1" fgcolor="#000000" bgcolor="#BFFFBF"
             type="rectangle" x="439" y="294" width="46" height="17"/>
    </entry>
    <entry id="7" name="hsa:712 hsa:713 hsa:714" type="gene"
        link="http://www.kegg.jp/dbget-bin/www_bget?hsa:712+hsa:713+hsa:714">
        <graphics name="C1QA..." fgcolor="#000000" bgcolor="#BFFFBF"
             type="rectangle" x="393" y="303" width="46" height="17"/>
    </entry>
    <entry id="8" name="hsa:720 hsa:721" type="gene"
        link="http://www.kegg.jp/dbget-bin/www_bget?hsa:720+hsa:721">
        <graphics name="C4A, C4, C4A2, C4A3, C4A4, C4A6, C4AD, C4S, CO4, CPAMD2, RG..." fgcolor="#000000" bgcolor="#BFFFBF"
             type="rectangle" x="540" y="279" width="46" height="17"/>
    </entry>
    <entry id="9" name="hsa:717" type="gene"
        link="http://www.kegg.jp/dbget-bin/www_bget?hsa:717">
        <graphics name="C2, ARMD14, CO2" fgcolor="#000000" bgcolor="#BFFFBF"
             type="rectangle" x="540" y="262" width="46" height="17"/>
    </entry>
    <entry id="10" name="hsa:4153" type="gene"
        link="http://www.kegg.jp/dbget-bin/www_bget?hsa:4153">
        <graphics name="MBL2, COLEC1, HSMBPC, MBL, MBL2D, MBP, MBP-C, MBP1, MBPD" fgcolor="#000000" bgcolor="#BFFFBF"
             type="rectangle" x="376" y="245" width="46" height="17"/>
    </entry>
    <entry id="11" name="hsa:10747 hsa:5648" type="gene"
        link="http://www.kegg.jp/dbget-bin/www_bget?hsa:10747+hsa:5648">
        <graphics name="MASP2, MAP19, MASP-2, MASP1P1, sMAP..." fgcolor="#000000" bgcolor="#BFFFBF"
             type="rectangle" x="438" y="245" width="46" height="17"/>
    </entry>
    <entry id="12" name="path:hsa05150" type="map"
        link="http://www.kegg.jp/dbget-bin/www_bget?hsa05150">
        <graphics name="TITLE:Staphylococcus aureus infection" fgcolor="#000000" bgcolor="#FFFFFF"
             type="roundrectangle" x="190" y="58" width="300" height="25"/>
    </entry>
    <entry id="13" name="hsa:728" type="gene"
        link="http://www.kegg.jp/dbget-bin/www_bget?hsa:728">
        <graphics name="C5AR1, C5A, C5AR, C5R1, CD88" fgcolor="#000000" bgcolor="#BFFFBF"
             type="rectangle" x="837" y="650" width="46" height="17"/>
    </entry>
    <entry id="14" name="hsa:2357" type="gene"
        link="http://www.kegg.jp/dbget-bin/www_bget?hsa:2357">
        <graphics name="FPR1, FMLP, FPR" fgcolor="#000000" bgcolor="#BFFFBF"
             type="rectangle" x="783" y="650" width="46" height="17"/>
    </entry>
    <entry id="15" name="cpd:C11596" type="compound"
        link="http://www.kegg.jp/dbget-bin/www_bget?C11596">
        <graphics name="C11596" fgcolor="#000000" bgcolor="#FFFFFF"
             type="circle" x="712" y="576" width="8" height="8"/>
    </entry>
    <entry id="16" name="ko:K14202" type="ortholog"
        link="http://www.kegg.jp/dbget-bin/www_bget?K14202">
        <graphics name="K14202" fgcolor="#000000" bgcolor="#FFFFFF"
             type="rectangle" x="614" y="590" width="46" height="17"/>
    </entry>
    <entry id="17" name="hsa:5340" type="gene"
        link="http://www.kegg.jp/dbget-bin/www_bget?hsa:5340">
        <graphics name="PLG" fgcolor="#000000" bgcolor="#BFFFBF"
             type="rectangle" x="527" y="343" width="46" height="17"/>
    </entry>
    <entry id="18" name="ko:K14198" type="ortholog"
        link="http://www.kegg.jp/dbget-bin/www_bget?K14198">
        <graphics name="K14198" fgcolor="#000000" bgcolor="#FFFFFF"
             type="rectangle" x="472" y="432" width="46" height="17"/>
    </entry>
    <entry id="19" name="ko:K14200" type="ortholog"
        link="http://www.kegg.jp/dbget-bin/www_bget?K14200">
        <graphics name="K14200" fgcolor="#000000" bgcolor="#FFFFFF"
             type="rectangle" x="570" y="432" width="46" height="17"/>
    </entry>
    <entry id="20" name="path:hsa04610" type="map"
        link="http://www.kegg.jp/dbget-bin/www_bget?hsa04610">
        <graphics name="Complement and coagulation cascades" fgcolor="#000000" bgcolor="#FFFFFF"
             type="roundrectangle" x="303" y="113" width="126" height="34"/>
    </entry>
    <entry id="21" name="ko:K14199" type="ortholog"
        link="http://www.kegg.jp/dbget-bin/www_bget?K14199">
        <graphics name="K14199" fgcolor="#000000" bgcolor="#FFFFFF"
             type="rectangle" x="521" y="432" width="46" height="17"/>
    </entry>
    <entry id="22" name="ko:K19079" type="ortholog"
        link="http://www.kegg.jp/dbget-bin/www_bget?K19079">
        <graphics name="K19079" fgcolor="#000000" bgcolor="#FFFFFF"
             type="rectangle" x="661" y="733" width="46" height="17"/>
    </entry>
    <entry id="23" name="ko:K19080" type="ortholog"
        link="http://www.kegg.jp/dbget-bin/www_bget?K19080">
        <graphics name="K19080" fgcolor="#000000" bgcolor="#FFFFFF"
             type="rectangle" x="661" y="750" width="46" height="17"/>
    </entry>
    <entry id="24" name="ko:K03367 ko:K03739 ko:K14188 ko:K03740" type="ortholog"
        link="http://www.kegg.jp/dbget-bin/www_bget?K03367+K03739+K14188+K03740">
        <graphics name="K03367..." fgcolor="#000000" bgcolor="#FFFFFF"
             type="rectangle" x="661" y="770" width="46" height="17"/>
    </entry>
    <entry id="25" name="ko:K14205" type="ortholog"
        link="http://www.kegg.jp/dbget-bin/www_bget?K14205">
        <graphics name="K14205" fgcolor="#000000" bgcolor="#FFFFFF"
             type="rectangle" x="661" y="790" width="46" height="17"/>
    </entry>
    <entry id="26" name="ko:K01401" type="ortholog"
        link="http://www.kegg.jp/dbget-bin/www_bget?K01401">
        <graphics name="K01401" fgcolor="#000000" bgcolor="#FFFFFF"
             type="rectangle" x="661" y="842" width="46" height="17"/>
    </entry>
    <entry id="27" name="ko:K14198" type="ortholog"
        link="http://www.kegg.jp/dbget-bin/www_bget?K14198">
        <graphics name="K14198" fgcolor="#000000" bgcolor="#FFFFFF"
             type="rectangle" x="661" y="821" width="46" height="17"/>
    </entry>
    <entry id="28" name="ko:K14196" type="ortholog"
        link="http://www.kegg.jp/dbget-bin/www_bget?K14196">
        <graphics name="K14196" fgcolor="#000000" bgcolor="#FFFFFF"
             type="rectangle" x="371" y="504" width="46" height="17"/>
    </entry>
    <entry id="29" name="ko:K14201" type="ortholog"
        link="http://www.kegg.jp/dbget-bin/www_bget?K14201">
        <graphics name="K14201" fgcolor="#000000" bgcolor="#FFFFFF"
             type="rectangle" x="479" y="511" width="46" height="17"/>
    </entry>
    <entry id="31" name="hsa:102723407" type="gene"
        link="http://www.kegg.jp/dbget-bin/www_bget?hsa:102723407">
        <graphics name="IGH, IGH@, IGHV4, IGHV4-30, IGHV4-b, IGVH, IGVH4-39, IGVH4-b, IGVH4b, IgA, IgT, ighv" fgcolor="#000000" bgcolor="#BFFFBF"
             type="rectangle" x="639" y="533" width="46" height="17"/>
    </entry>
    <entry id="32" name="hsa:102723407" type="gene"
        link="http://www.kegg.jp/dbget-bin/www_bget?hsa:102723407">
        <graphics name="IGH, IGH@, IGHV4, IGHV4-30, IGHV4-b, IGVH, IGVH4-39, IGVH4-b, IGVH4b, IgA, IgT, ighv" fgcolor="#000000" bgcolor="#BFFFBF"
             type="rectangle" x="325" y="343" width="46" height="17"/>
    </entry>
    <entry id="33" name="hsa:3426" type="gene"
        link="http://www.kegg.jp/dbget-bin/www_bget?hsa:3426">
        <graphics name="CFI, AHUS3, ARMD13, C3BINA, C3b-INA, FI, IF, KAF" fgcolor="#000000" bgcolor="#BFFFBF"
             type="rectangle" x="664" y="376" width="46" height="17"/>
    </entry>
    <entry id="34" name="hsa:2266" type="gene"
        link="http://www.kegg.jp/dbget-bin/www_bget?hsa:2266">
        <graphics name="FGG" fgcolor="#000000" bgcolor="#BFFFBF"
             type="rectangle" x="639" y="511" width="46" height="17"/>
    </entry>
    <entry id="35" name="hsa:2204" type="gene"
        link="http://www.kegg.jp/dbget-bin/www_bget?hsa:2204">
        <graphics name="FCAR, CD89, CTB-61M7.2, FcalphaRI" fgcolor="#000000" bgcolor="#BFFFBF"
             type="rectangle" x="681" y="650" width="46" height="17"/>
    </entry>
    <entry id="36" name="ko:K11038" type="ortholog"
        link="http://www.kegg.jp/dbget-bin/www_bget?K11038">
        <graphics name="K11038" fgcolor="#000000" bgcolor="#FFFFFF"
             type="rectangle" x="380" y="936" width="46" height="17"/>
    </entry>
    <entry id="37" name="ko:K11040" type="ortholog"
        link="http://www.kegg.jp/dbget-bin/www_bget?K11040">
        <graphics name="K11040" fgcolor="#000000" bgcolor="#FFFFFF"
             type="rectangle" x="380" y="976" width="46" height="17"/>
    </entry>
    <entry id="38" name="ko:K11043" type="ortholog"
        link="http://www.kegg.jp/dbget-bin/www_bget?K11043">
        <graphics name="K11043" fgcolor="#000000" bgcolor="#FFFFFF"
             type="rectangle" x="380" y="1001" width="46" height="17"/>
    </entry>
    <entry id="39" name="ko:K11041" type="ortholog"
        link="http://www.kegg.jp/dbget-bin/www_bget?K11041">
        <graphics name="K11041" fgcolor="#000000" bgcolor="#FFFFFF"
             type="rectangle" x="380" y="1025" width="46" height="17"/>
    </entry>
    <entry id="40" name="hsa:2209 hsa:2212 hsa:2213 hsa:2214 hsa:2215 hsa:9103" type="gene"
        link="http://www.kegg.jp/dbget-bin/www_bget?hsa:2209+hsa:2212+hsa:2213+hsa:2214+hsa:2215+hsa:9103">
        <graphics name="FCGR1A, CD64, CD64A, FCRI, IGFR1..." fgcolor="#000000" bgcolor="#BFFFBF"
             type="rectangle" x="628" y="650" width="46" height="17"/>
    </entry>
    <entry id="41" name="hsa:1828" type="gene"
        link="http://www.kegg.jp/dbget-bin/www_bget?hsa:1828">
        <graphics name="DSG1, CDHF4, DG1, DSG, EPKHE, EPKHIA, PPKS1, SPPK1" fgcolor="#000000" bgcolor="#BFFFBF"
             type="rectangle" x="230" y="1025" width="46" height="17"/>
    </entry>
    <entry id="42" name="path:hsa04660" type="map"
        link="http://www.kegg.jp/dbget-bin/www_bget?hsa04660">
        <graphics name="T cell receptor signaling pathway" fgcolor="#000000" bgcolor="#FFFFFF"
             type="roundrectangle" x="652" y="972" width="126" height="34"/>
    </entry>
    <entry id="43" name="ko:K10785" type="ortholog"
        link="http://www.kegg.jp/dbget-bin/www_bget?K10785">
        <graphics name="K10785" fgcolor="#000000" bgcolor="#FFFFFF"
             type="rectangle" x="482" y="990" width="46" height="17"/>
    </entry>
    <entry id="44" name="hsa:3108 hsa:3109 hsa:3111 hsa:3112 hsa:3113 hsa:3115 hsa:3117 hsa:3118 hsa:3119 hsa:3122 hsa:3123 hsa:3125 hsa:3126 hsa:3127" type="gene"
        link="http://www.kegg.jp/dbget-bin/www_bget?hsa:3108+hsa:3109+hsa:3111+hsa:3112+hsa:3113+hsa:3115+hsa:3117+hsa:3118+hsa:3119+hsa:3122+hsa:3123+hsa:3125+hsa:3126+hsa:3127">
        <graphics name="HLA-DMA, D6S222E, DMA, HLADM, RING6..." fgcolor="#000000" bgcolor="#BFFFBF"
             type="rectangle" x="481" y="1012" width="46" height="17"/>
    </entry>
    <entry id="45" name="ko:K10784" type="ortholog"
        link="http://www.kegg.jp/dbget-bin/www_bget?K10784">
        <graphics name="K10784" fgcolor="#000000" bgcolor="#FFFFFF"
             type="rectangle" x="482" y="973" width="46" height="17"/>
    </entry>
    <entry id="46" name="ko:K14197" type="ortholog"
        link="http://www.kegg.jp/dbget-bin/www_bget?K14197">
        <graphics name="K14197" fgcolor="#000000" bgcolor="#FFFFFF"
             type="rectangle" x="421" y="504" width="46" height="17"/>
    </entry>
    <entry id="47" name="hsa:3075" type="gene"
        link="http://www.kegg.jp/dbget-bin/www_bget?hsa:3075">
        <graphics name="CFH, AHUS1, AMBP1, ARMD4, ARMS1, CFHL3, FH, FHL1, HF, HF1, HF2, HUS" fgcolor="#000000" bgcolor="#BFFFBF"
             type="rectangle" x="496" y="111" width="46" height="17"/>
    </entry>
    <entry id="48" name="hsa:719" type="gene"
        link="http://www.kegg.jp/dbget-bin/www_bget?hsa:719">
        <graphics name="C3AR1, AZ3B, C3AR, HNFAG09" fgcolor="#000000" bgcolor="#BFFFBF"
             type="rectangle" x="888" y="650" width="46" height="17"/>
    </entry>
    <entry id="49" name="ko:K14192" type="ortholog"
        link="http://www.kegg.jp/dbget-bin/www_bget?K14192">
        <graphics name="K14192" fgcolor="#000000" bgcolor="#FFFFFF"
             type="rectangle" x="104" y="226" width="46" height="17"/>
    </entry>
    <entry id="50" name="ko:K14193" type="ortholog"
        link="http://www.kegg.jp/dbget-bin/www_bget?K14193">
        <graphics name="K14193" fgcolor="#000000" bgcolor="#FFFFFF"
             type="rectangle" x="104" y="249" width="46" height="17"/>
    </entry>
    <entry id="51" name="ko:K14194" type="ortholog"
        link="http://www.kegg.jp/dbget-bin/www_bget?K14194">
        <graphics name="K14194" fgcolor="#000000" bgcolor="#FFFFFF"
             type="rectangle" x="104" y="272" width="46" height="17"/>
    </entry>
    <entry id="52" name="ko:K14195" type="ortholog"
        link="http://www.kegg.jp/dbget-bin/www_bget?K14195">
        <graphics name="K14195" fgcolor="#000000" bgcolor="#FFFFFF"
             type="rectangle" x="104" y="295" width="46" height="17"/>
    </entry>
    <entry id="53" name="hsa:3858" type="gene"
        link="http://www.kegg.jp/dbget-bin/www_bget?hsa:3858">
        <graphics name="KRT10, BCIE, BIE, CK10, EHK, K10, KPP" fgcolor="#000000" bgcolor="#BFFFBF"
             type="rectangle" x="185" y="215" width="46" height="17"/>
    </entry>
    <entry id="54" name="hsa:2266" type="gene"
        link="http://www.kegg.jp/dbget-bin/www_bget?hsa:2266">
        <graphics name="FGG" fgcolor="#000000" bgcolor="#BFFFBF"
             type="rectangle" x="185" y="237" width="46" height="17"/>
    </entry>
    <entry id="55" name="ko:K14196" type="ortholog"
        link="http://www.kegg.jp/dbget-bin/www_bget?K14196">
        <graphics name="K14196" fgcolor="#000000" bgcolor="#FFFFFF"
             type="rectangle" x="380" y="1069" width="46" height="17"/>
    </entry>
    <entry id="56" name="hsa:102723407" type="gene"
        link="http://www.kegg.jp/dbget-bin/www_bget?hsa:102723407">
        <graphics name="IGH, IGH@, IGHV4, IGHV4-30, IGHV4-b, IGVH, IGVH4-39, IGVH4-b, IGVH4b, IgA, IgT, ighv" fgcolor="#000000" bgcolor="#BFFFBF"
             type="rectangle" x="482" y="1069" width="46" height="17"/>
    </entry>
    <entry id="57" name="hsa:3383" type="gene"
        link="http://www.kegg.jp/dbget-bin/www_bget?hsa:3383">
        <graphics name="ICAM1, BB2, CD54, P3.58" fgcolor="#000000" bgcolor="#BFFFBF"
             type="rectangle" x="1047" y="757" width="46" height="17"/>
    </entry>
    <entry id="58" name="hsa:3689" type="gene"
        link="http://www.kegg.jp/dbget-bin/www_bget?hsa:3689">
        <graphics name="ITGB2, CD18, LAD, LCAMB, LFA-1, MAC-1, MF17, MFI7" fgcolor="#000000" bgcolor="#BFFFBF"
             type="rectangle" x="925" y="765" width="46" height="17"/>
    </entry>
    <entry id="59" name="ko:K14204" type="ortholog"
        link="http://www.kegg.jp/dbget-bin/www_bget?K14204">
        <graphics name="K14204" fgcolor="#000000" bgcolor="#FFFFFF"
             type="rectangle" x="1019" y="699" width="46" height="17"/>
    </entry>
    <entry id="60" name="hsa:6403" type="gene"
        link="http://www.kegg.jp/dbget-bin/www_bget?hsa:6403">
        <graphics name="SELP, CD62, CD62P, GMP140, GRMP, LECAM3, PADGEM, PSEL" fgcolor="#000000" bgcolor="#BFFFBF"
             type="rectangle" x="1047" y="800" width="46" height="17"/>
    </entry>
    <entry id="61" name="hsa:6404" type="gene"
        link="http://www.kegg.jp/dbget-bin/www_bget?hsa:6404">
        <graphics name="SELPLG, CD162, CLA, PSGL-1, PSGL1" fgcolor="#000000" bgcolor="#BFFFBF"
             type="rectangle" x="925" y="800" width="46" height="17"/>
    </entry>
    <entry id="63" name="hsa:3683 hsa:3684" type="gene"
        link="http://www.kegg.jp/dbget-bin/www_bget?hsa:3683+hsa:3684">
        <graphics name="ITGAL, CD11A, LFA-1, LFA1A..." fgcolor="#000000" bgcolor="#BFFFBF"
             type="rectangle" x="925" y="748" width="46" height="17"/>
    </entry>
    <entry id="64" name="cpd:C20898" type="compound"
        link="http://www.kegg.jp/dbget-bin/www_bget?C20898">
        <graphics name="C20898" fgcolor="#000000" bgcolor="#FFFFFF"
             type="circle" x="379" y="1094" width="8" height="8"/>
    </entry>
    <entry id="65" name="hsa:5724" type="gene"
        link="http://www.kegg.jp/dbget-bin/www_bget?hsa:5724">
        <graphics name="PTAFR, PAFR" fgcolor="#000000" bgcolor="#BFFFBF"
             type="rectangle" x="482" y="1094" width="46" height="17"/>
    </entry>
    <entry id="66" name="hsa:3586" type="gene"
        link="http://www.kegg.jp/dbget-bin/www_bget?hsa:3586">
        <graphics name="IL10, CSIF, GVHDS, IL-10, IL10A, TGIF" fgcolor="#000000" bgcolor="#BFFFBF"
             type="rectangle" x="661" y="1094" width="46" height="17"/>
    </entry>
    <entry id="67" name="path:hsa04662" type="map"
        link="http://www.kegg.jp/dbget-bin/www_bget?hsa04662">
        <graphics name="B cell receptor signaling pathway" fgcolor="#000000" bgcolor="#FFFFFF"
             type="roundrectangle" x="652" y="1044" width="126" height="34"/>
    </entry>
    <entry id="68" name="ko:K14203" type="ortholog"
        link="http://www.kegg.jp/dbget-bin/www_bget?K14203">
        <graphics name="K14203" fgcolor="#000000" bgcolor="#FFFFFF"
             type="rectangle" x="615" y="614" width="46" height="17"/>
    </entry>
    <entry id="69" name="hsa:2358 hsa:2359" type="gene"
        link="http://www.kegg.jp/dbget-bin/www_bget?hsa:2358+hsa:2359">
        <graphics name="FPR2, ALXR, FMLP-R-II, FMLPX, FPR2A, FPRH1, FPRH2, FPRL1, HM63, LXA4R..." fgcolor="#000000" bgcolor="#BFFFBF"
             type="rectangle" x="732" y="650" width="46" height="17"/>
    </entry>
    <entry id="70" name="hsa:100289462 hsa:1672 hsa:1673 hsa:414325 hsa:55894" type="gene"
        link="http://www.kegg.jp/dbget-bin/www_bget?hsa:100289462+hsa:1672+hsa:1673+hsa:414325+hsa:55894">
        <graphics name="DEFB4B, DEFB4P..." fgcolor="#000000" bgcolor="#BFFFBF"
             type="rectangle" x="470" y="743" width="46" height="17"/>
    </entry>
    <entry id="71" name="hsa:1667 hsa:1668 hsa:1669 hsa:1670 hsa:1671 hsa:728358" type="gene"
        link="http://www.kegg.jp/dbget-bin/www_bget?hsa:1667+hsa:1668+hsa:1669+hsa:1670+hsa:1671+hsa:728358">
        <graphics name="DEFA1, DEF1, DEFA2, HNP-1, HP-1, HP1, MRS..." fgcolor="#000000" bgcolor="#BFFFBF"
             type="rectangle" x="470" y="770" width="46" height="17"/>
    </entry>
    <entry id="72" name="hsa:820" type="gene"
        link="http://www.kegg.jp/dbget-bin/www_bget?hsa:820">
        <graphics name="CAMP, CAP-18, CAP18, CRAMP, FALL-39, FALL39, HSD26, LL37" fgcolor="#000000" bgcolor="#BFFFBF"
             type="rectangle" x="470" y="795" width="46" height="17"/>
    </entry>
    <entry id="73" name="undefined" type="group">
        <graphics fgcolor="#000000" bgcolor="#FFFFFF"
             type="rectangle" x="416" y="302" width="92" height="34"/>
        <component id="5"/>
        <component id="6"/>
        <component id="7"/>
    </entry>
    <entry id="74" name="undefined" type="group">
        <graphics fgcolor="#000000" bgcolor="#FFFFFF"
             type="rectangle" x="540" y="270" width="46" height="34"/>
        <component id="8"/>
        <component id="9"/>
    </entry>
    <entry id="75" name="undefined" type="group">
        <graphics fgcolor="#000000" bgcolor="#FFFFFF"
             type="rectangle" x="456" y="168" width="46" height="34"/>
        <component id="2"/>
        <component id="3"/>
    </entry>
    <entry id="76" name="undefined" type="group">
        <graphics fgcolor="#000000" bgcolor="#FFFFFF"
             type="rectangle" x="925" y="756" width="46" height="34"/>
        <component id="58"/>
        <component id="63"/>
    </entry>
    <relation entry1="73" entry2="8" type="PPrel">
        <subtype name="activation" value="--&gt;"/>
    </relation>
    <relation entry1="74" entry2="2" type="PPrel">
        <subtype name="activation" value="--&gt;"/>
    </relation>
    <relation entry1="2" entry2="4" type="PPrel">
        <subtype name="activation" value="--&gt;"/>
    </relation>
    <relation entry1="1" entry2="75" type="PPrel">
        <subtype name="binding/association" value="---"/>
    </relation>
    <relation entry1="10" entry2="11" type="PPrel">
        <subtype name="binding/association" value="---"/>
    </relation>
    <relation entry1="11" entry2="8" type="PPrel">
        <subtype name="activation" value="--&gt;"/>
    </relation>
    <relation entry1="32" entry2="73" type="PPrel">
        <subtype name="activation" value="--&gt;"/>
    </relation>
    <relation entry1="17" entry2="32" type="PPrel">
        <subtype name="inhibition" value="--|"/>
    </relation>
    <relation entry1="17" entry2="2" type="PPrel">
        <subtype name="inhibition" value="--|"/>
    </relation>
    <relation entry1="33" entry2="2" type="PPrel">
        <subtype name="inhibition" value="--|"/>
    </relation>
    <relation entry1="47" entry2="75" type="PPrel">
        <subtype name="inhibition" value="--|"/>
    </relation>
    <relation entry1="4" entry2="13" type="PPrel">
        <subtype name="activation" value="--&gt;"/>
    </relation>
    <relation entry1="2" entry2="48" type="PPrel">
        <subtype name="activation" value="--&gt;"/>
    </relation>
    <relation entry1="31" entry2="35" type="PPrel">
        <subtype name="activation" value="--&gt;"/>
    </relation>
    <relation entry1="32" entry2="40" type="PPrel">
        <subtype name="activation" value="--&gt;"/>
    </relation>
    <relation entry1="15" entry2="69" type="PCrel">
    </relation>
    <relation entry1="15" entry2="14" type="PCrel">
    </relation>
    <relation entry1="57" entry2="76" type="PPrel">
        <subtype name="binding/association" value="---"/>
    </relation>
    <relation entry1="60" entry2="61" type="PPrel">
        <subtype name="binding/association" value="---"/>
    </relation>
    <relation entry1="64" entry2="65" type="PCrel">
    </relation>
    <relation entry1="65" entry2="66" type="PPrel">
        <subtype name="activation" value="--&gt;"/>
        <subtype name="indirect effect" value="..&gt;"/>
    </relation>
</pathway>
