<?xml version="1.0"?>
<!DOCTYPE pathway SYSTEM "http://www.kegg.jp/kegg/xml/KGML_v0.7.2_.dtd">
<!-- Creation date: Feb 22, 2018 15:06:20 +0900 (GMT+9) -->
<pathway name="path:hsa03018" org="hsa" number="03018"
         title="RNA degradation"
         image="http://www.kegg.jp/kegg/pathway/hsa/hsa03018.png"
         link="http://www.kegg.jp/kegg-bin/show_pathway?hsa03018">
    <entry id="1" name="ko:K08300" type="ortholog"
        link="http://www.kegg.jp/dbget-bin/www_bget?K08300">
        <graphics name="K08300" fgcolor="#000000" bgcolor="#FFFFFF"
             type="rectangle" x="380" y="663" width="46" height="17"/>
    </entry>
    <entry id="2" name="ko:K08300" type="ortholog"
        link="http://www.kegg.jp/dbget-bin/www_bget?K08300">
        <graphics name="K08300" fgcolor="#000000" bgcolor="#FFFFFF"
             type="rectangle" x="380" y="713" width="46" height="17"/>
    </entry>
    <entry id="3" name="ko:K08300" type="ortholog"
        link="http://www.kegg.jp/dbget-bin/www_bget?K08300">
        <graphics name="K08300" fgcolor="#000000" bgcolor="#FFFFFF"
             type="rectangle" x="380" y="763" width="46" height="17"/>
    </entry>
    <entry id="4" name="ko:K03732" type="ortholog"
        link="http://www.kegg.jp/dbget-bin/www_bget?K03732">
        <graphics name="K03732" fgcolor="#000000" bgcolor="#FFFFFF"
             type="rectangle" x="426" y="663" width="46" height="17"/>
    </entry>
    <entry id="5" name="hsa:2023 hsa:2026 hsa:2027 hsa:387712" type="gene"
        link="http://www.kegg.jp/dbget-bin/www_bget?hsa:2023+hsa:2026+hsa:2027+hsa:387712">
        <graphics name="ENO1, ENO1L1, HEL-S-17, MPB1, NNE, PPH..." fgcolor="#000000" bgcolor="#BFFFBF"
             type="rectangle" x="471" y="663" width="46" height="17"/>
    </entry>
    <entry id="6" name="hsa:87178" type="gene"
        link="http://www.kegg.jp/dbget-bin/www_bget?hsa:87178">
        <graphics name="PNPT1, COXPD13, DFNB70, OLD35, PNPASE, old-35" fgcolor="#000000" bgcolor="#BFFFBF"
             type="rectangle" x="517" y="663" width="46" height="17"/>
    </entry>
    <entry id="7" name="ko:K11927" type="ortholog"
        link="http://www.kegg.jp/dbget-bin/www_bget?K11927">
        <graphics name="K11927" fgcolor="#000000" bgcolor="#FFFFFF"
             type="rectangle" x="426" y="713" width="46" height="17"/>
    </entry>
    <entry id="8" name="ko:K12573" type="ortholog"
        link="http://www.kegg.jp/dbget-bin/www_bget?K12573">
        <graphics name="K12573" fgcolor="#000000" bgcolor="#FFFFFF"
             type="rectangle" x="471" y="713" width="46" height="17"/>
    </entry>
    <entry id="9" name="ko:K05592 ko:K03654" type="ortholog"
        link="http://www.kegg.jp/dbget-bin/www_bget?K05592+K03654">
        <graphics name="K05592..." fgcolor="#000000" bgcolor="#FFFFFF"
             type="rectangle" x="426" y="763" width="46" height="17"/>
    </entry>
    <entry id="10" name="ko:K03628" type="ortholog"
        link="http://www.kegg.jp/dbget-bin/www_bget?K03628">
        <graphics name="K03628" fgcolor="#000000" bgcolor="#FFFFFF"
             type="rectangle" x="472" y="763" width="46" height="17"/>
    </entry>
    <entry id="11" name="hsa:54512" type="gene"
        link="http://www.kegg.jp/dbget-bin/www_bget?hsa:54512">
        <graphics name="EXOSC4, RRP41, RRP41A, Rrp41p, SKI6, Ski6p, hRrp41p, p12A" fgcolor="#000000" bgcolor="#BFFFBF"
             type="rectangle" x="891" y="705" width="46" height="17"/>
    </entry>
    <entry id="12" name="hsa:23016" type="gene"
        link="http://www.kegg.jp/dbget-bin/www_bget?hsa:23016">
        <graphics name="EXOSC7, EAP1, RRP42, Rrp42p, hRrp42p, p8" fgcolor="#000000" bgcolor="#BFFFBF"
             type="rectangle" x="937" y="705" width="46" height="17"/>
    </entry>
    <entry id="13" name="hsa:51013" type="gene"
        link="http://www.kegg.jp/dbget-bin/www_bget?hsa:51013">
        <graphics name="EXOSC1, CGI-108, CSL4, Csl4p, SKI4, Ski4p, p13" fgcolor="#000000" bgcolor="#BFFFBF"
             type="rectangle" x="983" y="722" width="46" height="17"/>
    </entry>
    <entry id="14" name="hsa:23404" type="gene"
        link="http://www.kegg.jp/dbget-bin/www_bget?hsa:23404">
        <graphics name="EXOSC2, RRP4, Rrp4p, SHRF, hRrp4p, p7" fgcolor="#000000" bgcolor="#BFFFBF"
             type="rectangle" x="983" y="705" width="46" height="17"/>
    </entry>
    <entry id="15" name="hsa:9652" type="gene"
        link="http://www.kegg.jp/dbget-bin/www_bget?hsa:9652">
        <graphics name="TTC37, KIAA0372, Ski3, THES" fgcolor="#000000" bgcolor="#BFFFBF"
             type="rectangle" x="607" y="297" width="46" height="17"/>
    </entry>
    <entry id="16" name="hsa:80349" type="gene"
        link="http://www.kegg.jp/dbget-bin/www_bget?hsa:80349">
        <graphics name="WDR61, REC14, SKI8" fgcolor="#000000" bgcolor="#BFFFBF"
             type="rectangle" x="652" y="297" width="46" height="17"/>
    </entry>
    <entry id="17" name="hsa:51013" type="gene"
        link="http://www.kegg.jp/dbget-bin/www_bget?hsa:51013">
        <graphics name="EXOSC1, CGI-108, CSL4, Csl4p, SKI4, Ski4p, p13" fgcolor="#000000" bgcolor="#BFFFBF"
             type="rectangle" x="484" y="109" width="46" height="17"/>
    </entry>
    <entry id="18" name="hsa:54512" type="gene"
        link="http://www.kegg.jp/dbget-bin/www_bget?hsa:54512">
        <graphics name="EXOSC4, RRP41, RRP41A, Rrp41p, SKI6, Ski6p, hRrp41p, p12A" fgcolor="#000000" bgcolor="#BFFFBF"
             type="rectangle" x="552" y="126" width="46" height="17"/>
    </entry>
    <entry id="19" name="hsa:22894" type="gene"
        link="http://www.kegg.jp/dbget-bin/www_bget?hsa:22894">
        <graphics name="DIS3, 2810028N01Rik, EXOSC11, KIAA1008, RRP44, dis3p" fgcolor="#000000" bgcolor="#BFFFBF"
             type="rectangle" x="365" y="228" width="46" height="17"/>
    </entry>
    <entry id="20" name="hsa:6499" type="gene"
        link="http://www.kegg.jp/dbget-bin/www_bget?hsa:6499">
        <graphics name="SKIV2L, 170A, DDX13, HLP, SKI2, SKI2W, SKIV2, SKIV2L1, THES2" fgcolor="#000000" bgcolor="#BFFFBF"
             type="rectangle" x="561" y="297" width="46" height="17"/>
    </entry>
    <entry id="21" name="hsa:23404" type="gene"
        link="http://www.kegg.jp/dbget-bin/www_bget?hsa:23404">
        <graphics name="EXOSC2, RRP4, Rrp4p, SHRF, hRrp4p, p7" fgcolor="#000000" bgcolor="#BFFFBF"
             type="rectangle" x="530" y="109" width="46" height="17"/>
    </entry>
    <entry id="22" name="hsa:23016" type="gene"
        link="http://www.kegg.jp/dbget-bin/www_bget?hsa:23016">
        <graphics name="EXOSC7, EAP1, RRP42, Rrp42p, hRrp42p, p8" fgcolor="#000000" bgcolor="#BFFFBF"
             type="rectangle" x="506" y="126" width="46" height="17"/>
    </entry>
    <entry id="23" name="hsa:5393" type="gene"
        link="http://www.kegg.jp/dbget-bin/www_bget?hsa:5393">
        <graphics name="EXOSC9, PM/Scl-75, PMSCL1, RRP45, Rrp45p, p5, p6" fgcolor="#000000" bgcolor="#BFFFBF"
             type="rectangle" x="530" y="143" width="46" height="17"/>
    </entry>
    <entry id="24" name="hsa:118460" type="gene"
        link="http://www.kegg.jp/dbget-bin/www_bget?hsa:118460">
        <graphics name="EXOSC6, EAP4, MTR3, Mtr3p, hMtr3p, p11" fgcolor="#000000" bgcolor="#BFFFBF"
             type="rectangle" x="461" y="126" width="46" height="17"/>
    </entry>
    <entry id="25" name="hsa:11340" type="gene"
        link="http://www.kegg.jp/dbget-bin/www_bget?hsa:11340">
        <graphics name="EXOSC8, CIP3, EAP2, OIP2, PCH1C, RRP43, Rrp43p, bA421P11.3, p9" fgcolor="#000000" bgcolor="#BFFFBF"
             type="rectangle" x="415" y="126" width="46" height="17"/>
    </entry>
    <entry id="26" name="hsa:56915" type="gene"
        link="http://www.kegg.jp/dbget-bin/www_bget?hsa:56915">
        <graphics name="EXOSC5, RRP41B, RRP46, Rrp46p, hRrp46p, p12B" fgcolor="#000000" bgcolor="#BFFFBF"
             type="rectangle" x="598" y="126" width="46" height="17"/>
    </entry>
    <entry id="27" name="hsa:51010" type="gene"
        link="http://www.kegg.jp/dbget-bin/www_bget?hsa:51010">
        <graphics name="EXOSC3, CGI-102, PCH1B, RRP40, Rrp40p, bA3J10.7, hRrp-40, p10" fgcolor="#000000" bgcolor="#BFFFBF"
             type="rectangle" x="598" y="109" width="46" height="17"/>
    </entry>
    <entry id="28" name="hsa:10438" type="gene"
        link="http://www.kegg.jp/dbget-bin/www_bget?hsa:10438">
        <graphics name="C1D, LRP1, Rrp47, SUN-CoR, SUNCOR, hC1D" fgcolor="#000000" bgcolor="#BFFFBF"
             type="rectangle" x="465" y="228" width="46" height="17"/>
    </entry>
    <entry id="29" name="hsa:5394" type="gene"
        link="http://www.kegg.jp/dbget-bin/www_bget?hsa:5394">
        <graphics name="EXOSC10, PM-Scl, PM/Scl-100, PMSCL, PMSCL2, RRP6, Rrp6p, p2, p3, p4" fgcolor="#000000" bgcolor="#BFFFBF"
             type="rectangle" x="415" y="228" width="46" height="17"/>
    </entry>
    <entry id="30" name="hsa:10200" type="gene"
        link="http://www.kegg.jp/dbget-bin/www_bget?hsa:10200">
        <graphics name="MPHOSPH6, MPP, MPP-6, MPP6" fgcolor="#000000" bgcolor="#BFFFBF"
             type="rectangle" x="514" y="228" width="46" height="17"/>
    </entry>
    <entry id="31" name="ko:K12595" type="ortholog"
        link="http://www.kegg.jp/dbget-bin/www_bget?K12595">
        <graphics name="K12595" fgcolor="#000000" bgcolor="#FFFFFF"
             type="rectangle" x="652" y="228" width="46" height="17"/>
    </entry>
    <entry id="32" name="hsa:11044 hsa:64282" type="gene"
        link="http://www.kegg.jp/dbget-bin/www_bget?hsa:11044+hsa:64282">
        <graphics name="PAPD7, LAK-1, LAK1, POLK, POLS, TRF4, TRF4-1, TRF41, TUTASE5..." fgcolor="#000000" bgcolor="#BFFFBF"
             type="rectangle" x="385" y="297" width="46" height="17"/>
    </entry>
    <entry id="33" name="hsa:84186" type="gene"
        link="http://www.kegg.jp/dbget-bin/www_bget?hsa:84186">
        <graphics name="ZCCHC7, AIR1, HSPC086" fgcolor="#000000" bgcolor="#BFFFBF"
             type="rectangle" x="431" y="297" width="46" height="17"/>
    </entry>
    <entry id="34" name="hsa:23517" type="gene"
        link="http://www.kegg.jp/dbget-bin/www_bget?hsa:23517">
        <graphics name="MTREX, Dob1, KIAA0052, Mtr4, SKIV2L2, fSAP118" fgcolor="#000000" bgcolor="#BFFFBF"
             type="rectangle" x="477" y="297" width="46" height="17"/>
    </entry>
    <entry id="35" name="hsa:23019" type="gene"
        link="http://www.kegg.jp/dbget-bin/www_bget?hsa:23019">
        <graphics name="CNOT1, AD-005, CDC39, NOT1, NOT1H" fgcolor="#000000" bgcolor="#BFFFBF"
             type="rectangle" x="432" y="359" width="46" height="17"/>
    </entry>
    <entry id="36" name="hsa:4848" type="gene"
        link="http://www.kegg.jp/dbget-bin/www_bget?hsa:4848">
        <graphics name="CNOT2, CDC36, HSPC131, NOT2, NOT2H" fgcolor="#000000" bgcolor="#BFFFBF"
             type="rectangle" x="478" y="359" width="46" height="17"/>
    </entry>
    <entry id="37" name="hsa:4849" type="gene"
        link="http://www.kegg.jp/dbget-bin/www_bget?hsa:4849">
        <graphics name="CNOT3, LENG2, NOT3, NOT3H" fgcolor="#000000" bgcolor="#BFFFBF"
             type="rectangle" x="524" y="359" width="46" height="17"/>
    </entry>
    <entry id="38" name="hsa:4850" type="gene"
        link="http://www.kegg.jp/dbget-bin/www_bget?hsa:4850">
        <graphics name="CNOT4, CLONE243, NOT4, NOT4H" fgcolor="#000000" bgcolor="#BFFFBF"
             type="rectangle" x="570" y="359" width="46" height="17"/>
    </entry>
    <entry id="39" name="hsa:246175 hsa:57472" type="gene"
        link="http://www.kegg.jp/dbget-bin/www_bget?hsa:246175+hsa:57472">
        <graphics name="CNOT6L, CCR4b..." fgcolor="#000000" bgcolor="#BFFFBF"
             type="rectangle" x="386" y="359" width="46" height="17"/>
    </entry>
    <entry id="40" name="hsa:29883 hsa:9337" type="gene"
        link="http://www.kegg.jp/dbget-bin/www_bget?hsa:29883+hsa:9337">
        <graphics name="CNOT7, CAF-1, CAF1, Caf1a, hCAF-1..." fgcolor="#000000" bgcolor="#BFFFBF"
             type="rectangle" x="386" y="376" width="46" height="17"/>
    </entry>
    <entry id="41" name="ko:K12608" type="ortholog"
        link="http://www.kegg.jp/dbget-bin/www_bget?K12608">
        <graphics name="K12608" fgcolor="#000000" bgcolor="#FFFFFF"
             type="rectangle" x="524" y="376" width="46" height="17"/>
    </entry>
    <entry id="42" name="hsa:9125" type="gene"
        link="http://www.kegg.jp/dbget-bin/www_bget?hsa:9125">
        <graphics name="CNOT9, CAF40, CT129, RCD-1, RCD1, RQCD1" fgcolor="#000000" bgcolor="#BFFFBF"
             type="rectangle" x="432" y="376" width="46" height="17"/>
    </entry>
    <entry id="43" name="hsa:25904" type="gene"
        link="http://www.kegg.jp/dbget-bin/www_bget?hsa:25904">
        <graphics name="CNOT10" fgcolor="#000000" bgcolor="#BFFFBF"
             type="rectangle" x="478" y="376" width="46" height="17"/>
    </entry>
    <entry id="44" name="ko:K12609" type="ortholog"
        link="http://www.kegg.jp/dbget-bin/www_bget?K12609">
        <graphics name="K12609" fgcolor="#000000" bgcolor="#FFFFFF"
             type="rectangle" x="570" y="376" width="46" height="17"/>
    </entry>
    <entry id="45" name="path:hsa03018" type="map"
        link="http://www.kegg.jp/dbget-bin/www_bget?hsa03018">
        <graphics name="TITLE:RNA degradation" fgcolor="#000000" bgcolor="#FFFFFF"
             type="roundrectangle" x="121" y="58" width="161" height="25"/>
    </entry>
    <entry id="46" name="hsa:28960" type="gene"
        link="http://www.kegg.jp/dbget-bin/www_bget?hsa:28960">
        <graphics name="DCPS, ARS, DCS1, HINT-5, HINT5, HSL1, HSPC015" fgcolor="#000000" bgcolor="#BFFFBF"
             type="rectangle" x="96" y="143" width="46" height="17"/>
    </entry>
    <entry id="47" name="hsa:196513 hsa:55802" type="gene"
        link="http://www.kegg.jp/dbget-bin/www_bget?hsa:196513+hsa:55802">
        <graphics name="DCP1B, DCP1..." fgcolor="#000000" bgcolor="#BFFFBF"
             type="rectangle" x="773" y="224" width="46" height="17"/>
    </entry>
    <entry id="48" name="hsa:167227" type="gene"
        link="http://www.kegg.jp/dbget-bin/www_bget?hsa:167227">
        <graphics name="DCP2, NUDT20" fgcolor="#000000" bgcolor="#BFFFBF"
             type="rectangle" x="773" y="241" width="46" height="17"/>
    </entry>
    <entry id="49" name="hsa:27257" type="gene"
        link="http://www.kegg.jp/dbget-bin/www_bget?hsa:27257">
        <graphics name="LSM1, CASM, YJL124C" fgcolor="#000000" bgcolor="#BFFFBF"
             type="rectangle" x="771" y="359" width="46" height="17"/>
    </entry>
    <entry id="50" name="hsa:57819" type="gene"
        link="http://www.kegg.jp/dbget-bin/www_bget?hsa:57819">
        <graphics name="LSM2, C6orf28, G7B, YBL026W, snRNP" fgcolor="#000000" bgcolor="#BFFFBF"
             type="rectangle" x="817" y="359" width="46" height="17"/>
    </entry>
    <entry id="51" name="hsa:27258" type="gene"
        link="http://www.kegg.jp/dbget-bin/www_bget?hsa:27258">
        <graphics name="LSM3, SMX4, USS2, YLR438C" fgcolor="#000000" bgcolor="#BFFFBF"
             type="rectangle" x="863" y="359" width="46" height="17"/>
    </entry>
    <entry id="52" name="hsa:25804" type="gene"
        link="http://www.kegg.jp/dbget-bin/www_bget?hsa:25804">
        <graphics name="LSM4, GRP, YER112W" fgcolor="#000000" bgcolor="#BFFFBF"
             type="rectangle" x="909" y="359" width="46" height="17"/>
    </entry>
    <entry id="53" name="hsa:23658" type="gene"
        link="http://www.kegg.jp/dbget-bin/www_bget?hsa:23658">
        <graphics name="LSM5, YER146W" fgcolor="#000000" bgcolor="#BFFFBF"
             type="rectangle" x="817" y="376" width="46" height="17"/>
    </entry>
    <entry id="54" name="hsa:11157" type="gene"
        link="http://www.kegg.jp/dbget-bin/www_bget?hsa:11157">
        <graphics name="LSM6, YDR378C" fgcolor="#000000" bgcolor="#BFFFBF"
             type="rectangle" x="863" y="376" width="46" height="17"/>
    </entry>
    <entry id="55" name="hsa:51690" type="gene"
        link="http://www.kegg.jp/dbget-bin/www_bget?hsa:51690">
        <graphics name="LSM7, YNL147W" fgcolor="#000000" bgcolor="#BFFFBF"
             type="rectangle" x="909" y="376" width="46" height="17"/>
    </entry>
    <entry id="56" name="hsa:51691" type="gene"
        link="http://www.kegg.jp/dbget-bin/www_bget?hsa:51691">
        <graphics name="LSM8, NAA38" fgcolor="#000000" bgcolor="#BFFFBF"
             type="rectangle" x="955" y="359" width="46" height="17"/>
    </entry>
    <entry id="57" name="hsa:54464" type="gene"
        link="http://www.kegg.jp/dbget-bin/www_bget?hsa:54464">
        <graphics name="XRN1, SEP1" fgcolor="#000000" bgcolor="#BFFFBF"
             type="rectangle" x="928" y="223" width="46" height="17"/>
    </entry>
    <entry id="58" name="hsa:22803" type="gene"
        link="http://www.kegg.jp/dbget-bin/www_bget?hsa:22803">
        <graphics name="XRN2" fgcolor="#000000" bgcolor="#BFFFBF"
             type="rectangle" x="983" y="223" width="46" height="17"/>
    </entry>
    <entry id="59" name="hsa:1656" type="gene"
        link="http://www.kegg.jp/dbget-bin/www_bget?hsa:1656">
        <graphics name="DDX6, HLR2, P54, RCK" fgcolor="#000000" bgcolor="#BFFFBF"
             type="rectangle" x="819" y="224" width="46" height="17"/>
    </entry>
    <entry id="60" name="hsa:80153" type="gene"
        link="http://www.kegg.jp/dbget-bin/www_bget?hsa:80153">
        <graphics name="EDC3, LSM16, MRT50, YJDC, YJEFN2, hYjeF_N2-15q23" fgcolor="#000000" bgcolor="#BFFFBF"
             type="rectangle" x="819" y="241" width="46" height="17"/>
    </entry>
    <entry id="61" name="hsa:23644" type="gene"
        link="http://www.kegg.jp/dbget-bin/www_bget?hsa:23644">
        <graphics name="EDC4, GE1, Ge-1, HEDL5, HEDLS, RCD-8, RCD8" fgcolor="#000000" bgcolor="#BFFFBF"
             type="rectangle" x="819" y="258" width="46" height="17"/>
    </entry>
    <entry id="62" name="hsa:219988" type="gene"
        link="http://www.kegg.jp/dbget-bin/www_bget?hsa:219988">
        <graphics name="PATL1, Pat1b, hPat1b" fgcolor="#000000" bgcolor="#BFFFBF"
             type="rectangle" x="865" y="224" width="46" height="17"/>
    </entry>
    <entry id="63" name="hsa:154197 hsa:5073" type="gene"
        link="http://www.kegg.jp/dbget-bin/www_bget?hsa:154197+hsa:5073">
        <graphics name="PNLDC1, HsPNLDC1..." fgcolor="#000000" bgcolor="#BFFFBF"
             type="rectangle" x="652" y="359" width="46" height="17"/>
    </entry>
    <entry id="64" name="hsa:3313" type="gene"
        link="http://www.kegg.jp/dbget-bin/www_bget?hsa:3313">
        <graphics name="HSPA9, CRP40, CSA, EVPLS, GRP-75, GRP75, HEL-S-124m, HSPA9B, MOT, MOT2, MTHSP75, PBP74, SAAN, SIDBA4" fgcolor="#000000" bgcolor="#BFFFBF"
             type="rectangle" x="378" y="861" width="46" height="17"/>
    </entry>
    <entry id="65" name="hsa:3329" type="gene"
        link="http://www.kegg.jp/dbget-bin/www_bget?hsa:3329">
        <graphics name="HSPD1, CPN60, GROEL, HLD4, HSP-60, HSP60, HSP65, HuCHA60, SPG13" fgcolor="#000000" bgcolor="#BFFFBF"
             type="rectangle" x="430" y="861" width="46" height="17"/>
    </entry>
    <entry id="66" name="ko:K00937 ko:K22468" type="ortholog"
        link="http://www.kegg.jp/dbget-bin/www_bget?K00937+K22468">
        <graphics name="K00937..." fgcolor="#000000" bgcolor="#FFFFFF"
             type="rectangle" x="378" y="883" width="46" height="17"/>
    </entry>
    <entry id="67" name="ko:K00970" type="ortholog"
        link="http://www.kegg.jp/dbget-bin/www_bget?K00970">
        <graphics name="K00970" fgcolor="#000000" bgcolor="#FFFFFF"
             type="rectangle" x="430" y="883" width="46" height="17"/>
    </entry>
    <entry id="68" name="ko:K03666" type="ortholog"
        link="http://www.kegg.jp/dbget-bin/www_bget?K03666">
        <graphics name="K03666" fgcolor="#000000" bgcolor="#FFFFFF"
             type="rectangle" x="480" y="861" width="46" height="17"/>
    </entry>
    <entry id="69" name="ko:K08311" type="ortholog"
        link="http://www.kegg.jp/dbget-bin/www_bget?K08311">
        <graphics name="K08311" fgcolor="#000000" bgcolor="#FFFFFF"
             type="rectangle" x="95" y="717" width="46" height="17"/>
    </entry>
    <entry id="70" name="hsa:87178" type="gene"
        link="http://www.kegg.jp/dbget-bin/www_bget?hsa:87178">
        <graphics name="PNPT1, COXPD13, DFNB70, OLD35, PNPASE, old-35" fgcolor="#000000" bgcolor="#BFFFBF"
             type="rectangle" x="564" y="812" width="46" height="17"/>
    </entry>
    <entry id="71" name="ko:K18682" type="ortholog"
        link="http://www.kegg.jp/dbget-bin/www_bget?K18682">
        <graphics name="K18682" fgcolor="#000000" bgcolor="#FFFFFF"
             type="rectangle" x="380" y="812" width="46" height="17"/>
    </entry>
    <entry id="72" name="ko:K12574" type="ortholog"
        link="http://www.kegg.jp/dbget-bin/www_bget?K12574">
        <graphics name="K12574" fgcolor="#000000" bgcolor="#FFFFFF"
             type="rectangle" x="472" y="812" width="46" height="17"/>
    </entry>
    <entry id="73" name="hsa:170506" type="gene"
        link="http://www.kegg.jp/dbget-bin/www_bget?hsa:170506">
        <graphics name="DHX36, DDX36, G4R1, MLEL1, RHAU" fgcolor="#000000" bgcolor="#BFFFBF"
             type="rectangle" x="652" y="335" width="46" height="17"/>
    </entry>
    <entry id="74" name="hsa:10140 hsa:10766 hsa:10950 hsa:54766 hsa:694 hsa:7832" type="gene"
        link="http://www.kegg.jp/dbget-bin/www_bget?hsa:10140+hsa:10766+hsa:10950+hsa:54766+hsa:694+hsa:7832">
        <graphics name="TOB1, APRO5, APRO6, PIG49, TOB, TROB, TROB1..." fgcolor="#000000" bgcolor="#BFFFBF"
             type="rectangle" x="386" y="403" width="46" height="17"/>
    </entry>
    <entry id="75" name="hsa:132430 hsa:140886 hsa:26986 hsa:340529 hsa:5042 hsa:645974 hsa:80336 hsa:8761" type="gene"
        link="http://www.kegg.jp/dbget-bin/www_bget?hsa:132430+hsa:140886+hsa:26986+hsa:340529+hsa:5042+hsa:645974+hsa:80336+hsa:8761">
        <graphics name="PABPC4L..." fgcolor="#000000" bgcolor="#BFFFBF"
             type="rectangle" x="458" y="404" width="46" height="17"/>
    </entry>
    <entry id="76" name="hsa:9924" type="gene"
        link="http://www.kegg.jp/dbget-bin/www_bget?hsa:9924">
        <graphics name="PAN2, USP52" fgcolor="#000000" bgcolor="#BFFFBF"
             type="rectangle" x="412" y="447" width="46" height="17"/>
    </entry>
    <entry id="77" name="hsa:255967" type="gene"
        link="http://www.kegg.jp/dbget-bin/www_bget?hsa:255967">
        <graphics name="PAN3" fgcolor="#000000" bgcolor="#BFFFBF"
             type="rectangle" x="458" y="447" width="46" height="17"/>
    </entry>
    <entry id="78" name="path:hsa03015" type="map"
        link="http://www.kegg.jp/dbget-bin/www_bget?hsa03015">
        <graphics name="mRNA surveillance pathway" fgcolor="#000000" bgcolor="#FFFFFF"
             type="roundrectangle" x="558" y="428" width="100" height="34"/>
    </entry>
    <entry id="79" name="hsa:131870" type="gene"
        link="http://www.kegg.jp/dbget-bin/www_bget?hsa:131870">
        <graphics name="NUDT16" fgcolor="#000000" bgcolor="#BFFFBF"
             type="rectangle" x="957" y="247" width="46" height="17"/>
    </entry>
    <entry id="80" name="hsa:115752" type="gene"
        link="http://www.kegg.jp/dbget-bin/www_bget?hsa:115752">
        <graphics name="DIS3L, DIS3L1" fgcolor="#000000" bgcolor="#BFFFBF"
             type="rectangle" x="596" y="228" width="46" height="17"/>
    </entry>
    <entry id="81" name="ko:K05592" type="ortholog"
        link="http://www.kegg.jp/dbget-bin/www_bget?K05592">
        <graphics name="K05592" fgcolor="#000000" bgcolor="#FFFFFF"
             type="rectangle" x="426" y="812" width="46" height="17"/>
    </entry>
    <entry id="82" name="hsa:5211 hsa:5213 hsa:5214" type="gene"
        link="http://www.kegg.jp/dbget-bin/www_bget?hsa:5211+hsa:5213+hsa:5214">
        <graphics name="PFKL, ATP-PFK, PFK-B, PFK-L..." fgcolor="#000000" bgcolor="#BFFFBF"
             type="rectangle" x="564" y="829" width="46" height="17"/>
    </entry>
    <entry id="83" name="hsa:2023 hsa:2026 hsa:2027 hsa:387712" type="gene"
        link="http://www.kegg.jp/dbget-bin/www_bget?hsa:2023+hsa:2026+hsa:2027+hsa:387712">
        <graphics name="ENO1, ENO1L1, HEL-S-17, MPB1, NNE, PPH..." fgcolor="#000000" bgcolor="#BFFFBF"
             type="rectangle" x="518" y="812" width="46" height="17"/>
    </entry>
    <relation entry1="75" entry2="74" type="PCrel">
        <subtype name="binding/association" value="---"/>
    </relation>
    <relation entry1="75" entry2="77" type="PCrel">
        <subtype name="activation" value="--&gt;"/>
        <subtype name="binding/association" value="---"/>
    </relation>
    <relation entry1="75" entry2="40" type="PCrel">
        <subtype name="activation" value="--&gt;"/>
    </relation>
    <relation entry1="76" entry2="77" type="PPrel">
        <subtype name="binding/association" value="---"/>
    </relation>
</pathway>
