<?xml version="1.0"?>
<!DOCTYPE pathway SYSTEM "http://www.kegg.jp/kegg/xml/KGML_v0.7.2_.dtd">
<!-- Creation date: Feb 24, 2016 16:53:43 +0900 (GMT+9) -->
<pathway name="path:hsa04940" org="hsa" number="04940"
         title="Type I diabetes mellitus"
         image="http://www.kegg.jp/kegg/pathway/hsa/hsa04940.png"
         link="http://www.kegg.jp/kegg-bin/show_pathway?hsa04940">
    <entry id="1" name="ko:K10784 ko:K10785" type="ortholog"
        link="http://www.kegg.jp/dbget-bin/www_bget?K10784+K10785">
        <graphics name="K10784..." fgcolor="#000000" bgcolor="#FFFFFF"
             type="rectangle" x="568" y="214" width="46" height="17"/>
    </entry>
    <entry id="2" name="ko:K10784 ko:K10785" type="ortholog"
        link="http://www.kegg.jp/dbget-bin/www_bget?K10784+K10785">
        <graphics name="K10784..." fgcolor="#000000" bgcolor="#FFFFFF"
             type="rectangle" x="317" y="402" width="46" height="17"/>
    </entry>
    <entry id="3" name="hsa:3382" type="gene"
        link="http://www.kegg.jp/dbget-bin/www_bget?hsa:3382">
        <graphics name="ICA1, ICA69, ICAp69" fgcolor="#000000" bgcolor="#BFFFBF"
             type="rectangle" x="166" y="286" width="46" height="17"/>
    </entry>
    <entry id="4" name="cpd:C00704 cpd:C00027 cpd:C00533" type="compound"
        link="http://www.kegg.jp/dbget-bin/www_bget?C00704+C00027+C00533">
        <graphics name="C00704..." fgcolor="#000000" bgcolor="#FFFFFF"
             type="circle" x="264" y="577" width="8" height="8"/>
    </entry>
    <entry id="5" name="hsa:940" type="gene"
        link="http://www.kegg.jp/dbget-bin/www_bget?hsa:940">
        <graphics name="CD28, Tp44" fgcolor="#000000" bgcolor="#BFFFBF"
             type="rectangle" x="568" y="237" width="46" height="17"/>
    </entry>
    <entry id="6" name="path:hsa04210" type="map"
        link="http://www.kegg.jp/dbget-bin/www_bget?hsa04210">
        <graphics name="Apoptosis" fgcolor="#000000" bgcolor="#FFFFFF"
             type="roundrectangle" x="139" y="506" width="71" height="25"/>
    </entry>
    <entry id="7" name="hsa:3592 hsa:3593" type="gene"
        link="http://www.kegg.jp/dbget-bin/www_bget?hsa:3592+hsa:3593">
        <graphics name="IL12A, CLMF, IL-12A, NFSK, NKSF1, P35..." fgcolor="#000000" bgcolor="#BFFFBF"
             type="rectangle" x="514" y="278" width="46" height="17"/>
    </entry>
    <entry id="8" name="hsa:1363" type="gene"
        link="http://www.kegg.jp/dbget-bin/www_bget?hsa:1363">
        <graphics name="CPE, CPH" fgcolor="#000000" bgcolor="#BFFFBF"
             type="rectangle" x="166" y="246" width="46" height="17"/>
    </entry>
    <entry id="9" name="hsa:941 hsa:942" type="gene"
        link="http://www.kegg.jp/dbget-bin/www_bget?hsa:941+hsa:942">
        <graphics name="CD80, B7, B7-1, B7.1, BB1, CD28LG, CD28LG1, LAB7..." fgcolor="#000000" bgcolor="#BFFFBF"
             type="rectangle" x="460" y="237" width="46" height="17"/>
    </entry>
    <entry id="10" name="hsa:5798 hsa:5799" type="gene"
        link="http://www.kegg.jp/dbget-bin/www_bget?hsa:5798+hsa:5799">
        <graphics name="PTPRN, IA-2, IA-2/PTP, IA2, ICA512, R-PTP-N..." fgcolor="#000000" bgcolor="#BFFFBF"
             type="rectangle" x="166" y="226" width="46" height="17"/>
    </entry>
    <entry id="11" name="hsa:2571 hsa:2572" type="gene"
        link="http://www.kegg.jp/dbget-bin/www_bget?hsa:2571+hsa:2572">
        <graphics name="GAD1, CPSQ1, GAD, SCP..." fgcolor="#000000" bgcolor="#BFFFBF"
             type="rectangle" x="166" y="205" width="46" height="17"/>
    </entry>
    <entry id="12" name="hsa:3329" type="gene"
        link="http://www.kegg.jp/dbget-bin/www_bget?hsa:3329">
        <graphics name="HSPD1, CPN60, GROEL, HLD4, HSP-60, HSP60, HSP65, HuCHA60, SPG13" fgcolor="#000000" bgcolor="#BFFFBF"
             type="rectangle" x="166" y="266" width="46" height="17"/>
    </entry>
    <entry id="13" name="hsa:3558" type="gene"
        link="http://www.kegg.jp/dbget-bin/www_bget?hsa:3558">
        <graphics name="IL2, IL-2, TCGF, lymphokine" fgcolor="#000000" bgcolor="#BFFFBF"
             type="rectangle" x="542" y="357" width="46" height="17"/>
    </entry>
    <entry id="14" name="path:hsa04660" type="map"
        link="http://www.kegg.jp/dbget-bin/www_bget?hsa04660">
        <graphics name="T cell receptor signaling pathway" fgcolor="#000000" bgcolor="#FFFFFF"
             type="roundrectangle" x="645" y="225" width="99" height="34"/>
    </entry>
    <entry id="15" name="hsa:3630" type="gene"
        link="http://www.kegg.jp/dbget-bin/www_bget?hsa:3630">
        <graphics name="INS, IDDM, IDDM1, IDDM2, ILPR, IRDN, MODY10" fgcolor="#000000" bgcolor="#BFFFBF"
             type="rectangle" x="166" y="185" width="46" height="17"/>
    </entry>
    <entry id="16" name="hsa:356" type="gene"
        link="http://www.kegg.jp/dbget-bin/www_bget?hsa:356">
        <graphics name="FASLG, ALPS1B, APT1LG1, APTL, CD178, CD95-L, CD95L, FASL, TNFSF6, TNLG1A" fgcolor="#000000" bgcolor="#BFFFBF"
             type="rectangle" x="317" y="425" width="46" height="17"/>
    </entry>
    <entry id="17" name="hsa:3002" type="gene"
        link="http://www.kegg.jp/dbget-bin/www_bget?hsa:3002">
        <graphics name="GZMB, CCPI, CGL-1, CGL1, CSP-B, CSPB, CTLA1, CTSGL1, HLP, SECT" fgcolor="#000000" bgcolor="#BFFFBF"
             type="rectangle" x="263" y="477" width="46" height="17"/>
    </entry>
    <entry id="18" name="hsa:3108 hsa:3109 hsa:3111 hsa:3112 hsa:3113 hsa:3115 hsa:3117 hsa:3118 hsa:3119 hsa:3122 hsa:3123 hsa:3125 hsa:3126 hsa:3127" type="gene"
        link="http://www.kegg.jp/dbget-bin/www_bget?hsa:3108+hsa:3109+hsa:3111+hsa:3112+hsa:3113+hsa:3115+hsa:3117+hsa:3118+hsa:3119+hsa:3122+hsa:3123+hsa:3125+hsa:3126+hsa:3127">
        <graphics name="HLA-DMA, D6S222E, DMA, HLADM, RING6..." fgcolor="#000000" bgcolor="#BFFFBF"
             type="rectangle" x="460" y="214" width="46" height="17"/>
    </entry>
    <entry id="19" name="hsa:3105 hsa:3106 hsa:3107 hsa:3133 hsa:3134 hsa:3135" type="gene"
        link="http://www.kegg.jp/dbget-bin/www_bget?hsa:3105+hsa:3106+hsa:3107+hsa:3133+hsa:3134+hsa:3135">
        <graphics name="HLA-A, Aw-33, Aw-74, HLA-A11, HLA-A33, HLA-DQB1, HLA-DRB1, HLAA..." fgcolor="#000000" bgcolor="#BFFFBF"
             type="rectangle" x="209" y="402" width="46" height="17"/>
    </entry>
    <entry id="20" name="hsa:355" type="gene"
        link="http://www.kegg.jp/dbget-bin/www_bget?hsa:355">
        <graphics name="FAS, ALPS1A, APO-1, APT1, CD95, FAS1, FASTM, TNFRSF6" fgcolor="#000000" bgcolor="#BFFFBF"
             type="rectangle" x="209" y="425" width="46" height="17"/>
    </entry>
    <entry id="21" name="hsa:3458" type="gene"
        link="http://www.kegg.jp/dbget-bin/www_bget?hsa:3458">
        <graphics name="IFNG, IFG, IFI" fgcolor="#000000" bgcolor="#BFFFBF"
             type="rectangle" x="263" y="499" width="46" height="17"/>
    </entry>
    <entry id="22" name="hsa:3458" type="gene"
        link="http://www.kegg.jp/dbget-bin/www_bget?hsa:3458">
        <graphics name="IFNG, IFG, IFI" fgcolor="#000000" bgcolor="#BFFFBF"
             type="rectangle" x="599" y="357" width="46" height="17"/>
    </entry>
    <entry id="23" name="hsa:5551" type="gene"
        link="http://www.kegg.jp/dbget-bin/www_bget?hsa:5551">
        <graphics name="PRF1, FLH2, HPLH2, P1, PFN1, PFP" fgcolor="#000000" bgcolor="#BFFFBF"
             type="rectangle" x="263" y="458" width="46" height="17"/>
    </entry>
    <entry id="24" name="hsa:3552 hsa:3553" type="gene"
        link="http://www.kegg.jp/dbget-bin/www_bget?hsa:3552+hsa:3553">
        <graphics name="IL1A, IL-1A, IL1, IL1-ALPHA, IL1F1..." fgcolor="#000000" bgcolor="#BFFFBF"
             type="rectangle" x="263" y="559" width="46" height="17"/>
    </entry>
    <entry id="25" name="hsa:7124" type="gene"
        link="http://www.kegg.jp/dbget-bin/www_bget?hsa:7124">
        <graphics name="TNF, DIF, TNF-alpha, TNFA, TNFSF2, TNLG1F" fgcolor="#000000" bgcolor="#BFFFBF"
             type="rectangle" x="263" y="540" width="46" height="17"/>
    </entry>
    <entry id="26" name="hsa:4049" type="gene"
        link="http://www.kegg.jp/dbget-bin/www_bget?hsa:4049">
        <graphics name="LTA, LT, TNFB, TNFSF1, TNLG1E" fgcolor="#000000" bgcolor="#BFFFBF"
             type="rectangle" x="263" y="518" width="46" height="17"/>
    </entry>
    <entry id="27" name="path:hsa04940" type="map"
        link="http://www.kegg.jp/dbget-bin/www_bget?hsa04940">
        <graphics name="TITLE:Type I diabetes mellitus" fgcolor="#000000" bgcolor="#FFFFFF"
             type="roundrectangle" x="149" y="58" width="218" height="25"/>
    </entry>
    <relation entry1="9" entry2="5" type="PPrel">
        <subtype name="activation" value="--&gt;"/>
    </relation>
    <relation entry1="16" entry2="20" type="PPrel">
        <subtype name="activation" value="--&gt;"/>
    </relation>
</pathway>
