<?xml version="1.0"?>
<!DOCTYPE pathway SYSTEM "http://www.kegg.jp/kegg/xml/KGML_v0.7.2_.dtd">
<!-- Creation date: Jan 28, 2019 17:18:02 +0900 (GMT+9) -->
<pathway name="path:hsa05142" org="hsa" number="05142"
         title="Chagas disease (American trypanosomiasis)"
         image="http://www.kegg.jp/kegg/pathway/hsa/hsa05142.png"
         link="http://www.kegg.jp/kegg-bin/show_pathway?hsa05142">
    <entry id="1" name="hsa:7097" type="gene"
        link="http://www.kegg.jp/dbget-bin/www_bget?hsa:7097">
        <graphics name="TLR2, CD282, TIL4" fgcolor="#000000" bgcolor="#BFFFBF"
             type="rectangle" x="291" y="302" width="46" height="17"/>
    </entry>
    <entry id="2" name="hsa:7099" type="gene"
        link="http://www.kegg.jp/dbget-bin/www_bget?hsa:7099">
        <graphics name="TLR4, ARMD10, CD284, TLR-4, TOLL" fgcolor="#000000" bgcolor="#BFFFBF"
             type="rectangle" x="291" y="197" width="46" height="17"/>
    </entry>
    <entry id="3" name="hsa:3458" type="gene"
        link="http://www.kegg.jp/dbget-bin/www_bget?hsa:3458">
        <graphics name="IFNG, IFG, IFI" fgcolor="#000000" bgcolor="#BFFFBF"
             type="rectangle" x="233" y="420" width="46" height="17"/>
    </entry>
    <entry id="5" name="hsa:811" type="gene"
        link="http://www.kegg.jp/dbget-bin/www_bget?hsa:811">
        <graphics name="CALR, CRT, HEL-S-99n, RO, SSA, cC1qR" fgcolor="#000000" bgcolor="#BFFFBF"
             type="rectangle" x="134" y="549" width="46" height="17"/>
    </entry>
    <entry id="6" name="hsa:718" type="gene"
        link="http://www.kegg.jp/dbget-bin/www_bget?hsa:718">
        <graphics name="C3, AHUS5, ARMD9, ASP, C3a, C3b, CPAMD1, HEL-S-62p" fgcolor="#000000" bgcolor="#BFFFBF"
             type="rectangle" x="212" y="529" width="46" height="17"/>
    </entry>
    <entry id="7" name="hsa:712 hsa:713 hsa:714" type="gene"
        link="http://www.kegg.jp/dbget-bin/www_bget?hsa:712+hsa:713+hsa:714">
        <graphics name="C1QA..." fgcolor="#000000" bgcolor="#BFFFBF"
             type="rectangle" x="212" y="549" width="46" height="17"/>
    </entry>
    <entry id="8" name="path:hsa04610" type="map"
        link="http://www.kegg.jp/dbget-bin/www_bget?hsa04610">
        <graphics name="Complement and coagulation cascades" fgcolor="#000000" bgcolor="#FFFFFF"
             type="roundrectangle" x="211" y="500" width="75" height="34"/>
    </entry>
    <entry id="9" name="path:hsa04620" type="map"
        link="http://www.kegg.jp/dbget-bin/www_bget?hsa04620">
        <graphics name="Toll-like receptor signaling pathway" fgcolor="#000000" bgcolor="#FFFFFF"
             type="roundrectangle" x="435" y="235" width="101" height="34"/>
    </entry>
    <entry id="10" name="hsa:54106" type="gene"
        link="http://www.kegg.jp/dbget-bin/www_bget?hsa:54106">
        <graphics name="TLR9, CD289" fgcolor="#000000" bgcolor="#BFFFBF"
             type="rectangle" x="373" y="359" width="46" height="17"/>
    </entry>
    <entry id="11" name="hsa:4615" type="gene"
        link="http://www.kegg.jp/dbget-bin/www_bget?hsa:4615">
        <graphics name="MYD88, MYD88D" fgcolor="#000000" bgcolor="#BFFFBF"
             type="rectangle" x="451" y="302" width="46" height="17"/>
    </entry>
    <entry id="12" name="hsa:3654 hsa:51135" type="gene"
        link="http://www.kegg.jp/dbget-bin/www_bget?hsa:3654+hsa:51135">
        <graphics name="IRAK1, IRAK, pelle..." fgcolor="#000000" bgcolor="#BFFFBF"
             type="rectangle" x="523" y="302" width="46" height="17"/>
    </entry>
    <entry id="13" name="hsa:7189" type="gene"
        link="http://www.kegg.jp/dbget-bin/www_bget?hsa:7189">
        <graphics name="TRAF6, MGC:3310, RNF85" fgcolor="#000000" bgcolor="#BFFFBF"
             type="rectangle" x="595" y="302" width="46" height="17"/>
    </entry>
    <entry id="14" name="hsa:6416" type="gene"
        link="http://www.kegg.jp/dbget-bin/www_bget?hsa:6416">
        <graphics name="MAP2K4, JNKK, JNKK1, MAPKK4, MEK4, MKK4, PRKMK4, SAPKK-1, SAPKK1, SEK1, SERK1, SKK1" fgcolor="#000000" bgcolor="#BFFFBF"
             type="rectangle" x="671" y="235" width="46" height="17"/>
    </entry>
    <entry id="15" name="hsa:5599 hsa:5601 hsa:5602" type="gene"
        link="http://www.kegg.jp/dbget-bin/www_bget?hsa:5599+hsa:5601+hsa:5602">
        <graphics name="MAPK8, JNK, JNK-46, JNK1, JNK1A2, JNK21B1/2, PRKM8, SAPK1, SAPK1c..." fgcolor="#000000" bgcolor="#BFFFBF"
             type="rectangle" x="738" y="235" width="46" height="17"/>
    </entry>
    <entry id="16" name="hsa:1432 hsa:5600 hsa:5603 hsa:6300" type="gene"
        link="http://www.kegg.jp/dbget-bin/www_bget?hsa:1432+hsa:5600+hsa:5603+hsa:6300">
        <graphics name="MAPK14, CSBP, CSBP1, CSBP2, CSPB1, EXIP, Mxi2, PRKM14, PRKM15, RK, SAPK2A, p38, p38ALPHA..." fgcolor="#000000" bgcolor="#BFFFBF"
             type="rectangle" x="738" y="295" width="46" height="17"/>
    </entry>
    <entry id="17" name="hsa:5594 hsa:5595" type="gene"
        link="http://www.kegg.jp/dbget-bin/www_bget?hsa:5594+hsa:5595">
        <graphics name="MAPK1, ERK, ERK-2, ERK2, ERT1, MAPK2, P42MAPK, PRKM1, PRKM2, p38, p40, p41, p41mapk, p42-MAPK..." fgcolor="#000000" bgcolor="#BFFFBF"
             type="rectangle" x="738" y="265" width="46" height="17"/>
    </entry>
    <entry id="18" name="hsa:2353 hsa:3725" type="gene"
        link="http://www.kegg.jp/dbget-bin/www_bget?hsa:2353+hsa:3725">
        <graphics name="FOS, AP-1, C-FOS, p55..." fgcolor="#000000" bgcolor="#BFFFBF"
             type="rectangle" x="852" y="265" width="46" height="17"/>
    </entry>
    <entry id="19" name="hsa:7124" type="gene"
        link="http://www.kegg.jp/dbget-bin/www_bget?hsa:7124">
        <graphics name="TNF, DIF, TNF-alpha, TNFA, TNFSF2, TNLG1F" fgcolor="#000000" bgcolor="#BFFFBF"
             type="rectangle" x="966" y="265" width="46" height="17"/>
    </entry>
    <entry id="20" name="hsa:3592 hsa:3593" type="gene"
        link="http://www.kegg.jp/dbget-bin/www_bget?hsa:3592+hsa:3593">
        <graphics name="IL12A, CLMF, IL-12A, NFSK, NKSF1, P35..." fgcolor="#000000" bgcolor="#BFFFBF"
             type="rectangle" x="966" y="284" width="46" height="17"/>
    </entry>
    <entry id="21" name="hsa:148022" type="gene"
        link="http://www.kegg.jp/dbget-bin/www_bget?hsa:148022">
        <graphics name="TICAM1, IIAE6, MyD88-3, PRVTIRB, TICAM-1, TRIF" fgcolor="#000000" bgcolor="#BFFFBF"
             type="rectangle" x="451" y="197" width="46" height="17"/>
    </entry>
    <entry id="22" name="hsa:3456" type="gene"
        link="http://www.kegg.jp/dbget-bin/www_bget?hsa:3456">
        <graphics name="IFNB1, IFB, IFF, IFN-beta, IFNB" fgcolor="#000000" bgcolor="#BFFFBF"
             type="rectangle" x="966" y="197" width="46" height="17"/>
    </entry>
    <entry id="23" name="hsa:4792" type="gene"
        link="http://www.kegg.jp/dbget-bin/www_bget?hsa:4792">
        <graphics name="NFKBIA, IKBA, MAD-3, NFKBI" fgcolor="#000000" bgcolor="#BFFFBF"
             type="rectangle" x="738" y="339" width="46" height="17"/>
    </entry>
    <entry id="24" name="hsa:4790 hsa:5970" type="gene"
        link="http://www.kegg.jp/dbget-bin/www_bget?hsa:4790+hsa:5970">
        <graphics name="NFKB1, CVID12, EBP-1, KBF1, NF-kB1, NF-kappa-B1, NF-kappaB, NFKB-p105, NFKB-p50, NFkappaB, p105, p50..." fgcolor="#000000" bgcolor="#BFFFBF"
             type="rectangle" x="738" y="376" width="46" height="17"/>
    </entry>
    <entry id="25" name="hsa:1147 hsa:3551 hsa:8517" type="gene"
        link="http://www.kegg.jp/dbget-bin/www_bget?hsa:1147+hsa:3551+hsa:8517">
        <graphics name="CHUK, IKBKA, IKK-alpha, IKK1, IKKA, NFKBIKA, TCF16..." fgcolor="#000000" bgcolor="#BFFFBF"
             type="rectangle" x="671" y="339" width="46" height="17"/>
    </entry>
    <entry id="26" name="hsa:7124" type="gene"
        link="http://www.kegg.jp/dbget-bin/www_bget?hsa:7124">
        <graphics name="TNF, DIF, TNF-alpha, TNFA, TNFSF2, TNLG1F" fgcolor="#000000" bgcolor="#BFFFBF"
             type="rectangle" x="233" y="439" width="46" height="17"/>
    </entry>
    <entry id="27" name="hsa:3553" type="gene"
        link="http://www.kegg.jp/dbget-bin/www_bget?hsa:3553">
        <graphics name="IL1B, IL-1, IL1-BETA, IL1F2" fgcolor="#000000" bgcolor="#BFFFBF"
             type="rectangle" x="966" y="377" width="46" height="17"/>
    </entry>
    <entry id="28" name="hsa:3459 hsa:3460" type="gene"
        link="http://www.kegg.jp/dbget-bin/www_bget?hsa:3459+hsa:3460">
        <graphics name="IFNGR1, CD119, IFNGR, IMD27A, IMD27B..." fgcolor="#000000" bgcolor="#BFFFBF"
             type="rectangle" x="291" y="420" width="46" height="17"/>
    </entry>
    <entry id="29" name="hsa:4843" type="gene"
        link="http://www.kegg.jp/dbget-bin/www_bget?hsa:4843">
        <graphics name="NOS2, HEP-NOS, INOS, NOS, NOS2A" fgcolor="#000000" bgcolor="#BFFFBF"
             type="rectangle" x="451" y="428" width="46" height="17"/>
    </entry>
    <entry id="30" name="cpd:C00062" type="compound"
        link="http://www.kegg.jp/dbget-bin/www_bget?C00062">
        <graphics name="C00062" fgcolor="#000000" bgcolor="#FFFFFF"
             type="circle" x="404" y="443" width="8" height="8"/>
    </entry>
    <entry id="31" name="cpd:C00533" type="compound"
        link="http://www.kegg.jp/dbget-bin/www_bget?C00533">
        <graphics name="C00533" fgcolor="#000000" bgcolor="#FFFFFF"
             type="circle" x="504" y="443" width="8" height="8"/>
    </entry>
    <entry id="32" name="hsa:7132" type="gene"
        link="http://www.kegg.jp/dbget-bin/www_bget?hsa:7132">
        <graphics name="TNFRSF1A, CD120a, FPF, TBP1, TNF-R, TNF-R-I, TNF-R55, TNFAR, TNFR1, TNFR55, TNFR60, p55, p55-R, p60" fgcolor="#000000" bgcolor="#BFFFBF"
             type="rectangle" x="291" y="439" width="46" height="17"/>
    </entry>
    <entry id="33" name="path:hsa00330" type="map"
        link="http://www.kegg.jp/dbget-bin/www_bget?hsa00330">
        <graphics name="Arginine and proline metabolism" fgcolor="#000000" bgcolor="#FFFFFF"
             type="roundrectangle" x="531" y="408" width="106" height="34"/>
    </entry>
    <entry id="34" name="hsa:7046" type="gene"
        link="http://www.kegg.jp/dbget-bin/www_bget?hsa:7046">
        <graphics name="TGFBR1, AAT5, ACVRLK4, ALK-5, ALK5, ESS1, LDS1, LDS1A, LDS2A, MSSE, SKR4, TBR-i, TBRI, TGFR-1, tbetaR-I" fgcolor="#000000" bgcolor="#BFFFBF"
             type="rectangle" x="290" y="796" width="46" height="17"/>
    </entry>
    <entry id="35" name="hsa:7048" type="gene"
        link="http://www.kegg.jp/dbget-bin/www_bget?hsa:7048">
        <graphics name="TGFBR2, AAT3, FAA3, LDS1B, LDS2, LDS2B, MFS2, RIIC, TAAD2, TBR-ii, TBRII, TGFR-2, TGFbeta-RII" fgcolor="#000000" bgcolor="#BFFFBF"
             type="rectangle" x="290" y="780" width="46" height="17"/>
    </entry>
    <entry id="36" name="hsa:4087 hsa:4088" type="gene"
        link="http://www.kegg.jp/dbget-bin/www_bget?hsa:4087+hsa:4088">
        <graphics name="SMAD2, JV18, JV18-1, MADH2, MADR2, hMAD-2, hSMAD2..." fgcolor="#000000" bgcolor="#BFFFBF"
             type="rectangle" x="450" y="796" width="46" height="17"/>
    </entry>
    <entry id="37" name="hsa:5054" type="gene"
        link="http://www.kegg.jp/dbget-bin/www_bget?hsa:5054">
        <graphics name="SERPINE1, PAI, PAI-1, PAI1, PLANH1" fgcolor="#000000" bgcolor="#BFFFBF"
             type="rectangle" x="965" y="796" width="46" height="17"/>
    </entry>
    <entry id="38" name="path:hsa04350" type="map"
        link="http://www.kegg.jp/dbget-bin/www_bget?hsa04350">
        <graphics name="TGF-beta signaling pathway" fgcolor="#000000" bgcolor="#FFFFFF"
             type="roundrectangle" x="698" y="775" width="95" height="34"/>
    </entry>
    <entry id="39" name="ko:K01354" type="ortholog"
        link="http://www.kegg.jp/dbget-bin/www_bget?K01354">
        <graphics name="K01354" fgcolor="#000000" bgcolor="#FFFFFF"
             type="rectangle" x="94" y="639" width="46" height="17"/>
    </entry>
    <entry id="40" name="ko:K08571" type="ortholog"
        link="http://www.kegg.jp/dbget-bin/www_bget?K08571">
        <graphics name="K08571" fgcolor="#000000" bgcolor="#FFFFFF"
             type="rectangle" x="161" y="590" width="46" height="17"/>
    </entry>
    <entry id="41" name="hsa:2770 hsa:2771 hsa:2773 hsa:2775" type="gene"
        link="http://www.kegg.jp/dbget-bin/www_bget?hsa:2770+hsa:2771+hsa:2773+hsa:2775">
        <graphics name="GNAI1, Gi..." fgcolor="#000000" bgcolor="#BFFFBF"
             type="rectangle" x="354" y="641" width="46" height="17"/>
    </entry>
    <entry id="42" name="hsa:624" type="gene"
        link="http://www.kegg.jp/dbget-bin/www_bget?hsa:624">
        <graphics name="BDKRB2, B2R, BK-2, BK2, BKR2, BRB2" fgcolor="#000000" bgcolor="#BFFFBF"
             type="rectangle" x="293" y="590" width="46" height="17"/>
    </entry>
    <entry id="43" name="hsa:2767 hsa:2769 hsa:2776 hsa:9630" type="gene"
        link="http://www.kegg.jp/dbget-bin/www_bget?hsa:2767+hsa:2769+hsa:2776+hsa:9630">
        <graphics name="GNA11, FBH, FBH2, FHH2, GNA-11, HHC2, HYPOC2..." fgcolor="#000000" bgcolor="#BFFFBF"
             type="rectangle" x="354" y="590" width="46" height="17"/>
    </entry>
    <entry id="44" name="hsa:23236 hsa:5330 hsa:5331 hsa:5332" type="gene"
        link="http://www.kegg.jp/dbget-bin/www_bget?hsa:23236+hsa:5330+hsa:5331+hsa:5332">
        <graphics name="PLCB1, EIEE12, PI-PLC, PLC-154, PLC-I, PLC-beta-1, PLC154, PLCB1A, PLCB1B..." fgcolor="#000000" bgcolor="#BFFFBF"
             type="rectangle" x="428" y="615" width="46" height="17"/>
    </entry>
    <entry id="45" name="cpd:C01245" type="compound"
        link="http://www.kegg.jp/dbget-bin/www_bget?C01245">
        <graphics name="C01245" fgcolor="#000000" bgcolor="#FFFFFF"
             type="circle" x="494" y="615" width="8" height="8"/>
    </entry>
    <entry id="46" name="cpd:C00076" type="compound"
        link="http://www.kegg.jp/dbget-bin/www_bget?C00076">
        <graphics name="C00076" fgcolor="#000000" bgcolor="#FFFFFF"
             type="circle" x="543" y="615" width="8" height="8"/>
    </entry>
    <entry id="47" name="path:hsa04020" type="map"
        link="http://www.kegg.jp/dbget-bin/www_bget?hsa04020">
        <graphics name="Calcium signaling pathway" fgcolor="#000000" bgcolor="#FFFFFF"
             type="roundrectangle" x="454" y="576" width="95" height="34"/>
    </entry>
    <entry id="48" name="hsa:2774 hsa:2778" type="gene"
        link="http://www.kegg.jp/dbget-bin/www_bget?hsa:2774+hsa:2778">
        <graphics name="GNAL, DYT25..." fgcolor="#000000" bgcolor="#BFFFBF"
             type="rectangle" x="354" y="675" width="46" height="17"/>
    </entry>
    <entry id="49" name="hsa:107" type="gene"
        link="http://www.kegg.jp/dbget-bin/www_bget?hsa:107">
        <graphics name="ADCY1, AC1, DFNB44" fgcolor="#000000" bgcolor="#BFFFBF"
             type="rectangle" x="428" y="675" width="46" height="17"/>
    </entry>
    <entry id="50" name="cpd:C00575" type="compound"
        link="http://www.kegg.jp/dbget-bin/www_bget?C00575">
        <graphics name="C00575" fgcolor="#000000" bgcolor="#FFFFFF"
             type="circle" x="494" y="674" width="8" height="8"/>
    </entry>
    <entry id="52" name="hsa:5290 hsa:5291 hsa:5293 hsa:5295 hsa:5296 hsa:8503" type="gene"
        link="http://www.kegg.jp/dbget-bin/www_bget?hsa:5290+hsa:5291+hsa:5293+hsa:5295+hsa:5296+hsa:8503">
        <graphics name="PIK3CA, CLAPO, CLOVE, CWS5, MCAP, MCM, MCMTC, PI3K, PI3K-alpha, p110-alpha..." fgcolor="#000000" bgcolor="#BFFFBF"
             type="rectangle" x="354" y="722" width="46" height="17"/>
    </entry>
    <entry id="53" name="hsa:10000 hsa:207 hsa:208" type="gene"
        link="http://www.kegg.jp/dbget-bin/www_bget?hsa:10000+hsa:207+hsa:208">
        <graphics name="AKT3, MPPH, MPPH2, PKB-GAMMA, PKBG, PRKBG, RAC-PK-gamma, RAC-gamma, STK-2..." fgcolor="#000000" bgcolor="#BFFFBF"
             type="rectangle" x="517" y="722" width="46" height="17"/>
    </entry>
    <entry id="54" name="cpd:C05981" type="compound"
        link="http://www.kegg.jp/dbget-bin/www_bget?C05981">
        <graphics name="C05981" fgcolor="#000000" bgcolor="#FFFFFF"
             type="circle" x="433" y="721" width="8" height="8"/>
    </entry>
    <entry id="55" name="path:hsa04070" type="map"
        link="http://www.kegg.jp/dbget-bin/www_bget?hsa04070">
        <graphics name="Phosphatidylinositol signaling system" fgcolor="#000000" bgcolor="#FFFFFF"
             type="roundrectangle" x="439" y="750" width="192" height="25"/>
    </entry>
    <entry id="56" name="hsa:3586" type="gene"
        link="http://www.kegg.jp/dbget-bin/www_bget?hsa:3586">
        <graphics name="IL10, CSIF, GVHDS, IL-10, IL10A, TGIF" fgcolor="#000000" bgcolor="#BFFFBF"
             type="rectangle" x="966" y="511" width="46" height="17"/>
    </entry>
    <entry id="57" name="hsa:7040 hsa:7042 hsa:7043" type="gene"
        link="http://www.kegg.jp/dbget-bin/www_bget?hsa:7040+hsa:7042+hsa:7043">
        <graphics name="TGFB1, CED, DPD1, LAP, TGFB, TGFbeta..." fgcolor="#000000" bgcolor="#BFFFBF"
             type="rectangle" x="966" y="532" width="46" height="17"/>
    </entry>
    <entry id="58" name="hsa:5515 hsa:5516 hsa:5518 hsa:5519 hsa:5520 hsa:5521 hsa:5522 hsa:55844" type="gene"
        link="http://www.kegg.jp/dbget-bin/www_bget?hsa:5515+hsa:5516+hsa:5518+hsa:5519+hsa:5520+hsa:5521+hsa:5522+hsa:55844">
        <graphics name="PPP2CA, PP2Ac, PP2CA, PP2Calpha, RP-C..." fgcolor="#000000" bgcolor="#BFFFBF"
             type="rectangle" x="966" y="414" width="46" height="17"/>
    </entry>
    <entry id="59" name="hsa:356" type="gene"
        link="http://www.kegg.jp/dbget-bin/www_bget?hsa:356">
        <graphics name="FASLG, ALPS1B, APT1LG1, APTL, CD178, CD95-L, CD95L, FASL, TNFSF6, TNLG1A" fgcolor="#000000" bgcolor="#BFFFBF"
             type="rectangle" x="233" y="872" width="46" height="17"/>
    </entry>
    <entry id="60" name="hsa:7124" type="gene"
        link="http://www.kegg.jp/dbget-bin/www_bget?hsa:7124">
        <graphics name="TNF, DIF, TNF-alpha, TNFA, TNFSF2, TNLG1F" fgcolor="#000000" bgcolor="#BFFFBF"
             type="rectangle" x="233" y="891" width="46" height="17"/>
    </entry>
    <entry id="61" name="hsa:355" type="gene"
        link="http://www.kegg.jp/dbget-bin/www_bget?hsa:355">
        <graphics name="FAS, ALPS1A, APO-1, APT1, CD95, FAS1, FASTM, TNFRSF6" fgcolor="#000000" bgcolor="#BFFFBF"
             type="rectangle" x="291" y="872" width="46" height="17"/>
    </entry>
    <entry id="62" name="hsa:7132" type="gene"
        link="http://www.kegg.jp/dbget-bin/www_bget?hsa:7132">
        <graphics name="TNFRSF1A, CD120a, FPF, TBP1, TNF-R, TNF-R-I, TNF-R55, TNFAR, TNFR1, TNFR55, TNFR60, p55, p55-R, p60" fgcolor="#000000" bgcolor="#BFFFBF"
             type="rectangle" x="291" y="891" width="46" height="17"/>
    </entry>
    <entry id="63" name="hsa:8772" type="gene"
        link="http://www.kegg.jp/dbget-bin/www_bget?hsa:8772">
        <graphics name="FADD, GIG3, MORT1" fgcolor="#000000" bgcolor="#BFFFBF"
             type="rectangle" x="385" y="881" width="46" height="17"/>
    </entry>
    <entry id="64" name="hsa:841" type="gene"
        link="http://www.kegg.jp/dbget-bin/www_bget?hsa:841">
        <graphics name="CASP8, ALPS2B, CAP4, Casp-8, FLICE, MACH, MCH5" fgcolor="#000000" bgcolor="#BFFFBF"
             type="rectangle" x="478" y="881" width="46" height="17"/>
    </entry>
    <entry id="65" name="hsa:8837" type="gene"
        link="http://www.kegg.jp/dbget-bin/www_bget?hsa:8837">
        <graphics name="CFLAR, CASH, CASP8AP1, CLARP, Casper, FLAME, FLAME-1, FLAME1, FLIP, I-FLICE, MRIT, c-FLIP, c-FLIPL, c-FLIPR, c-FLIPS" fgcolor="#000000" bgcolor="#BFFFBF"
             type="rectangle" x="478" y="844" width="46" height="17"/>
    </entry>
    <entry id="66" name="hsa:3458" type="gene"
        link="http://www.kegg.jp/dbget-bin/www_bget?hsa:3458">
        <graphics name="IFNG, IFG, IFI" fgcolor="#000000" bgcolor="#BFFFBF"
             type="rectangle" x="233" y="937" width="46" height="17"/>
    </entry>
    <entry id="67" name="hsa:3459 hsa:3460" type="gene"
        link="http://www.kegg.jp/dbget-bin/www_bget?hsa:3459+hsa:3460">
        <graphics name="IFNGR1, CD119, IFNGR, IMD27A, IMD27B..." fgcolor="#000000" bgcolor="#BFFFBF"
             type="rectangle" x="291" y="937" width="46" height="17"/>
    </entry>
    <entry id="68" name="path:hsa04210" type="map"
        link="http://www.kegg.jp/dbget-bin/www_bget?hsa04210">
        <graphics name="Apoptosis" fgcolor="#000000" bgcolor="#FFFFFF"
             type="roundrectangle" x="649" y="958" width="95" height="25"/>
    </entry>
    <entry id="69" name="hsa:6347" type="gene"
        link="http://www.kegg.jp/dbget-bin/www_bget?hsa:6347">
        <graphics name="CCL2, GDCF-2, HC11, HSMCR30, MCAF, MCP-1, MCP1, SCYA2, SMC-CF" fgcolor="#000000" bgcolor="#BFFFBF"
             type="rectangle" x="966" y="241" width="46" height="17"/>
    </entry>
    <entry id="70" name="hsa:3576" type="gene"
        link="http://www.kegg.jp/dbget-bin/www_bget?hsa:3576">
        <graphics name="CXCL8, GCP-1, GCP1, IL8, LECT, LUCT, LYNAP, MDNCF, MONAP, NAF, NAP-1, NAP1" fgcolor="#000000" bgcolor="#BFFFBF"
             type="rectangle" x="966" y="322" width="46" height="17"/>
    </entry>
    <entry id="71" name="hsa:3569" type="gene"
        link="http://www.kegg.jp/dbget-bin/www_bget?hsa:3569">
        <graphics name="IL6, BSF-2, BSF2, CDF, HGF, HSF, IFN-beta-2, IFNB2, IL-6" fgcolor="#000000" bgcolor="#BFFFBF"
             type="rectangle" x="966" y="303" width="46" height="17"/>
    </entry>
    <entry id="72" name="hsa:414062 hsa:6348 hsa:6349" type="gene"
        link="http://www.kegg.jp/dbget-bin/www_bget?hsa:414062+hsa:6348+hsa:6349">
        <graphics name="CCL3L3, 464.2, D17S1718, G0S19-2, LD78, LD78BETA, SCYA3L, SCYA3L1..." fgcolor="#000000" bgcolor="#BFFFBF"
             type="rectangle" x="966" y="341" width="46" height="17"/>
    </entry>
    <entry id="73" name="path:map4670" type="map"
        link="http://www.kegg.jp/dbget-bin/www_bget?map4670">
        <graphics fgcolor="#000000" bgcolor="#FFFFFF"
             type="roundrectangle" x="1117" y="350" width="118" height="25"/>
    </entry>
    <entry id="74" name="hsa:356" type="gene"
        link="http://www.kegg.jp/dbget-bin/www_bget?hsa:356">
        <graphics name="FASLG, ALPS1B, APT1LG1, APTL, CD178, CD95-L, CD95L, FASL, TNFSF6, TNLG1A" fgcolor="#000000" bgcolor="#BFFFBF"
             type="rectangle" x="233" y="1141" width="46" height="17"/>
    </entry>
    <entry id="75" name="ko:K10784 ko:K10785" type="ortholog"
        link="http://www.kegg.jp/dbget-bin/www_bget?K10784+K10785">
        <graphics name="K10784..." fgcolor="#000000" bgcolor="#FFFFFF"
             type="rectangle" x="291" y="1094" width="46" height="17"/>
    </entry>
    <entry id="76" name="hsa:355" type="gene"
        link="http://www.kegg.jp/dbget-bin/www_bget?hsa:355">
        <graphics name="FAS, ALPS1A, APO-1, APT1, CD95, FAS1, FASTM, TNFRSF6" fgcolor="#000000" bgcolor="#BFFFBF"
             type="rectangle" x="291" y="1141" width="46" height="17"/>
    </entry>
    <entry id="77" name="hsa:915 hsa:916 hsa:917 hsa:919" type="gene"
        link="http://www.kegg.jp/dbget-bin/www_bget?hsa:915+hsa:916+hsa:917+hsa:919">
        <graphics name="CD3D, CD3-DELTA, IMD19, T3D..." fgcolor="#000000" bgcolor="#BFFFBF"
             type="rectangle" x="291" y="1111" width="46" height="17"/>
    </entry>
    <entry id="78" name="hsa:841" type="gene"
        link="http://www.kegg.jp/dbget-bin/www_bget?hsa:841">
        <graphics name="CASP8, ALPS2B, CAP4, Casp-8, FLICE, MACH, MCH5" fgcolor="#000000" bgcolor="#BFFFBF"
             type="rectangle" x="478" y="1122" width="46" height="17"/>
    </entry>
    <entry id="80" name="ko:K13729" type="ortholog"
        link="http://www.kegg.jp/dbget-bin/www_bget?K13729">
        <graphics name="K13729" fgcolor="#000000" bgcolor="#FFFFFF"
             type="rectangle" x="233" y="322" width="46" height="17"/>
    </entry>
    <entry id="81" name="hsa:6352" type="gene"
        link="http://www.kegg.jp/dbget-bin/www_bget?hsa:6352">
        <graphics name="CCL5, D17S136E, RANTES, SCYA5, SIS-delta, SISd, TCP228, eoCP" fgcolor="#000000" bgcolor="#BFFFBF"
             type="rectangle" x="966" y="216" width="46" height="17"/>
    </entry>
    <entry id="82" name="hsa:4792" type="gene"
        link="http://www.kegg.jp/dbget-bin/www_bget?hsa:4792">
        <graphics name="NFKBIA, IKBA, MAD-3, NFKBI" fgcolor="#000000" bgcolor="#BFFFBF"
             type="rectangle" x="738" y="1122" width="46" height="17"/>
    </entry>
    <entry id="83" name="hsa:4790 hsa:5970" type="gene"
        link="http://www.kegg.jp/dbget-bin/www_bget?hsa:4790+hsa:5970">
        <graphics name="NFKB1, CVID12, EBP-1, KBF1, NF-kB1, NF-kappa-B1, NF-kappaB, NFKB-p105, NFKB-p50, NFkappaB, p105, p50..." fgcolor="#000000" bgcolor="#BFFFBF"
             type="rectangle" x="738" y="1159" width="46" height="17"/>
    </entry>
    <entry id="84" name="hsa:3558" type="gene"
        link="http://www.kegg.jp/dbget-bin/www_bget?hsa:3558">
        <graphics name="IL2, IL-2, TCGF, lymphokine" fgcolor="#000000" bgcolor="#BFFFBF"
             type="rectangle" x="965" y="1160" width="46" height="17"/>
    </entry>
    <entry id="85" name="hsa:10333" type="gene"
        link="http://www.kegg.jp/dbget-bin/www_bget?hsa:10333">
        <graphics name="TLR6, CD286" fgcolor="#000000" bgcolor="#BFFFBF"
             type="rectangle" x="291" y="319" width="46" height="17"/>
    </entry>
    <entry id="86" name="path:hsa05142" type="map"
        link="http://www.kegg.jp/dbget-bin/www_bget?hsa05142">
        <graphics name="TITLE:Chagas disease (American trypanosomiasis)" fgcolor="#000000" bgcolor="#FFFFFF"
             type="roundrectangle" x="116" y="58" width="151" height="25"/>
    </entry>
    <entry id="87" name="hsa:3827" type="gene"
        link="http://www.kegg.jp/dbget-bin/www_bget?hsa:3827">
        <graphics name="KNG1, BDK, BK, HMWK, KNG" fgcolor="#000000" bgcolor="#BFFFBF"
             type="rectangle" x="227" y="590" width="46" height="17"/>
    </entry>
    <entry id="88" name="hsa:1636" type="gene"
        link="http://www.kegg.jp/dbget-bin/www_bget?hsa:1636">
        <graphics name="ACE, ACE1, CD143, DCP, DCP1" fgcolor="#000000" bgcolor="#BFFFBF"
             type="rectangle" x="161" y="617" width="46" height="17"/>
    </entry>
    <entry id="89" name="undefined" type="group">
        <graphics fgcolor="#000000" bgcolor="#FFFFFF"
             type="rectangle" x="291" y="310" width="46" height="34"/>
        <component id="1"/>
        <component id="85"/>
    </entry>
    <entry id="90" name="undefined" type="group">
        <graphics fgcolor="#000000" bgcolor="#FFFFFF"
             type="rectangle" x="290" y="788" width="46" height="33"/>
        <component id="34"/>
        <component id="35"/>
    </entry>
    <relation entry1="2" entry2="21" type="PPrel">
        <subtype name="activation" value="--&gt;"/>
        <subtype name="indirect effect" value="..&gt;"/>
    </relation>
    <relation entry1="89" entry2="11" type="PPrel">
        <subtype name="activation" value="--&gt;"/>
    </relation>
    <relation entry1="10" entry2="11" type="PPrel">
        <subtype name="activation" value="--&gt;"/>
    </relation>
    <relation entry1="11" entry2="12" type="PPrel">
        <subtype name="activation" value="--&gt;"/>
    </relation>
    <relation entry1="12" entry2="13" type="PPrel">
        <subtype name="activation" value="--&gt;"/>
    </relation>
    <relation entry1="13" entry2="14" type="PPrel">
        <subtype name="activation" value="--&gt;"/>
        <subtype name="indirect effect" value="..&gt;"/>
    </relation>
    <relation entry1="13" entry2="25" type="PPrel">
        <subtype name="activation" value="--&gt;"/>
        <subtype name="indirect effect" value="..&gt;"/>
    </relation>
    <relation entry1="13" entry2="17" type="PPrel">
        <subtype name="activation" value="--&gt;"/>
        <subtype name="phosphorylation" value="+p"/>
        <subtype name="indirect effect" value="..&gt;"/>
    </relation>
    <relation entry1="13" entry2="16" type="PPrel">
        <subtype name="activation" value="--&gt;"/>
        <subtype name="phosphorylation" value="+p"/>
        <subtype name="indirect effect" value="..&gt;"/>
    </relation>
    <relation entry1="14" entry2="15" type="PPrel">
        <subtype name="activation" value="--&gt;"/>
        <subtype name="phosphorylation" value="+p"/>
    </relation>
    <relation entry1="25" entry2="23" type="PPrel">
        <subtype name="activation" value="--&gt;"/>
        <subtype name="phosphorylation" value="+p"/>
    </relation>
    <relation entry1="23" entry2="24" type="PPrel">
        <subtype name="dissociation" value="-+-"/>
    </relation>
    <relation entry1="15" entry2="18" type="PPrel">
        <subtype name="activation" value="--&gt;"/>
        <subtype name="phosphorylation" value="+p"/>
    </relation>
    <relation entry1="17" entry2="18" type="PPrel">
        <subtype name="activation" value="--&gt;"/>
    </relation>
    <relation entry1="16" entry2="18" type="PPrel">
        <subtype name="activation" value="--&gt;"/>
    </relation>
    <relation entry1="16" entry2="58" type="PPrel">
        <subtype name="activation" value="--&gt;"/>
        <subtype name="indirect effect" value="..&gt;"/>
    </relation>
    <relation entry1="24" entry2="58" type="PPrel">
        <subtype name="activation" value="--&gt;"/>
    </relation>
    <relation entry1="58" entry2="12" type="PPrel">
        <subtype name="inhibition" value="--|"/>
        <subtype name="dephosphorylation" value="-p"/>
    </relation>
    <relation entry1="11" entry2="29" type="PPrel">
        <subtype name="activation" value="--&gt;"/>
        <subtype name="indirect effect" value="..&gt;"/>
    </relation>
    <relation entry1="3" entry2="28" type="PPrel">
        <subtype name="activation" value="--&gt;"/>
    </relation>
    <relation entry1="26" entry2="32" type="PPrel">
        <subtype name="activation" value="--&gt;"/>
    </relation>
    <relation entry1="28" entry2="29" type="PPrel">
        <subtype name="activation" value="--&gt;"/>
        <subtype name="indirect effect" value="..&gt;"/>
    </relation>
    <relation entry1="32" entry2="29" type="PPrel">
        <subtype name="activation" value="--&gt;"/>
        <subtype name="indirect effect" value="..&gt;"/>
    </relation>
    <relation entry1="5" entry2="7" type="PPrel">
        <subtype name="inhibition" value="--|"/>
    </relation>
    <relation entry1="56" entry2="29" type="PPrel">
        <subtype name="inhibition" value="--|"/>
        <subtype name="indirect effect" value="..&gt;"/>
    </relation>
    <relation entry1="57" entry2="29" type="PPrel">
        <subtype name="inhibition" value="--|"/>
        <subtype name="indirect effect" value="..&gt;"/>
    </relation>
    <relation entry1="42" entry2="43" type="PPrel">
        <subtype name="activation" value="--&gt;"/>
    </relation>
    <relation entry1="43" entry2="44" type="PPrel">
        <subtype name="activation" value="--&gt;"/>
        <subtype name="indirect effect" value="..&gt;"/>
    </relation>
    <relation entry1="41" entry2="44" type="PPrel">
        <subtype name="activation" value="--&gt;"/>
        <subtype name="indirect effect" value="..&gt;"/>
    </relation>
    <relation entry1="48" entry2="49" type="PPrel">
        <subtype name="activation" value="--&gt;"/>
        <subtype name="indirect effect" value="..&gt;"/>
    </relation>
    <relation entry1="52" entry2="53" type="PPrel">
        <subtype name="compound" value="54"/>
        <subtype name="activation" value="--&gt;"/>
    </relation>
    <relation entry1="90" entry2="36" type="PPrel">
        <subtype name="activation" value="--&gt;"/>
        <subtype name="phosphorylation" value="+p"/>
    </relation>
    <relation entry1="59" entry2="61" type="PPrel">
        <subtype name="activation" value="--&gt;"/>
    </relation>
    <relation entry1="60" entry2="62" type="PPrel">
        <subtype name="activation" value="--&gt;"/>
    </relation>
    <relation entry1="61" entry2="63" type="PPrel">
        <subtype name="activation" value="--&gt;"/>
    </relation>
    <relation entry1="62" entry2="63" type="PPrel">
        <subtype name="activation" value="--&gt;"/>
        <subtype name="indirect effect" value="..&gt;"/>
    </relation>
    <relation entry1="63" entry2="64" type="PPrel">
        <subtype name="activation" value="--&gt;"/>
    </relation>
    <relation entry1="63" entry2="65" type="PPrel">
        <subtype name="binding/association" value="---"/>
    </relation>
    <relation entry1="65" entry2="64" type="PPrel">
        <subtype name="inhibition" value="--|"/>
    </relation>
    <relation entry1="66" entry2="67" type="PPrel">
        <subtype name="activation" value="--&gt;"/>
    </relation>
    <relation entry1="77" entry2="78" type="PPrel">
        <subtype name="activation" value="--&gt;"/>
        <subtype name="indirect effect" value="..&gt;"/>
    </relation>
    <relation entry1="82" entry2="83" type="PPrel">
        <subtype name="dissociation" value="-+-"/>
    </relation>
    <relation entry1="74" entry2="76" type="PPrel">
        <subtype name="activation" value="--&gt;"/>
    </relation>
    <relation entry1="76" entry2="78" type="PPrel">
        <subtype name="activation" value="--&gt;"/>
        <subtype name="indirect effect" value="..&gt;"/>
    </relation>
    <relation entry1="78" entry2="82" type="PPrel">
        <subtype name="activation" value="--&gt;"/>
        <subtype name="indirect effect" value="..&gt;"/>
    </relation>
    <relation entry1="21" entry2="22" type="GErel">
        <subtype name="expression" value="--&gt;"/>
        <subtype name="indirect effect" value="..&gt;"/>
    </relation>
    <relation entry1="21" entry2="81" type="GErel">
        <subtype name="expression" value="--&gt;"/>
        <subtype name="indirect effect" value="..&gt;"/>
    </relation>
    <relation entry1="18" entry2="22" type="GErel">
        <subtype name="expression" value="--&gt;"/>
    </relation>
    <relation entry1="18" entry2="81" type="GErel">
        <subtype name="expression" value="--&gt;"/>
    </relation>
    <relation entry1="18" entry2="69" type="GErel">
        <subtype name="expression" value="--&gt;"/>
    </relation>
    <relation entry1="18" entry2="19" type="GErel">
        <subtype name="expression" value="--&gt;"/>
    </relation>
    <relation entry1="18" entry2="20" type="GErel">
        <subtype name="expression" value="--&gt;"/>
    </relation>
    <relation entry1="18" entry2="71" type="GErel">
        <subtype name="expression" value="--&gt;"/>
    </relation>
    <relation entry1="18" entry2="70" type="GErel">
        <subtype name="expression" value="--&gt;"/>
    </relation>
    <relation entry1="18" entry2="72" type="GErel">
        <subtype name="expression" value="--&gt;"/>
    </relation>
    <relation entry1="24" entry2="27" type="GErel">
        <subtype name="expression" value="--&gt;"/>
    </relation>
    <relation entry1="83" entry2="84" type="GErel">
        <subtype name="expression" value="--&gt;"/>
    </relation>
    <relation entry1="36" entry2="37" type="GErel">
        <subtype name="expression" value="--&gt;"/>
    </relation>
    <relation entry1="21" entry2="69" type="GErel">
        <subtype name="expression" value="--&gt;"/>
        <subtype name="indirect effect" value="..&gt;"/>
    </relation>
    <relation entry1="87" entry2="42" type="PPrel">
        <subtype name="activation" value="--&gt;"/>
    </relation>
    <relation entry1="88" entry2="87" type="PPrel">
        <subtype name="inhibition" value="--|"/>
    </relation>
</pathway>
