<?xml version="1.0"?>
<!DOCTYPE pathway SYSTEM "http://www.kegg.jp/kegg/xml/KGML_v0.7.2_.dtd">
<!-- Creation date: May 12, 2014 13:27:44 +0900 (GMT+09:00) -->
<pathway name="path:hsa04966" org="hsa" number="04966"
         title="Collecting duct acid secretion"
         image="http://www.kegg.jp/kegg/pathway/hsa/hsa04966.png"
         link="http://www.kegg.jp/kegg-bin/show_pathway?hsa04966">
    <entry id="1" name="path:hsa04966" type="map"
        link="http://www.kegg.jp/dbget-bin/www_bget?hsa04966">
        <graphics name="TITLE:Collecting duct acid secretion" fgcolor="#000000" bgcolor="#FFFFFF"
             type="roundrectangle" x="187" y="58" width="294" height="25"/>
    </entry>
    <entry id="2" name="path:hsa04530" type="map"
        link="http://www.kegg.jp/dbget-bin/www_bget?hsa04530">
        <graphics name="Tight junction" fgcolor="#000000" bgcolor="#FFFFFF"
             type="roundrectangle" x="252" y="117" width="115" height="25"/>
    </entry>
    <entry id="3" name="cpd:C00001" type="compound"
        link="http://www.kegg.jp/dbget-bin/www_bget?C00001">
        <graphics name="C00001" fgcolor="#000000" bgcolor="#FFFFFF"
             type="circle" x="332" y="563" width="8" height="8"/>
    </entry>
    <entry id="4" name="hsa:10312 hsa:127124 hsa:155066 hsa:23545 hsa:245972 hsa:245973 hsa:50617 hsa:51382 hsa:523 hsa:525 hsa:526 hsa:527 hsa:528 hsa:529 hsa:534 hsa:535 hsa:8992 hsa:90423 hsa:9114 hsa:9296 hsa:9550" type="gene"
        link="http://www.kegg.jp/dbget-bin/www_bget?hsa:10312+hsa:127124+hsa:155066+hsa:23545+hsa:245972+hsa:245973+hsa:50617+hsa:51382+hsa:523+hsa:525+hsa:526+hsa:527+hsa:528+hsa:529+hsa:534+hsa:535+hsa:8992+hsa:90423+hsa:9114+hsa:9296+hsa:9550">
        <graphics name="TCIRG1, ATP6N1C, ATP6V0A3, Atp6i, OC-116kDa, OC116, OPTB1, Stv1, TIRC7, Vph1, a3..." fgcolor="#000000" bgcolor="#BFFFBF"
             type="rectangle" x="157" y="334" width="46" height="17"/>
    </entry>
    <entry id="5" name="hsa:6521" type="gene"
        link="http://www.kegg.jp/dbget-bin/www_bget?hsa:6521">
        <graphics name="SLC4A1, AE1, BND3, CD233, CHC, DI, EMPB3, EPB3, FR, RTA1A, SAO, SPH4, SW, WD, WD1, WR" fgcolor="#000000" bgcolor="#BFFFBF"
             type="rectangle" x="544" y="339" width="46" height="17"/>
    </entry>
    <entry id="6" name="hsa:495 hsa:496" type="gene"
        link="http://www.kegg.jp/dbget-bin/www_bget?hsa:495+hsa:496">
        <graphics name="ATP4A, ATP6A..." fgcolor="#000000" bgcolor="#BFFFBF"
             type="rectangle" x="159" y="415" width="46" height="17"/>
    </entry>
    <entry id="7" name="cpd:C00080" type="compound"
        link="http://www.kegg.jp/dbget-bin/www_bget?C00080">
        <graphics name="C00080" fgcolor="#000000" bgcolor="#FFFFFF"
             type="circle" x="102" y="333" width="8" height="8"/>
    </entry>
    <entry id="8" name="cpd:C00011" type="compound"
        link="http://www.kegg.jp/dbget-bin/www_bget?C00011">
        <graphics name="C00011" fgcolor="#000000" bgcolor="#FFFFFF"
             type="circle" x="374" y="565" width="8" height="8"/>
    </entry>
    <entry id="9" name="cpd:C00080" type="compound"
        link="http://www.kegg.jp/dbget-bin/www_bget?C00080">
        <graphics name="C00080" fgcolor="#000000" bgcolor="#FFFFFF"
             type="circle" x="302" y="336" width="8" height="8"/>
    </entry>
    <entry id="10" name="cpd:C00288" type="compound"
        link="http://www.kegg.jp/dbget-bin/www_bget?C00288">
        <graphics name="C00288" fgcolor="#000000" bgcolor="#FFFFFF"
             type="circle" x="608" y="334" width="8" height="8"/>
    </entry>
    <entry id="11" name="hsa:760" type="gene"
        link="http://www.kegg.jp/dbget-bin/www_bget?hsa:760">
        <graphics name="CA2, CA-II, CAC, CAII, Car2, HEL-76, HEL-S-282" fgcolor="#000000" bgcolor="#BFFFBF"
             type="rectangle" x="392" y="502" width="46" height="17"/>
    </entry>
    <entry id="12" name="cpd:C00698" type="compound"
        link="http://www.kegg.jp/dbget-bin/www_bget?C00698">
        <graphics name="C00698" fgcolor="#000000" bgcolor="#FFFFFF"
             type="circle" x="486" y="345" width="8" height="8"/>
    </entry>
    <entry id="14" name="cpd:C00288" type="compound"
        link="http://www.kegg.jp/dbget-bin/www_bget?C00288">
        <graphics name="C00288" fgcolor="#000000" bgcolor="#FFFFFF"
             type="circle" x="401" y="336" width="8" height="8"/>
    </entry>
    <entry id="15" name="cpd:C00014" type="compound"
        link="http://www.kegg.jp/dbget-bin/www_bget?C00014">
        <graphics name="C00014" fgcolor="#000000" bgcolor="#FFFFFF"
             type="circle" x="33" y="511" width="8" height="8"/>
    </entry>
    <entry id="16" name="cpd:C01353" type="compound"
        link="http://www.kegg.jp/dbget-bin/www_bget?C01353">
        <graphics name="C01353" fgcolor="#000000" bgcolor="#FFFFFF"
             type="circle" x="355" y="439" width="8" height="8"/>
    </entry>
    <entry id="17" name="hsa:10723" type="gene"
        link="http://www.kegg.jp/dbget-bin/www_bget?hsa:10723">
        <graphics name="SLC12A7, KCC4" fgcolor="#000000" bgcolor="#BFFFBF"
             type="rectangle" x="542" y="470" width="46" height="17"/>
    </entry>
    <entry id="18" name="hsa:1188" type="gene"
        link="http://www.kegg.jp/dbget-bin/www_bget?hsa:1188">
        <graphics name="CLCNKB, CLCKB, ClC-K2, ClC-Kb" fgcolor="#000000" bgcolor="#BFFFBF"
             type="rectangle" x="543" y="517" width="46" height="17"/>
    </entry>
    <entry id="19" name="cpd:C00238" type="compound"
        link="http://www.kegg.jp/dbget-bin/www_bget?C00238">
        <graphics name="C00238" fgcolor="#000000" bgcolor="#FFFFFF"
             type="circle" x="605" y="476" width="8" height="8"/>
    </entry>
    <entry id="20" name="cpd:C00698" type="compound"
        link="http://www.kegg.jp/dbget-bin/www_bget?C00698">
        <graphics name="C00698" fgcolor="#000000" bgcolor="#FFFFFF"
             type="circle" x="605" y="465" width="8" height="8"/>
    </entry>
    <entry id="21" name="cpd:C00698" type="compound"
        link="http://www.kegg.jp/dbget-bin/www_bget?C00698">
        <graphics name="C00698" fgcolor="#000000" bgcolor="#FFFFFF"
             type="circle" x="606" y="519" width="8" height="8"/>
    </entry>
    <entry id="22" name="cpd:C00080" type="compound"
        link="http://www.kegg.jp/dbget-bin/www_bget?C00080">
        <graphics name="C00080" fgcolor="#000000" bgcolor="#FFFFFF"
             type="circle" x="106" y="410" width="8" height="8"/>
    </entry>
    <entry id="23" name="cpd:C00238" type="compound"
        link="http://www.kegg.jp/dbget-bin/www_bget?C00238">
        <graphics name="C00238" fgcolor="#000000" bgcolor="#FFFFFF"
             type="circle" x="215" y="421" width="8" height="8"/>
    </entry>
    <entry id="24" name="cpd:C00080" type="compound"
        link="http://www.kegg.jp/dbget-bin/www_bget?C00080">
        <graphics name="C00080" fgcolor="#000000" bgcolor="#FFFFFF"
             type="circle" x="63" y="374" width="8" height="8"/>
    </entry>
    <entry id="27" name="cpd:C00011" type="compound"
        link="http://www.kegg.jp/dbget-bin/www_bget?C00011">
        <graphics name="C00011" fgcolor="#000000" bgcolor="#FFFFFF"
             type="circle" x="604" y="562" width="8" height="8"/>
    </entry>
    <relation entry1="9" entry2="7" type="PCrel">
        <subtype name="state change" value="..."/>
    </relation>
    <relation entry1="9" entry2="22" type="PCrel">
        <subtype name="state change" value="..."/>
    </relation>
    <relation entry1="14" entry2="10" type="PCrel">
        <subtype name="state change" value="..."/>
    </relation>
    <relation entry1="12" entry2="20" type="PCrel">
        <subtype name="state change" value="..."/>
    </relation>
    <relation entry1="12" entry2="21" type="PCrel">
        <subtype name="state change" value="..."/>
    </relation>
    <relation entry1="27" entry2="8" type="PCrel">
        <subtype name="state change" value="..."/>
    </relation>
</pathway>
