<?xml version="1.0"?>
<!DOCTYPE pathway SYSTEM "http://www.kegg.jp/kegg/xml/KGML_v0.7.2_.dtd">
<!-- Creation date: Nov 21, 2012 14:20:44 +0900 (GMT+09:00) -->
<pathway name="path:hsa03460" org="hsa" number="03460"
         title="Fanconi anemia pathway"
         image="http://www.kegg.jp/kegg/pathway/hsa/hsa03460.png"
         link="http://www.kegg.jp/kegg-bin/show_pathway?hsa03460">
    <entry id="1" name="hsa:57697" type="gene"
        link="http://www.kegg.jp/dbget-bin/www_bget?hsa:57697">
        <graphics name="FANCM, FAAP250, KIAA1596" fgcolor="#000000" bgcolor="#BFFFBF"
             type="rectangle" x="321" y="397" width="46" height="17"/>
    </entry>
    <entry id="2" name="hsa:2175" type="gene"
        link="http://www.kegg.jp/dbget-bin/www_bget?hsa:2175">
        <graphics name="FANCA, FA, FA-H, FA1, FAA, FACA, FAH, FANCH" fgcolor="#000000" bgcolor="#BFFFBF"
             type="rectangle" x="316" y="329" width="46" height="17"/>
    </entry>
    <entry id="3" name="hsa:2187" type="gene"
        link="http://www.kegg.jp/dbget-bin/www_bget?hsa:2187">
        <graphics name="FANCB, FA2, FAAP90, FAAP95, FAB, FACB" fgcolor="#000000" bgcolor="#BFFFBF"
             type="rectangle" x="326" y="312" width="46" height="17"/>
    </entry>
    <entry id="4" name="hsa:2176" type="gene"
        link="http://www.kegg.jp/dbget-bin/www_bget?hsa:2176">
        <graphics name="FANCC, FA3, FAC, FACC" fgcolor="#000000" bgcolor="#BFFFBF"
             type="rectangle" x="302" y="346" width="46" height="17"/>
    </entry>
    <entry id="5" name="path:hsa03460" type="map"
        link="http://www.kegg.jp/dbget-bin/www_bget?hsa03460">
        <graphics name="TITLE:Fanconi anemia pathway" fgcolor="#000000" bgcolor="#FFFFFF"
             type="roundrectangle" x="160" y="58" width="239" height="25"/>
    </entry>
    <entry id="6" name="hsa:2177" type="gene"
        link="http://www.kegg.jp/dbget-bin/www_bget?hsa:2177">
        <graphics name="FANCD2, FA-D2, FA4, FACD, FAD, FAD2, FANCD" fgcolor="#000000" bgcolor="#BFFFBF"
             type="rectangle" x="155" y="353" width="46" height="17"/>
    </entry>
    <entry id="7" name="hsa:55215" type="gene"
        link="http://www.kegg.jp/dbget-bin/www_bget?hsa:55215">
        <graphics name="FANCI, KIAA1794" fgcolor="#000000" bgcolor="#BFFFBF"
             type="rectangle" x="155" y="336" width="46" height="17"/>
    </entry>
    <entry id="8" name="hsa:2178" type="gene"
        link="http://www.kegg.jp/dbget-bin/www_bget?hsa:2178">
        <graphics name="FANCE, FACE, FAE" fgcolor="#000000" bgcolor="#BFFFBF"
             type="rectangle" x="302" y="363" width="46" height="17"/>
    </entry>
    <entry id="9" name="hsa:2188" type="gene"
        link="http://www.kegg.jp/dbget-bin/www_bget?hsa:2188">
        <graphics name="FANCF, FAF" fgcolor="#000000" bgcolor="#BFFFBF"
             type="rectangle" x="321" y="380" width="46" height="17"/>
    </entry>
    <entry id="10" name="hsa:2189" type="gene"
        link="http://www.kegg.jp/dbget-bin/www_bget?hsa:2189">
        <graphics name="FANCG, FAG, XRCC9" fgcolor="#000000" bgcolor="#BFFFBF"
             type="rectangle" x="348" y="363" width="46" height="17"/>
    </entry>
    <entry id="11" name="hsa:55120" type="gene"
        link="http://www.kegg.jp/dbget-bin/www_bget?hsa:55120">
        <graphics name="FANCL, FAAP43, PHF9, POG" fgcolor="#000000" bgcolor="#BFFFBF"
             type="rectangle" x="256" y="346" width="46" height="17"/>
    </entry>
    <entry id="12" name="hsa:79728" type="gene"
        link="http://www.kegg.jp/dbget-bin/www_bget?hsa:79728">
        <graphics name="PALB2, FANCN, PNCA3" fgcolor="#000000" bgcolor="#BFFFBF"
             type="rectangle" x="346" y="518" width="46" height="17"/>
    </entry>
    <entry id="13" name="hsa:80233" type="gene"
        link="http://www.kegg.jp/dbget-bin/www_bget?hsa:80233">
        <graphics name="FAAP100, C17orf70" fgcolor="#000000" bgcolor="#BFFFBF"
             type="rectangle" x="270" y="329" width="46" height="17"/>
    </entry>
    <entry id="14" name="hsa:641" type="gene"
        link="http://www.kegg.jp/dbget-bin/www_bget?hsa:641">
        <graphics name="BLM, BS, RECQ2, RECQL2, RECQL3" fgcolor="#000000" bgcolor="#BFFFBF"
             type="rectangle" x="463" y="376" width="46" height="17"/>
    </entry>
    <entry id="15" name="path:hsa03440" type="map"
        link="http://www.kegg.jp/dbget-bin/www_bget?hsa03440">
        <graphics name="Homologous recombination" fgcolor="#000000" bgcolor="#FFFFFF"
             type="roundrectangle" x="448" y="692" width="92" height="34"/>
    </entry>
    <entry id="16" name="hsa:57697" type="gene"
        link="http://www.kegg.jp/dbget-bin/www_bget?hsa:57697">
        <graphics name="FANCM, FAAP250, KIAA1596" fgcolor="#000000" bgcolor="#BFFFBF"
             type="rectangle" x="302" y="136" width="46" height="17"/>
    </entry>
    <entry id="17" name="hsa:80010" type="gene"
        link="http://www.kegg.jp/dbget-bin/www_bget?hsa:80010">
        <graphics name="RMI1, BLAP75, C9orf76, FAAP75" fgcolor="#000000" bgcolor="#BFFFBF"
             type="rectangle" x="417" y="359" width="46" height="17"/>
    </entry>
    <entry id="18" name="hsa:116028" type="gene"
        link="http://www.kegg.jp/dbget-bin/www_bget?hsa:116028">
        <graphics name="RMI2, BLAP18, C16orf75" fgcolor="#000000" bgcolor="#BFFFBF"
             type="rectangle" x="463" y="359" width="46" height="17"/>
    </entry>
    <entry id="19" name="hsa:7156 hsa:8940" type="gene"
        link="http://www.kegg.jp/dbget-bin/www_bget?hsa:7156+hsa:8940">
        <graphics name="TOP3A, TOP3, ZGRF7..." fgcolor="#000000" bgcolor="#BFFFBF"
             type="rectangle" x="417" y="376" width="46" height="17"/>
    </entry>
    <entry id="20" name="hsa:84126" type="gene"
        link="http://www.kegg.jp/dbget-bin/www_bget?hsa:84126">
        <graphics name="ATRIP" fgcolor="#000000" bgcolor="#BFFFBF"
             type="rectangle" x="146" y="155" width="46" height="17"/>
    </entry>
    <entry id="21" name="hsa:545" type="gene"
        link="http://www.kegg.jp/dbget-bin/www_bget?hsa:545">
        <graphics name="ATR, FCTCS, FRP1, MEC1, SCKL, SCKL1" fgcolor="#000000" bgcolor="#BFFFBF"
             type="rectangle" x="146" y="172" width="46" height="17"/>
    </entry>
    <entry id="22" name="hsa:29935 hsa:6117 hsa:6118 hsa:6119" type="gene"
        link="http://www.kegg.jp/dbget-bin/www_bget?hsa:29935+hsa:6117+hsa:6118+hsa:6119">
        <graphics name="RPA4, HSU24186..." fgcolor="#000000" bgcolor="#BFFFBF"
             type="rectangle" x="463" y="438" width="46" height="17"/>
    </entry>
    <entry id="23" name="hsa:9894" type="gene"
        link="http://www.kegg.jp/dbget-bin/www_bget?hsa:9894">
        <graphics name="TELO2, CLK2, TEL2, YHFS" fgcolor="#000000" bgcolor="#BFFFBF"
             type="rectangle" x="256" y="162" width="46" height="17"/>
    </entry>
    <entry id="24" name="hsa:675" type="gene"
        link="http://www.kegg.jp/dbget-bin/www_bget?hsa:675">
        <graphics name="BRCA2, BRCC2, BROVCA2, FACD, FAD, FAD1, FANCD, FANCD1, GLM3, PNCA2, XRCC11" fgcolor="#000000" bgcolor="#BFFFBF"
             type="rectangle" x="346" y="502" width="46" height="17"/>
    </entry>
    <entry id="25" name="hsa:4292" type="gene"
        link="http://www.kegg.jp/dbget-bin/www_bget?hsa:4292">
        <graphics name="MLH1, COCA2, FCC2, HNPCC, HNPCC2, hMLH1" fgcolor="#000000" bgcolor="#BFFFBF"
             type="rectangle" x="272" y="606" width="46" height="17"/>
    </entry>
    <entry id="26" name="hsa:83990" type="gene"
        link="http://www.kegg.jp/dbget-bin/www_bget?hsa:83990">
        <graphics name="BRIP1, BACH1, FANCJ, OF" fgcolor="#000000" bgcolor="#BFFFBF"
             type="rectangle" x="272" y="563" width="46" height="17"/>
    </entry>
    <entry id="27" name="hsa:672" type="gene"
        link="http://www.kegg.jp/dbget-bin/www_bget?hsa:672">
        <graphics name="BRCA1, BRCAI, BRCC1, BROVCA1, FANCS, IRIS, PNCA4, PPP1R53, PSCP, RNF53" fgcolor="#000000" bgcolor="#BFFFBF"
             type="rectangle" x="226" y="563" width="46" height="17"/>
    </entry>
    <entry id="28" name="hsa:5889" type="gene"
        link="http://www.kegg.jp/dbget-bin/www_bget?hsa:5889">
        <graphics name="RAD51C, BROVCA3, FANCO, R51H3, RAD51L2" fgcolor="#000000" bgcolor="#BFFFBF"
             type="rectangle" x="425" y="501" width="46" height="17"/>
    </entry>
    <entry id="29" name="hsa:22909" type="gene"
        link="http://www.kegg.jp/dbget-bin/www_bget?hsa:22909">
        <graphics name="FAN1, KIAA1018, KMIN, MTMR15, hFAN1" fgcolor="#000000" bgcolor="#BFFFBF"
             type="rectangle" x="154" y="612" width="44" height="17"/>
    </entry>
    <entry id="30" name="hsa:7398" type="gene"
        link="http://www.kegg.jp/dbget-bin/www_bget?hsa:7398">
        <graphics name="USP1, UBP" fgcolor="#000000" bgcolor="#BFFFBF"
             type="rectangle" x="191" y="293" width="46" height="17"/>
    </entry>
    <entry id="31" name="hsa:57599" type="gene"
        link="http://www.kegg.jp/dbget-bin/www_bget?hsa:57599">
        <graphics name="WDR48, P80, SPG60, UAF1" fgcolor="#000000" bgcolor="#BFFFBF"
             type="rectangle" x="191" y="276" width="46" height="17"/>
    </entry>
    <entry id="32" name="hsa:29089" type="gene"
        link="http://www.kegg.jp/dbget-bin/www_bget?hsa:29089">
        <graphics name="UBE2T, FANCT, HSPC150, PIG50" fgcolor="#000000" bgcolor="#BFFFBF"
             type="rectangle" x="247" y="372" width="46" height="17"/>
    </entry>
    <entry id="33" name="hsa:51455" type="gene"
        link="http://www.kegg.jp/dbget-bin/www_bget?hsa:51455">
        <graphics name="REV1, AIBP80, REV1L" fgcolor="#000000" bgcolor="#BFFFBF"
             type="rectangle" x="188" y="489" width="46" height="17"/>
    </entry>
    <entry id="34" name="hsa:100526739 hsa:201254 hsa:378708" type="gene"
        link="http://www.kegg.jp/dbget-bin/www_bget?hsa:100526739+hsa:201254+hsa:378708">
        <graphics name="CENPS-CORT, APITD1-CORT..." fgcolor="#000000" bgcolor="#BFFFBF"
             type="rectangle" x="348" y="136" width="46" height="17"/>
    </entry>
    <entry id="35" name="hsa:100526739 hsa:201254 hsa:378708" type="gene"
        link="http://www.kegg.jp/dbget-bin/www_bget?hsa:100526739+hsa:201254+hsa:378708">
        <graphics name="CENPS-CORT, APITD1-CORT..." fgcolor="#000000" bgcolor="#BFFFBF"
             type="rectangle" x="367" y="397" width="46" height="17"/>
    </entry>
    <entry id="36" name="hsa:5429" type="gene"
        link="http://www.kegg.jp/dbget-bin/www_bget?hsa:5429">
        <graphics name="POLH, RAD30, RAD30A, XP-V, XPV" fgcolor="#000000" bgcolor="#BFFFBF"
             type="rectangle" x="288" y="489" width="46" height="17"/>
    </entry>
    <entry id="37" name="hsa:51426" type="gene"
        link="http://www.kegg.jp/dbget-bin/www_bget?hsa:51426">
        <graphics name="POLK, DINB1, DINP, POLQ" fgcolor="#000000" bgcolor="#BFFFBF"
             type="rectangle" x="238" y="511" width="46" height="17"/>
    </entry>
    <entry id="38" name="hsa:5980" type="gene"
        link="http://www.kegg.jp/dbget-bin/www_bget?hsa:5980">
        <graphics name="REV3L, POLZ, REV3" fgcolor="#000000" bgcolor="#BFFFBF"
             type="rectangle" x="238" y="489" width="46" height="17"/>
    </entry>
    <entry id="39" name="hsa:11201" type="gene"
        link="http://www.kegg.jp/dbget-bin/www_bget?hsa:11201">
        <graphics name="POLI, RAD30B, RAD3OB, eta2" fgcolor="#000000" bgcolor="#BFFFBF"
             type="rectangle" x="188" y="511" width="46" height="17"/>
    </entry>
    <entry id="40" name="hsa:5395" type="gene"
        link="http://www.kegg.jp/dbget-bin/www_bget?hsa:5395">
        <graphics name="PMS2, HNPCC4, MLH4, PMS2CL, PMSL2" fgcolor="#000000" bgcolor="#BFFFBF"
             type="rectangle" x="272" y="623" width="46" height="17"/>
    </entry>
    <entry id="41" name="path:hsa03430" type="map"
        link="http://www.kegg.jp/dbget-bin/www_bget?hsa03430">
        <graphics name="Mismatch repair" fgcolor="#000000" bgcolor="#FFFFFF"
             type="roundrectangle" x="274" y="688" width="92" height="25"/>
    </entry>
    <entry id="42" name="hsa:80198" type="gene"
        link="http://www.kegg.jp/dbget-bin/www_bget?hsa:80198">
        <graphics name="MUS81, SLX3" fgcolor="#000000" bgcolor="#BFFFBF"
             type="rectangle" x="463" y="224" width="46" height="17"/>
    </entry>
    <entry id="43" name="hsa:146956 hsa:197342" type="gene"
        link="http://www.kegg.jp/dbget-bin/www_bget?hsa:146956+hsa:197342">
        <graphics name="EME1, MMS4L, SLX2A..." fgcolor="#000000" bgcolor="#BFFFBF"
             type="rectangle" x="463" y="241" width="46" height="17"/>
    </entry>
    <entry id="44" name="hsa:2072" type="gene"
        link="http://www.kegg.jp/dbget-bin/www_bget?hsa:2072">
        <graphics name="ERCC4, ERCC11, FANCQ, RAD1, XFEPS, XPF" fgcolor="#000000" bgcolor="#BFFFBF"
             type="rectangle" x="463" y="279" width="46" height="17"/>
    </entry>
    <entry id="45" name="hsa:2067" type="gene"
        link="http://www.kegg.jp/dbget-bin/www_bget?hsa:2067">
        <graphics name="ERCC1, COFS4, RAD10, UV20" fgcolor="#000000" bgcolor="#BFFFBF"
             type="rectangle" x="463" y="296" width="46" height="17"/>
    </entry>
    <entry id="46" name="hsa:548593 hsa:79008" type="gene"
        link="http://www.kegg.jp/dbget-bin/www_bget?hsa:548593+hsa:79008">
        <graphics name="SLX1A, GIYD1..." fgcolor="#000000" bgcolor="#BFFFBF"
             type="rectangle" x="521" y="279" width="46" height="17"/>
    </entry>
    <entry id="47" name="hsa:84464" type="gene"
        link="http://www.kegg.jp/dbget-bin/www_bget?hsa:84464">
        <graphics name="SLX4, BTBD12, FANCP, MUS312" fgcolor="#000000" bgcolor="#BFFFBF"
             type="rectangle" x="521" y="296" width="46" height="17"/>
    </entry>
    <entry id="48" name="hsa:5888" type="gene"
        link="http://www.kegg.jp/dbget-bin/www_bget?hsa:5888">
        <graphics name="RAD51, BRCC5, FANCR, HRAD51, HsRad51, HsT16930, MRMV2, RAD51A, RECA" fgcolor="#000000" bgcolor="#BFFFBF"
             type="rectangle" x="425" y="524" width="46" height="17"/>
    </entry>
    <entry id="49" name="hsa:91442" type="gene"
        link="http://www.kegg.jp/dbget-bin/www_bget?hsa:91442">
        <graphics name="FAAP24, C19orf40" fgcolor="#000000" bgcolor="#BFFFBF"
             type="rectangle" x="302" y="153" width="46" height="17"/>
    </entry>
    <entry id="50" name="hsa:91442" type="gene"
        link="http://www.kegg.jp/dbget-bin/www_bget?hsa:91442">
        <graphics name="FAAP24, C19orf40" fgcolor="#000000" bgcolor="#BFFFBF"
             type="rectangle" x="321" y="414" width="46" height="17"/>
    </entry>
    <entry id="51" name="hsa:3280" type="gene"
        link="http://www.kegg.jp/dbget-bin/www_bget?hsa:3280">
        <graphics name="HES1, HES-1, HHL, HRY, bHLHb39" fgcolor="#000000" bgcolor="#BFFFBF"
             type="rectangle" x="376" y="329" width="46" height="17"/>
    </entry>
    <entry id="52" name="hsa:353497" type="gene"
        link="http://www.kegg.jp/dbget-bin/www_bget?hsa:353497">
        <graphics name="POLN, POL4P" fgcolor="#000000" bgcolor="#BFFFBF"
             type="rectangle" x="288" y="511" width="46" height="17"/>
    </entry>
    <entry id="53" name="undefined" type="group">
        <graphics fgcolor="#000000" bgcolor="#FFFFFF"
             type="rectangle" x="146" y="163" width="46" height="34"/>
        <component id="20"/>
        <component id="21"/>
    </entry>
    <entry id="54" name="undefined" type="group">
        <graphics fgcolor="#000000" bgcolor="#FFFFFF"
             type="rectangle" x="311" y="363" width="175" height="119"/>
        <component id="1"/>
        <component id="10"/>
        <component id="11"/>
        <component id="13"/>
        <component id="2"/>
        <component id="3"/>
        <component id="32"/>
        <component id="35"/>
        <component id="4"/>
        <component id="50"/>
        <component id="51"/>
        <component id="8"/>
        <component id="9"/>
    </entry>
    <entry id="55" name="undefined" type="group">
        <graphics fgcolor="#000000" bgcolor="#FFFFFF"
             type="rectangle" x="346" y="510" width="46" height="33"/>
        <component id="12"/>
        <component id="24"/>
    </entry>
    <entry id="56" name="undefined" type="group">
        <graphics fgcolor="#000000" bgcolor="#FFFFFF"
             type="rectangle" x="191" y="284" width="46" height="34"/>
        <component id="30"/>
        <component id="31"/>
    </entry>
    <entry id="57" name="undefined" type="group">
        <graphics fgcolor="#000000" bgcolor="#FFFFFF"
             type="rectangle" x="440" y="367" width="92" height="34"/>
        <component id="14"/>
        <component id="17"/>
        <component id="18"/>
        <component id="19"/>
    </entry>
    <entry id="58" name="undefined" type="group">
        <graphics fgcolor="#000000" bgcolor="#FFFFFF"
             type="rectangle" x="272" y="614" width="46" height="34"/>
        <component id="25"/>
        <component id="40"/>
    </entry>
    <relation entry1="53" entry2="16" type="PPrel">
        <subtype name="phosphorylation" value="+p"/>
    </relation>
    <relation entry1="53" entry2="2" type="PPrel">
        <subtype name="phosphorylation" value="+p"/>
    </relation>
    <relation entry1="53" entry2="10" type="PPrel">
        <subtype name="phosphorylation" value="+p"/>
    </relation>
    <relation entry1="53" entry2="7" type="PPrel">
        <subtype name="phosphorylation" value="+p"/>
    </relation>
    <relation entry1="53" entry2="1" type="PPrel">
        <subtype name="phosphorylation" value="+p"/>
    </relation>
    <relation entry1="23" entry2="21" type="PPrel">
        <subtype name="activation" value="--&gt;"/>
    </relation>
    <relation entry1="16" entry2="49" type="PPrel">
        <subtype name="binding/association" value="---"/>
    </relation>
    <relation entry1="16" entry2="34" type="PPrel">
        <subtype name="binding/association" value="---"/>
    </relation>
    <relation entry1="54" entry2="7" type="PPrel">
        <subtype name="ubiquitination" value="+u"/>
    </relation>
    <relation entry1="54" entry2="6" type="PPrel">
        <subtype name="ubiquitination" value="+u"/>
    </relation>
    <relation entry1="6" entry2="24" type="PPrel">
        <subtype name="activation" value="--&gt;"/>
    </relation>
    <relation entry1="55" entry2="28" type="PPrel">
        <subtype name="activation" value="--&gt;"/>
    </relation>
    <relation entry1="24" entry2="48" type="PPrel">
        <subtype name="activation" value="--&gt;"/>
    </relation>
    <relation entry1="6" entry2="29" type="PPrel">
        <subtype name="activation" value="--&gt;"/>
    </relation>
    <relation entry1="21" entry2="27" type="PPrel">
        <subtype name="phosphorylation" value="+p"/>
    </relation>
    <relation entry1="56" entry2="11" type="PPrel">
        <subtype name="inhibition" value="--|"/>
    </relation>
    <relation entry1="57" entry2="1" type="PPrel">
        <subtype name="binding/association" value="---"/>
    </relation>
    <relation entry1="57" entry2="22" type="PPrel">
        <subtype name="binding/association" value="---"/>
    </relation>
    <relation entry1="29" entry2="58" type="PPrel">
        <subtype name="activation" value="--&gt;"/>
    </relation>
    <relation entry1="26" entry2="55" type="PPrel">
        <subtype name="binding/association" value="---"/>
    </relation>
    <relation entry1="26" entry2="58" type="PPrel">
        <subtype name="activation" value="--&gt;"/>
    </relation>
    <relation entry1="49" entry2="23" type="PPrel">
        <subtype name="binding/association" value="---"/>
    </relation>
</pathway>
