<?xml version="1.0"?>
<!DOCTYPE pathway SYSTEM "http://www.kegg.jp/kegg/xml/KGML_v0.7.2_.dtd">
<!-- Creation date: Apr 20, 2016 13:25:08 +0900 (GMT+9) -->
<pathway name="path:hsa05230" org="hsa" number="05230"
         title="Central carbon metabolism in cancer"
         image="http://www.kegg.jp/kegg/pathway/hsa/hsa05230.png"
         link="http://www.kegg.jp/kegg-bin/show_pathway?hsa05230">
    <entry id="1" name="path:hsa05230" type="map"
        link="http://www.kegg.jp/dbget-bin/www_bget?hsa05230">
        <graphics name="TITLE:Central carbon metabolism in cancer" fgcolor="#000000" bgcolor="#FFFFFF"
             type="roundrectangle" x="218" y="58" width="355" height="25"/>
    </entry>
    <entry id="2" name="hsa:6513 hsa:6514" type="gene"
        link="http://www.kegg.jp/dbget-bin/www_bget?hsa:6513+hsa:6514">
        <graphics name="SLC2A1, CSE, DYT17, DYT18, DYT9, EIG12, GLUT, GLUT-1, GLUT1, GLUT1DS, HTLVR, PED, SDCHCN..." fgcolor="#000000" bgcolor="#BFFFBF"
             type="rectangle" x="162" y="845" width="46" height="17"/>
    </entry>
    <entry id="3" name="cpd:C00031" type="compound"
        link="http://www.kegg.jp/dbget-bin/www_bget?C00031">
        <graphics name="C00031" fgcolor="#000000" bgcolor="#FFFFFF"
             type="circle" x="108" y="845" width="8" height="8"/>
    </entry>
    <entry id="4" name="cpd:C00092" type="compound"
        link="http://www.kegg.jp/dbget-bin/www_bget?C00092">
        <graphics name="C00092" fgcolor="#000000" bgcolor="#FFFFFF"
             type="circle" x="285" y="844" width="8" height="8"/>
    </entry>
    <entry id="5" name="cpd:C00022" type="compound"
        link="http://www.kegg.jp/dbget-bin/www_bget?C00022">
        <graphics name="C00022" fgcolor="#000000" bgcolor="#FFFFFF"
             type="circle" x="721" y="844" width="8" height="8"/>
    </entry>
    <entry id="6" name="cpd:C00031" type="compound"
        link="http://www.kegg.jp/dbget-bin/www_bget?C00031">
        <graphics name="C00031" fgcolor="#000000" bgcolor="#FFFFFF"
             type="circle" x="215" y="844" width="8" height="8"/>
    </entry>
    <entry id="7" name="hsa:2645" type="gene"
        link="http://www.kegg.jp/dbget-bin/www_bget?hsa:2645">
        <graphics name="GCK, FGQTL3, GK, GLK, HHF3, HK4, HKIV, HXKP, LGLK, MODY2" fgcolor="#000000" bgcolor="#BFFFBF"
             type="rectangle" x="236" y="874" width="46" height="17"/>
    </entry>
    <entry id="8" name="cpd:C00064" type="compound"
        link="http://www.kegg.jp/dbget-bin/www_bget?C00064">
        <graphics name="C00064" fgcolor="#000000" bgcolor="#FFFFFF"
             type="circle" x="1074" y="382" width="8" height="8"/>
    </entry>
    <entry id="9" name="cpd:C00025" type="compound"
        link="http://www.kegg.jp/dbget-bin/www_bget?C00025">
        <graphics name="C00025" fgcolor="#000000" bgcolor="#FFFFFF"
             type="circle" x="1073" y="721" width="8" height="8"/>
    </entry>
    <entry id="10" name="cpd:C00186" type="compound"
        link="http://www.kegg.jp/dbget-bin/www_bget?C00186">
        <graphics name="C00186" fgcolor="#000000" bgcolor="#FFFFFF"
             type="circle" x="719" y="944" width="8" height="8"/>
    </entry>
    <entry id="11" name="hsa:9123" type="gene"
        link="http://www.kegg.jp/dbget-bin/www_bget?hsa:9123">
        <graphics name="SLC16A3, MCT_3, MCT_4, MCT-3, MCT-4, MCT3, MCT4" fgcolor="#000000" bgcolor="#BFFFBF"
             type="rectangle" x="162" y="948" width="46" height="17"/>
    </entry>
    <entry id="12" name="hsa:6513 hsa:6514" type="gene"
        link="http://www.kegg.jp/dbget-bin/www_bget?hsa:6513+hsa:6514">
        <graphics name="SLC2A1, CSE, DYT17, DYT18, DYT9, EIG12, GLUT, GLUT-1, GLUT1, GLUT1DS, HTLVR, PED, SDCHCN..." fgcolor="#000000" bgcolor="#BFFFBF"
             type="rectangle" x="162" y="241" width="46" height="17"/>
    </entry>
    <entry id="13" name="cpd:C00031" type="compound"
        link="http://www.kegg.jp/dbget-bin/www_bget?C00031">
        <graphics name="C00031" fgcolor="#000000" bgcolor="#FFFFFF"
             type="circle" x="111" y="241" width="8" height="8"/>
    </entry>
    <entry id="14" name="path:hsa00020" type="map"
        link="http://www.kegg.jp/dbget-bin/www_bget?hsa00020">
        <graphics name="Citrate cycle (TCA cycle)" fgcolor="#000000" bgcolor="#FFFFFF"
             type="roundrectangle" x="1005" y="237" width="112" height="34"/>
    </entry>
    <entry id="15" name="cpd:C00092" type="compound"
        link="http://www.kegg.jp/dbget-bin/www_bget?C00092">
        <graphics name="C00092" fgcolor="#000000" bgcolor="#FFFFFF"
             type="circle" x="285" y="241" width="8" height="8"/>
    </entry>
    <entry id="16" name="cpd:C00022" type="compound"
        link="http://www.kegg.jp/dbget-bin/www_bget?C00022">
        <graphics name="C00022" fgcolor="#000000" bgcolor="#FFFFFF"
             type="circle" x="719" y="241" width="8" height="8"/>
    </entry>
    <entry id="17" name="cpd:C00031" type="compound"
        link="http://www.kegg.jp/dbget-bin/www_bget?C00031">
        <graphics name="C00031" fgcolor="#000000" bgcolor="#FFFFFF"
             type="circle" x="217" y="241" width="8" height="8"/>
    </entry>
    <entry id="18" name="hsa:2645" type="gene"
        link="http://www.kegg.jp/dbget-bin/www_bget?hsa:2645">
        <graphics name="GCK, FGQTL3, GK, GLK, HHF3, HK4, HKIV, HXKP, LGLK, MODY2" fgcolor="#000000" bgcolor="#BFFFBF"
             type="rectangle" x="247" y="226" width="46" height="17"/>
    </entry>
    <entry id="19" name="cpd:C00024" type="compound"
        link="http://www.kegg.jp/dbget-bin/www_bget?C00024">
        <graphics name="C00024" fgcolor="#000000" bgcolor="#FFFFFF"
             type="circle" x="875" y="240" width="8" height="8"/>
    </entry>
    <entry id="20" name="cpd:C00036" type="compound"
        link="http://www.kegg.jp/dbget-bin/www_bget?C00036">
        <graphics name="C00036" fgcolor="#000000" bgcolor="#FFFFFF"
             type="circle" x="934" y="297" width="8" height="8"/>
    </entry>
    <entry id="21" name="path:hsa00020" type="map"
        link="http://www.kegg.jp/dbget-bin/www_bget?hsa00020">
        <graphics name="Citrate cycle (TCA cycle)" fgcolor="#000000" bgcolor="#FFFFFF"
             type="roundrectangle" x="1006" y="832" width="112" height="34"/>
    </entry>
    <entry id="22" name="cpd:C00158" type="compound"
        link="http://www.kegg.jp/dbget-bin/www_bget?C00158">
        <graphics name="C00158" fgcolor="#000000" bgcolor="#FFFFFF"
             type="circle" x="919" y="784" width="8" height="8"/>
    </entry>
    <entry id="23" name="cpd:C00311" type="compound"
        link="http://www.kegg.jp/dbget-bin/www_bget?C00311">
        <graphics name="C00311" fgcolor="#000000" bgcolor="#FFFFFF"
             type="circle" x="998" y="736" width="8" height="8"/>
    </entry>
    <entry id="24" name="cpd:C00026" type="compound"
        link="http://www.kegg.jp/dbget-bin/www_bget?C00026">
        <graphics name="C00026" fgcolor="#000000" bgcolor="#FFFFFF"
             type="circle" x="1072" y="766" width="8" height="8"/>
    </entry>
    <entry id="25" name="cpd:C00042" type="compound"
        link="http://www.kegg.jp/dbget-bin/www_bget?C00042">
        <graphics name="C00042" fgcolor="#000000" bgcolor="#FFFFFF"
             type="circle" x="1093" y="821" width="8" height="8"/>
    </entry>
    <entry id="26" name="cpd:C00122" type="compound"
        link="http://www.kegg.jp/dbget-bin/www_bget?C00122">
        <graphics name="C00122" fgcolor="#000000" bgcolor="#FFFFFF"
             type="circle" x="1076" y="882" width="8" height="8"/>
    </entry>
    <entry id="27" name="cpd:C00149" type="compound"
        link="http://www.kegg.jp/dbget-bin/www_bget?C00149">
        <graphics name="C00149" fgcolor="#000000" bgcolor="#FFFFFF"
             type="circle" x="1008" y="921" width="8" height="8"/>
    </entry>
    <entry id="28" name="cpd:C00036" type="compound"
        link="http://www.kegg.jp/dbget-bin/www_bget?C00036">
        <graphics name="C00036" fgcolor="#000000" bgcolor="#FFFFFF"
             type="circle" x="930" y="889" width="8" height="8"/>
    </entry>
    <entry id="29" name="hsa:27165 hsa:2744" type="gene"
        link="http://www.kegg.jp/dbget-bin/www_bget?hsa:27165+hsa:2744">
        <graphics name="GLS2, GA, GLS, LGA, hLGA..." fgcolor="#000000" bgcolor="#BFFFBF"
             type="rectangle" x="1104" y="522" width="46" height="17"/>
    </entry>
    <entry id="30" name="hsa:4609" type="gene"
        link="http://www.kegg.jp/dbget-bin/www_bget?hsa:4609">
        <graphics name="MYC, MRTL, MYCC, bHLHe39, c-Myc" fgcolor="#000000" bgcolor="#BFFFBF"
             type="rectangle" x="1327" y="546" width="46" height="17"/>
    </entry>
    <entry id="31" name="hsa:4609" type="gene"
        link="http://www.kegg.jp/dbget-bin/www_bget?hsa:4609">
        <graphics name="MYC, MRTL, MYCC, bHLHe39, c-Myc" fgcolor="#000000" bgcolor="#BFFFBF"
             type="rectangle" x="1325" y="195" width="46" height="17"/>
    </entry>
    <entry id="32" name="hsa:51548" type="gene"
        link="http://www.kegg.jp/dbget-bin/www_bget?hsa:51548">
        <graphics name="SIRT6, SIR2L6" fgcolor="#000000" bgcolor="#BFFFBF"
             type="rectangle" x="1309" y="252" width="46" height="17"/>
    </entry>
    <entry id="33" name="hsa:3091" type="gene"
        link="http://www.kegg.jp/dbget-bin/www_bget?hsa:3091">
        <graphics name="HIF1A, HIF-1-alpha, HIF-1A, HIF-1alpha, HIF1, HIF1-ALPHA, MOP1, PASD8, bHLHe78" fgcolor="#000000" bgcolor="#BFFFBF"
             type="rectangle" x="1328" y="318" width="46" height="17"/>
    </entry>
    <entry id="34" name="hsa:3091" type="gene"
        link="http://www.kegg.jp/dbget-bin/www_bget?hsa:3091">
        <graphics name="HIF1A, HIF-1-alpha, HIF-1A, HIF-1alpha, HIF1, HIF1-ALPHA, MOP1, PASD8, bHLHe78" fgcolor="#000000" bgcolor="#BFFFBF"
             type="rectangle" x="1323" y="1012" width="46" height="17"/>
    </entry>
    <entry id="35" name="hsa:5160 hsa:5161 hsa:5162" type="gene"
        link="http://www.kegg.jp/dbget-bin/www_bget?hsa:5160+hsa:5161+hsa:5162">
        <graphics name="PDHA1, PDHA, PDHAD, PDHCE1A, PHE1A..." fgcolor="#000000" bgcolor="#BFFFBF"
             type="rectangle" x="825" y="860" width="46" height="17"/>
    </entry>
    <entry id="36" name="path:hsa04066" type="map"
        link="http://www.kegg.jp/dbget-bin/www_bget?hsa04066">
        <graphics name="HIF-1 signaling pathway" fgcolor="#000000" bgcolor="#FFFFFF"
             type="roundrectangle" x="1195" y="880" width="112" height="34"/>
    </entry>
    <entry id="37" name="path:hsa00010" type="map"
        link="http://www.kegg.jp/dbget-bin/www_bget?hsa00010">
        <graphics name="Glycolysis / Gluconeogenesis" fgcolor="#000000" bgcolor="#FFFFFF"
             type="roundrectangle" x="241" y="905" width="112" height="34"/>
    </entry>
    <entry id="38" name="path:hsa00010" type="map"
        link="http://www.kegg.jp/dbget-bin/www_bget?hsa00010">
        <graphics name="Glycolysis / Gluconeogenesis" fgcolor="#000000" bgcolor="#FFFFFF"
             type="roundrectangle" x="258" y="186" width="112" height="34"/>
    </entry>
    <entry id="39" name="cpd:C00704" type="compound"
        link="http://www.kegg.jp/dbget-bin/www_bget?C00704">
        <graphics name="C00704" fgcolor="#000000" bgcolor="#FFFFFF"
             type="circle" x="1229" y="959" width="8" height="8"/>
    </entry>
    <entry id="40" name="cpd:C00704" type="compound"
        link="http://www.kegg.jp/dbget-bin/www_bget?C00704">
        <graphics name="C00704" fgcolor="#000000" bgcolor="#FFFFFF"
             type="circle" x="1217" y="327" width="8" height="8"/>
    </entry>
    <entry id="41" name="hsa:23410" type="gene"
        link="http://www.kegg.jp/dbget-bin/www_bget?hsa:23410">
        <graphics name="SIRT3, SIR2L3" fgcolor="#000000" bgcolor="#BFFFBF"
             type="rectangle" x="1101" y="328" width="46" height="17"/>
    </entry>
    <entry id="42" name="hsa:5315" type="gene"
        link="http://www.kegg.jp/dbget-bin/www_bget?hsa:5315">
        <graphics name="PKM, CTHBP, HEL-S-30, OIP3, PK3, PKM2, TCB, THBP1" fgcolor="#000000" bgcolor="#BFFFBF"
             type="rectangle" x="663" y="226" width="46" height="17"/>
    </entry>
    <entry id="43" name="hsa:5315" type="gene"
        link="http://www.kegg.jp/dbget-bin/www_bget?hsa:5315">
        <graphics name="PKM, CTHBP, HEL-S-30, OIP3, PK3, PKM2, TCB, THBP1" fgcolor="#000000" bgcolor="#BFFFBF"
             type="rectangle" x="662" y="828" width="46" height="17"/>
    </entry>
    <entry id="44" name="hsa:3939" type="gene"
        link="http://www.kegg.jp/dbget-bin/www_bget?hsa:3939">
        <graphics name="LDHA, GSD11, HEL-S-133P, LDHM, PIG19" fgcolor="#000000" bgcolor="#BFFFBF"
             type="rectangle" x="750" y="887" width="46" height="17"/>
    </entry>
    <entry id="45" name="hsa:5163" type="gene"
        link="http://www.kegg.jp/dbget-bin/www_bget?hsa:5163">
        <graphics name="PDK1" fgcolor="#000000" bgcolor="#BFFFBF"
             type="rectangle" x="814" y="909" width="46" height="17"/>
    </entry>
    <entry id="46" name="hsa:1956 hsa:2064 hsa:2260 hsa:2261 hsa:2263 hsa:2322 hsa:3815 hsa:4233 hsa:4914 hsa:4916 hsa:5156 hsa:5159 hsa:5979" type="gene"
        link="http://www.kegg.jp/dbget-bin/www_bget?hsa:1956+hsa:2064+hsa:2260+hsa:2261+hsa:2263+hsa:2322+hsa:3815+hsa:4233+hsa:4914+hsa:4916+hsa:5156+hsa:5159+hsa:5979">
        <graphics name="EGFR, ERBB, ERBB1, HER1, NISBD2, PIG61, mENA..." fgcolor="#000000" bgcolor="#BFFFBF"
             type="rectangle" x="162" y="548" width="46" height="17"/>
    </entry>
    <entry id="47" name="hsa:3265 hsa:3845 hsa:4893" type="gene"
        link="http://www.kegg.jp/dbget-bin/www_bget?hsa:3265+hsa:3845+hsa:4893">
        <graphics name="HRAS, C-BAS/HAS, C-H-RAS, C-HA-RAS1, CTLO, H-RASIDX, HAMSV, HRAS1, RASH1, p21ras..." fgcolor="#000000" bgcolor="#BFFFBF"
             type="rectangle" x="303" y="548" width="46" height="17"/>
    </entry>
    <entry id="48" name="hsa:5894" type="gene"
        link="http://www.kegg.jp/dbget-bin/www_bget?hsa:5894">
        <graphics name="RAF1, CMD1NN, CRAF, NS5, Raf-1, c-Raf" fgcolor="#000000" bgcolor="#BFFFBF"
             type="rectangle" x="512" y="548" width="46" height="17"/>
    </entry>
    <entry id="49" name="hsa:5604 hsa:5605" type="gene"
        link="http://www.kegg.jp/dbget-bin/www_bget?hsa:5604+hsa:5605">
        <graphics name="MAP2K1, CFC3, MAPKK1, MEK1, MKK1, PRKMK1..." fgcolor="#000000" bgcolor="#BFFFBF"
             type="rectangle" x="719" y="548" width="46" height="17"/>
    </entry>
    <entry id="50" name="hsa:5594 hsa:5595" type="gene"
        link="http://www.kegg.jp/dbget-bin/www_bget?hsa:5594+hsa:5595">
        <graphics name="MAPK1, ERK, ERK-2, ERK2, ERT1, MAPK2, P42MAPK, PRKM1, PRKM2, p38, p40, p41, p41mapk, p42-MAPK..." fgcolor="#000000" bgcolor="#BFFFBF"
             type="rectangle" x="927" y="548" width="46" height="17"/>
    </entry>
    <entry id="51" name="hsa:1956" type="gene"
        link="http://www.kegg.jp/dbget-bin/www_bget?hsa:1956">
        <graphics name="EGFR, ERBB, ERBB1, HER1, NISBD2, PIG61, mENA" fgcolor="#000000" bgcolor="#BFFFBF"
             type="rectangle" x="162" y="996" width="46" height="17"/>
    </entry>
    <entry id="52" name="hsa:2064" type="gene"
        link="http://www.kegg.jp/dbget-bin/www_bget?hsa:2064">
        <graphics name="ERBB2, CD340, HER-2, HER-2/neu, HER2, MLN_19, NEU, NGL, TKR1" fgcolor="#000000" bgcolor="#BFFFBF"
             type="rectangle" x="162" y="1018" width="46" height="17"/>
    </entry>
    <entry id="53" name="hsa:4233" type="gene"
        link="http://www.kegg.jp/dbget-bin/www_bget?hsa:4233">
        <graphics name="MET, AUTS9, DFNB97, HGFR, RCCP2, c-Met" fgcolor="#000000" bgcolor="#BFFFBF"
             type="rectangle" x="162" y="1040" width="46" height="17"/>
    </entry>
    <entry id="54" name="hsa:5290 hsa:5291 hsa:5293 hsa:5295 hsa:5296 hsa:8503" type="gene"
        link="http://www.kegg.jp/dbget-bin/www_bget?hsa:5290+hsa:5291+hsa:5293+hsa:5295+hsa:5296+hsa:8503">
        <graphics name="PIK3CA, CLOVE, CWS5, MCAP, MCM, MCMTC, PI3K, PI3K-alpha, p110-alpha..." fgcolor="#000000" bgcolor="#BFFFBF"
             type="rectangle" x="383" y="1017" width="46" height="17"/>
    </entry>
    <entry id="55" name="hsa:10000 hsa:207 hsa:208" type="gene"
        link="http://www.kegg.jp/dbget-bin/www_bget?hsa:10000+hsa:207+hsa:208">
        <graphics name="AKT3, MPPH, MPPH2, PKB-GAMMA, PKBG, PRKBG, RAC-PK-gamma, RAC-gamma, STK-2..." fgcolor="#000000" bgcolor="#BFFFBF"
             type="rectangle" x="629" y="1017" width="46" height="17"/>
    </entry>
    <entry id="56" name="hsa:2475" type="gene"
        link="http://www.kegg.jp/dbget-bin/www_bget?hsa:2475">
        <graphics name="MTOR, FRAP, FRAP1, FRAP2, RAFT1, RAPT1, SKS" fgcolor="#000000" bgcolor="#BFFFBF"
             type="rectangle" x="875" y="1017" width="46" height="17"/>
    </entry>
    <entry id="57" name="path:hsa04151" type="map"
        link="http://www.kegg.jp/dbget-bin/www_bget?hsa04151">
        <graphics name="PI3K-Akt signaling pathway" fgcolor="#000000" bgcolor="#FFFFFF"
             type="roundrectangle" x="535" y="993" width="112" height="34"/>
    </entry>
    <entry id="58" name="path:hsa04010" type="map"
        link="http://www.kegg.jp/dbget-bin/www_bget?hsa04010">
        <graphics name="MAPK signaling pathway" fgcolor="#000000" bgcolor="#FFFFFF"
             type="roundrectangle" x="615" y="520" width="112" height="34"/>
    </entry>
    <entry id="59" name="path:hsa04150" type="map"
        link="http://www.kegg.jp/dbget-bin/www_bget?hsa04150">
        <graphics name="mTOR signaling pathway" fgcolor="#000000" bgcolor="#FFFFFF"
             type="roundrectangle" x="728" y="992" width="112" height="34"/>
    </entry>
    <entry id="60" name="hsa:6513" type="gene"
        link="http://www.kegg.jp/dbget-bin/www_bget?hsa:6513">
        <graphics name="SLC2A1, CSE, DYT17, DYT18, DYT9, EIG12, GLUT, GLUT-1, GLUT1, GLUT1DS, HTLVR, PED, SDCHCN" fgcolor="#000000" bgcolor="#BFFFBF"
             type="rectangle" x="1475" y="655" width="46" height="17"/>
    </entry>
    <entry id="61" name="hsa:6514" type="gene"
        link="http://www.kegg.jp/dbget-bin/www_bget?hsa:6514">
        <graphics name="SLC2A2, GLUT2" fgcolor="#000000" bgcolor="#BFFFBF"
             type="rectangle" x="1475" y="625" width="46" height="17"/>
    </entry>
    <entry id="62" name="hsa:3098 hsa:3099 hsa:3101 hsa:80201" type="gene"
        link="http://www.kegg.jp/dbget-bin/www_bget?hsa:3098+hsa:3099+hsa:3101+hsa:80201">
        <graphics name="HK1, HK, HK1-ta, HK1-tb, HK1-tc, HKD, HKI, HMSNR, HXK1, hexokinase..." fgcolor="#000000" bgcolor="#BFFFBF"
             type="rectangle" x="1480" y="773" width="46" height="17"/>
    </entry>
    <entry id="63" name="hsa:441531 hsa:5223 hsa:5224" type="gene"
        link="http://www.kegg.jp/dbget-bin/www_bget?hsa:441531+hsa:5223+hsa:5224">
        <graphics name="PGAM4, PGAM-B, PGAM1, PGAM3, dJ1000K24.1..." fgcolor="#000000" bgcolor="#BFFFBF"
             type="rectangle" x="1480" y="796" width="46" height="17"/>
    </entry>
    <entry id="64" name="hsa:5315" type="gene"
        link="http://www.kegg.jp/dbget-bin/www_bget?hsa:5315">
        <graphics name="PKM, CTHBP, HEL-S-30, OIP3, PK3, PKM2, TCB, THBP1" fgcolor="#000000" bgcolor="#BFFFBF"
             type="rectangle" x="1480" y="820" width="46" height="17"/>
    </entry>
    <entry id="65" name="hsa:3939" type="gene"
        link="http://www.kegg.jp/dbget-bin/www_bget?hsa:3939">
        <graphics name="LDHA, GSD11, HEL-S-133P, LDHM, PIG19" fgcolor="#000000" bgcolor="#BFFFBF"
             type="rectangle" x="1480" y="845" width="46" height="17"/>
    </entry>
    <entry id="66" name="hsa:5163" type="gene"
        link="http://www.kegg.jp/dbget-bin/www_bget?hsa:5163">
        <graphics name="PDK1" fgcolor="#000000" bgcolor="#BFFFBF"
             type="rectangle" x="1480" y="932" width="46" height="17"/>
    </entry>
    <entry id="67" name="hsa:27165 hsa:2744" type="gene"
        link="http://www.kegg.jp/dbget-bin/www_bget?hsa:27165+hsa:2744">
        <graphics name="GLS2, GA, GLS, LGA, hLGA..." fgcolor="#000000" bgcolor="#BFFFBF"
             type="rectangle" x="1475" y="545" width="46" height="17"/>
    </entry>
    <entry id="68" name="hsa:23410" type="gene"
        link="http://www.kegg.jp/dbget-bin/www_bget?hsa:23410">
        <graphics name="SIRT3, SIR2L3" fgcolor="#000000" bgcolor="#BFFFBF"
             type="rectangle" x="1104" y="935" width="46" height="17"/>
    </entry>
    <entry id="69" name="hsa:51548" type="gene"
        link="http://www.kegg.jp/dbget-bin/www_bget?hsa:51548">
        <graphics name="SIRT6, SIR2L6" fgcolor="#000000" bgcolor="#BFFFBF"
             type="rectangle" x="1304" y="784" width="46" height="17"/>
    </entry>
    <entry id="70" name="hsa:3098 hsa:3099 hsa:3101 hsa:80201" type="gene"
        link="http://www.kegg.jp/dbget-bin/www_bget?hsa:3098+hsa:3099+hsa:3101+hsa:80201">
        <graphics name="HK1, HK, HK1-ta, HK1-tb, HK1-tc, HKD, HKI, HMSNR, HXK1, hexokinase..." fgcolor="#000000" bgcolor="#BFFFBF"
             type="rectangle" x="248" y="827" width="46" height="17"/>
    </entry>
    <entry id="71" name="cpd:C00022" type="compound"
        link="http://www.kegg.jp/dbget-bin/www_bget?C00022">
        <graphics name="C00022" fgcolor="#000000" bgcolor="#FFFFFF"
             type="circle" x="820" y="971" width="8" height="8"/>
    </entry>
    <entry id="72" name="hsa:6510" type="gene"
        link="http://www.kegg.jp/dbget-bin/www_bget?hsa:6510">
        <graphics name="SLC1A5, AAAT, ASCT2, ATBO, M7V1, M7VS1, R16, RDRC" fgcolor="#000000" bgcolor="#BFFFBF"
             type="rectangle" x="1075" y="434" width="46" height="17"/>
    </entry>
    <entry id="73" name="hsa:6510" type="gene"
        link="http://www.kegg.jp/dbget-bin/www_bget?hsa:6510">
        <graphics name="SLC1A5, AAAT, ASCT2, ATBO, M7V1, M7VS1, R16, RDRC" fgcolor="#000000" bgcolor="#BFFFBF"
             type="rectangle" x="1073" y="100" width="46" height="17"/>
    </entry>
    <entry id="74" name="hsa:6510" type="gene"
        link="http://www.kegg.jp/dbget-bin/www_bget?hsa:6510">
        <graphics name="SLC1A5, AAAT, ASCT2, ATBO, M7V1, M7VS1, R16, RDRC" fgcolor="#000000" bgcolor="#BFFFBF"
             type="rectangle" x="1475" y="573" width="46" height="17"/>
    </entry>
    <entry id="75" name="hsa:5160 hsa:5161 hsa:5162" type="gene"
        link="http://www.kegg.jp/dbget-bin/www_bget?hsa:5160+hsa:5161+hsa:5162">
        <graphics name="PDHA1, PDHA, PDHAD, PDHCE1A, PHE1A..." fgcolor="#000000" bgcolor="#BFFFBF"
             type="rectangle" x="822" y="257" width="46" height="17"/>
    </entry>
    <entry id="76" name="hsa:5163" type="gene"
        link="http://www.kegg.jp/dbget-bin/www_bget?hsa:5163">
        <graphics name="PDK1" fgcolor="#000000" bgcolor="#BFFFBF"
             type="rectangle" x="812" y="307" width="46" height="17"/>
    </entry>
    <entry id="77" name="hsa:9123" type="gene"
        link="http://www.kegg.jp/dbget-bin/www_bget?hsa:9123">
        <graphics name="SLC16A3, MCT_3, MCT_4, MCT-3, MCT-4, MCT3, MCT4" fgcolor="#000000" bgcolor="#BFFFBF"
             type="rectangle" x="162" y="345" width="46" height="17"/>
    </entry>
    <entry id="78" name="cpd:C00085" type="compound"
        link="http://www.kegg.jp/dbget-bin/www_bget?C00085">
        <graphics name="C00085" fgcolor="#000000" bgcolor="#FFFFFF"
             type="circle" x="365" y="844" width="8" height="8"/>
    </entry>
    <entry id="79" name="path:hsa00030" type="map"
        link="http://www.kegg.jp/dbget-bin/www_bget?hsa00030">
        <graphics name="Pentose phosphate pathway" fgcolor="#000000" bgcolor="#FFFFFF"
             type="roundrectangle" x="285" y="702" width="112" height="34"/>
    </entry>
    <entry id="80" name="cpd:C00158" type="compound"
        link="http://www.kegg.jp/dbget-bin/www_bget?C00158">
        <graphics name="C00158" fgcolor="#000000" bgcolor="#FFFFFF"
             type="circle" x="917" y="633" width="8" height="8"/>
    </entry>
    <entry id="81" name="path:hsa01212" type="map"
        link="http://www.kegg.jp/dbget-bin/www_bget?hsa01212">
        <graphics name="Fatty acid metabolism" fgcolor="#000000" bgcolor="#FFFFFF"
             type="roundrectangle" x="762" y="630" width="112" height="34"/>
    </entry>
    <entry id="82" name="cpd:C00085" type="compound"
        link="http://www.kegg.jp/dbget-bin/www_bget?C00085">
        <graphics name="C00085" fgcolor="#000000" bgcolor="#FFFFFF"
             type="circle" x="353" y="241" width="8" height="8"/>
    </entry>
    <entry id="83" name="cpd:C00186" type="compound"
        link="http://www.kegg.jp/dbget-bin/www_bget?C00186">
        <graphics name="C00186" fgcolor="#000000" bgcolor="#FFFFFF"
             type="circle" x="719" y="340" width="8" height="8"/>
    </entry>
    <entry id="84" name="cpd:C00074" type="compound"
        link="http://www.kegg.jp/dbget-bin/www_bget?C00074">
        <graphics name="C00074" fgcolor="#000000" bgcolor="#FFFFFF"
             type="circle" x="635" y="844" width="8" height="8"/>
    </entry>
    <entry id="85" name="cpd:C00197" type="compound"
        link="http://www.kegg.jp/dbget-bin/www_bget?C00197">
        <graphics name="C00197" fgcolor="#000000" bgcolor="#FFFFFF"
             type="circle" x="514" y="844" width="8" height="8"/>
    </entry>
    <entry id="86" name="cpd:C00074" type="compound"
        link="http://www.kegg.jp/dbget-bin/www_bget?C00074">
        <graphics name="C00074" fgcolor="#000000" bgcolor="#FFFFFF"
             type="circle" x="623" y="241" width="8" height="8"/>
    </entry>
    <entry id="87" name="cpd:C00197" type="compound"
        link="http://www.kegg.jp/dbget-bin/www_bget?C00197">
        <graphics name="C00197" fgcolor="#000000" bgcolor="#FFFFFF"
             type="circle" x="489" y="241" width="8" height="8"/>
    </entry>
    <entry id="88" name="cpd:C00065" type="compound"
        link="http://www.kegg.jp/dbget-bin/www_bget?C00065">
        <graphics name="C00065" fgcolor="#000000" bgcolor="#FFFFFF"
             type="circle" x="487" y="658" width="8" height="8"/>
    </entry>
    <entry id="89" name="cpd:C00037" type="compound"
        link="http://www.kegg.jp/dbget-bin/www_bget?C00037">
        <graphics name="C00037" fgcolor="#000000" bgcolor="#FFFFFF"
             type="circle" x="514" y="637" width="8" height="8"/>
    </entry>
    <entry id="90" name="cpd:C00097" type="compound"
        link="http://www.kegg.jp/dbget-bin/www_bget?C00097">
        <graphics name="C00097" fgcolor="#000000" bgcolor="#FFFFFF"
             type="circle" x="536" y="661" width="8" height="8"/>
    </entry>
    <entry id="91" name="path:hsa00260" type="map"
        link="http://www.kegg.jp/dbget-bin/www_bget?hsa00260">
        <graphics name="Glycine, serine and threonine metabolism" fgcolor="#000000" bgcolor="#FFFFFF"
             type="roundrectangle" x="519" y="788" width="112" height="34"/>
    </entry>
    <entry id="92" name="cpd:C00665" type="compound"
        link="http://www.kegg.jp/dbget-bin/www_bget?C00665">
        <graphics name="C00665" fgcolor="#000000" bgcolor="#FFFFFF"
             type="circle" x="365" y="921" width="8" height="8"/>
    </entry>
    <entry id="93" name="hsa:57103" type="gene"
        link="http://www.kegg.jp/dbget-bin/www_bget?hsa:57103">
        <graphics name="TIGAR, C12orf5, FR2BP" fgcolor="#000000" bgcolor="#BFFFBF"
             type="rectangle" x="326" y="923" width="46" height="17"/>
    </entry>
    <entry id="94" name="hsa:7157" type="gene"
        link="http://www.kegg.jp/dbget-bin/www_bget?hsa:7157">
        <graphics name="TP53, BCC7, LFS1, P53, TRP53" fgcolor="#000000" bgcolor="#BFFFBF"
             type="rectangle" x="347" y="977" width="46" height="17"/>
    </entry>
    <entry id="95" name="cpd:C00631" type="compound"
        link="http://www.kegg.jp/dbget-bin/www_bget?C00631">
        <graphics name="C00631" fgcolor="#000000" bgcolor="#FFFFFF"
             type="circle" x="581" y="844" width="8" height="8"/>
    </entry>
    <entry id="96" name="cpd:C00354" type="compound"
        link="http://www.kegg.jp/dbget-bin/www_bget?C00354">
        <graphics name="C00354" fgcolor="#000000" bgcolor="#FFFFFF"
             type="circle" x="445" y="844" width="8" height="8"/>
    </entry>
    <entry id="97" name="cpd:C00631" type="compound"
        link="http://www.kegg.jp/dbget-bin/www_bget?C00631">
        <graphics name="C00631" fgcolor="#000000" bgcolor="#FFFFFF"
             type="circle" x="556" y="241" width="8" height="8"/>
    </entry>
    <entry id="98" name="cpd:C00354" type="compound"
        link="http://www.kegg.jp/dbget-bin/www_bget?C00354">
        <graphics name="C00354" fgcolor="#000000" bgcolor="#FFFFFF"
             type="circle" x="421" y="241" width="8" height="8"/>
    </entry>
    <entry id="99" name="hsa:5211 hsa:5213 hsa:5214" type="gene"
        link="http://www.kegg.jp/dbget-bin/www_bget?hsa:5211+hsa:5213+hsa:5214">
        <graphics name="PFKL, ATP-PFK, PFK-B, PFK-L..." fgcolor="#000000" bgcolor="#BFFFBF"
             type="rectangle" x="399" y="866" width="46" height="17"/>
    </entry>
    <entry id="100" name="hsa:5728" type="gene"
        link="http://www.kegg.jp/dbget-bin/www_bget?hsa:5728">
        <graphics name="PTEN, 10q23del, BZS, CWS1, DEC, GLM2, MHAM, MMAC1, PTEN1, TEP1" fgcolor="#000000" bgcolor="#BFFFBF"
             type="rectangle" x="440" y="977" width="46" height="17"/>
    </entry>
    <entry id="101" name="hsa:441531 hsa:5223 hsa:5224" type="gene"
        link="http://www.kegg.jp/dbget-bin/www_bget?hsa:441531+hsa:5223+hsa:5224">
        <graphics name="PGAM4, PGAM-B, PGAM1, PGAM3, dJ1000K24.1..." fgcolor="#000000" bgcolor="#BFFFBF"
             type="rectangle" x="552" y="865" width="46" height="17"/>
    </entry>
    <entry id="102" name="hsa:9997" type="gene"
        link="http://www.kegg.jp/dbget-bin/www_bget?hsa:9997">
        <graphics name="SCO2, CEMCOX1, MYP6, SCO1L" fgcolor="#000000" bgcolor="#BFFFBF"
             type="rectangle" x="751" y="764" width="46" height="17"/>
    </entry>
    <entry id="103" name="hsa:7157" type="gene"
        link="http://www.kegg.jp/dbget-bin/www_bget?hsa:7157">
        <graphics name="TP53, BCC7, LFS1, P53, TRP53" fgcolor="#000000" bgcolor="#BFFFBF"
             type="rectangle" x="733" y="721" width="46" height="17"/>
    </entry>
    <entry id="104" name="path:hsa00190" type="map"
        link="http://www.kegg.jp/dbget-bin/www_bget?hsa00190">
        <graphics name="Oxidative phosphorylation" fgcolor="#000000" bgcolor="#FFFFFF"
             type="roundrectangle" x="846" y="725" width="112" height="34"/>
    </entry>
    <entry id="105" name="hsa:9997" type="gene"
        link="http://www.kegg.jp/dbget-bin/www_bget?hsa:9997">
        <graphics name="SCO2, CEMCOX1, MYP6, SCO1L" fgcolor="#000000" bgcolor="#BFFFBF"
             type="rectangle" x="741" y="183" width="46" height="17"/>
    </entry>
    <entry id="106" name="hsa:7157" type="gene"
        link="http://www.kegg.jp/dbget-bin/www_bget?hsa:7157">
        <graphics name="TP53, BCC7, LFS1, P53, TRP53" fgcolor="#000000" bgcolor="#BFFFBF"
             type="rectangle" x="723" y="140" width="46" height="17"/>
    </entry>
    <entry id="107" name="path:hsa00190" type="map"
        link="http://www.kegg.jp/dbget-bin/www_bget?hsa00190">
        <graphics name="Oxidative phosphorylation" fgcolor="#000000" bgcolor="#FFFFFF"
             type="roundrectangle" x="846" y="153" width="112" height="34"/>
    </entry>
    <entry id="108" name="hsa:8140" type="gene"
        link="http://www.kegg.jp/dbget-bin/www_bget?hsa:8140">
        <graphics name="SLC7A5, 4F2LC, CD98, D16S469E, E16, LAT1, MPE16" fgcolor="#000000" bgcolor="#BFFFBF"
             type="rectangle" x="162" y="1081" width="46" height="17"/>
    </entry>
    <entry id="109" name="cpd:C00123 cpd:C00407 cpd:C00079 cpd:C00073 cpd:C00135 cpd:C00078 cpd:C00183 cpd:C00082" type="compound"
        link="http://www.kegg.jp/dbget-bin/www_bget?C00123+C00407+C00079+C00073+C00135+C00078+C00183+C00082">
        <graphics name="C00123..." fgcolor="#000000" bgcolor="#FFFFFF"
             type="circle" x="106" y="1079" width="8" height="8"/>
    </entry>
    <entry id="110" name="hsa:2539" type="gene"
        link="http://www.kegg.jp/dbget-bin/www_bget?hsa:2539">
        <graphics name="G6PD, G6PD1" fgcolor="#000000" bgcolor="#BFFFBF"
             type="rectangle" x="254" y="746" width="46" height="17"/>
    </entry>
    <entry id="111" name="hsa:7157" type="gene"
        link="http://www.kegg.jp/dbget-bin/www_bget?hsa:7157">
        <graphics name="TP53, BCC7, LFS1, P53, TRP53" fgcolor="#000000" bgcolor="#BFFFBF"
             type="rectangle" x="237" y="786" width="46" height="17"/>
    </entry>
    <entry id="112" name="cpd:C00024" type="compound"
        link="http://www.kegg.jp/dbget-bin/www_bget?C00024">
        <graphics name="C00024" fgcolor="#000000" bgcolor="#FFFFFF"
             type="circle" x="867" y="633" width="8" height="8"/>
    </entry>
    <entry id="113" name="cpd:C00311" type="compound"
        link="http://www.kegg.jp/dbget-bin/www_bget?C00311">
        <graphics name="C00311" fgcolor="#000000" bgcolor="#FFFFFF"
             type="circle" x="970" y="634" width="8" height="8"/>
    </entry>
    <entry id="114" name="cpd:C00026" type="compound"
        link="http://www.kegg.jp/dbget-bin/www_bget?C00026">
        <graphics name="C00026" fgcolor="#000000" bgcolor="#FFFFFF"
             type="circle" x="1044" y="636" width="8" height="8"/>
    </entry>
    <entry id="115" name="hsa:3417" type="gene"
        link="http://www.kegg.jp/dbget-bin/www_bget?hsa:3417">
        <graphics name="IDH1, HEL-216, HEL-S-26, IDCD, IDH, IDP, IDPC, PICD" fgcolor="#000000" bgcolor="#BFFFBF"
             type="rectangle" x="1017" y="652" width="46" height="17"/>
    </entry>
    <entry id="116" name="cpd:C00311" type="compound"
        link="http://www.kegg.jp/dbget-bin/www_bget?C00311">
        <graphics name="C00311" fgcolor="#000000" bgcolor="#FFFFFF"
             type="circle" x="1008" y="146" width="8" height="8"/>
    </entry>
    <entry id="117" name="cpd:C00036" type="compound"
        link="http://www.kegg.jp/dbget-bin/www_bget?C00036">
        <graphics name="C00036" fgcolor="#000000" bgcolor="#FFFFFF"
             type="circle" x="1079" y="183" width="8" height="8"/>
    </entry>
    <entry id="118" name="cpd:C00042" type="compound"
        link="http://www.kegg.jp/dbget-bin/www_bget?C00042">
        <graphics name="C00042" fgcolor="#000000" bgcolor="#FFFFFF"
             type="circle" x="1095" y="230" width="8" height="8"/>
    </entry>
    <entry id="119" name="cpd:C00122" type="compound"
        link="http://www.kegg.jp/dbget-bin/www_bget?C00122">
        <graphics name="C00122" fgcolor="#000000" bgcolor="#FFFFFF"
             type="circle" x="1083" y="288" width="8" height="8"/>
    </entry>
    <entry id="120" name="cpd:C00149" type="compound"
        link="http://www.kegg.jp/dbget-bin/www_bget?C00149">
        <graphics name="C00149" fgcolor="#000000" bgcolor="#FFFFFF"
             type="circle" x="1017" y="329" width="8" height="8"/>
    </entry>
    <entry id="121" name="path:hsa00250" type="map"
        link="http://www.kegg.jp/dbget-bin/www_bget?hsa00250">
        <graphics name="Alanine, aspartate and glutamate metabolism" fgcolor="#000000" bgcolor="#FFFFFF"
             type="roundrectangle" x="1004" y="970" width="133" height="34"/>
    </entry>
    <entry id="122" name="cpd:C00041" type="compound"
        link="http://www.kegg.jp/dbget-bin/www_bget?C00041">
        <graphics name="C00041" fgcolor="#000000" bgcolor="#FFFFFF"
             type="circle" x="1128" y="968" width="8" height="8"/>
    </entry>
    <entry id="123" name="cpd:C00152" type="compound"
        link="http://www.kegg.jp/dbget-bin/www_bget?C00152">
        <graphics name="C00152" fgcolor="#000000" bgcolor="#FFFFFF"
             type="circle" x="1175" y="969" width="8" height="8"/>
    </entry>
    <entry id="124" name="cpd:C00049" type="compound"
        link="http://www.kegg.jp/dbget-bin/www_bget?C00049">
        <graphics name="C00049" fgcolor="#000000" bgcolor="#FFFFFF"
             type="circle" x="1148" y="992" width="8" height="8"/>
    </entry>
    <entry id="125" name="path:hsa00330" type="map"
        link="http://www.kegg.jp/dbget-bin/www_bget?hsa00330">
        <graphics name="Arginine and proline metabolism" fgcolor="#000000" bgcolor="#FFFFFF"
             type="roundrectangle" x="1176" y="651" width="112" height="34"/>
    </entry>
    <entry id="126" name="cpd:C00148" type="compound"
        link="http://www.kegg.jp/dbget-bin/www_bget?C00148">
        <graphics name="C00148" fgcolor="#000000" bgcolor="#FFFFFF"
             type="circle" x="1119" y="623" width="8" height="8"/>
    </entry>
    <entry id="127" name="cpd:C00062" type="compound"
        link="http://www.kegg.jp/dbget-bin/www_bget?C00062">
        <graphics name="C00062" fgcolor="#000000" bgcolor="#FFFFFF"
             type="circle" x="1179" y="623" width="8" height="8"/>
    </entry>
    <entry id="128" name="cpd:C00158" type="compound"
        link="http://www.kegg.jp/dbget-bin/www_bget?C00158">
        <graphics name="C00158" fgcolor="#000000" bgcolor="#FFFFFF"
             type="circle" x="927" y="186" width="8" height="8"/>
    </entry>
    <entry id="129" name="path:hsa00471" type="map"
        link="http://www.kegg.jp/dbget-bin/www_bget?hsa00471">
        <graphics name="D-Glutamine and D-glutamate metabolism" fgcolor="#000000" bgcolor="#FFFFFF"
             type="roundrectangle" x="990" y="504" width="146" height="34"/>
    </entry>
    <entry id="130" name="hsa:5211 hsa:5213 hsa:5214" type="gene"
        link="http://www.kegg.jp/dbget-bin/www_bget?hsa:5211+hsa:5213+hsa:5214">
        <graphics name="PFKL, ATP-PFK, PFK-B, PFK-L..." fgcolor="#000000" bgcolor="#BFFFBF"
             type="rectangle" x="1480" y="881" width="46" height="17"/>
    </entry>
    <entry id="131" name="cpd:C00024" type="compound"
        link="http://www.kegg.jp/dbget-bin/www_bget?C00024">
        <graphics name="C00024" fgcolor="#000000" bgcolor="#FFFFFF"
             type="circle" x="869" y="842" width="8" height="8"/>
    </entry>
    <relation entry1="106" entry2="105" type="PPrel">
        <subtype name="activation" value="--&gt;"/>
        <subtype name="indirect effect" value="..&gt;"/>
    </relation>
    <relation entry1="46" entry2="47" type="PPrel">
        <subtype name="activation" value="--&gt;"/>
        <subtype name="indirect effect" value="..&gt;"/>
    </relation>
    <relation entry1="51" entry2="54" type="PPrel">
        <subtype name="activation" value="--&gt;"/>
        <subtype name="indirect effect" value="..&gt;"/>
    </relation>
    <relation entry1="52" entry2="54" type="PPrel">
        <subtype name="activation" value="--&gt;"/>
        <subtype name="indirect effect" value="..&gt;"/>
    </relation>
    <relation entry1="53" entry2="54" type="PPrel">
        <subtype name="activation" value="--&gt;"/>
        <subtype name="indirect effect" value="..&gt;"/>
    </relation>
    <relation entry1="54" entry2="55" type="PPrel">
        <subtype name="activation" value="--&gt;"/>
        <subtype name="indirect effect" value="..&gt;"/>
    </relation>
    <relation entry1="55" entry2="56" type="PPrel">
        <subtype name="activation" value="--&gt;"/>
        <subtype name="indirect effect" value="..&gt;"/>
    </relation>
    <relation entry1="56" entry2="34" type="PPrel">
        <subtype name="activation" value="--&gt;"/>
        <subtype name="indirect effect" value="..&gt;"/>
    </relation>
    <relation entry1="32" entry2="31" type="PPrel">
        <subtype name="inhibition" value="--|"/>
    </relation>
    <relation entry1="32" entry2="33" type="PPrel">
        <subtype name="inhibition" value="--|"/>
    </relation>
    <relation entry1="47" entry2="48" type="PPrel">
        <subtype name="activation" value="--&gt;"/>
    </relation>
    <relation entry1="48" entry2="49" type="PPrel">
        <subtype name="activation" value="--&gt;"/>
        <subtype name="phosphorylation" value="+p"/>
    </relation>
    <relation entry1="49" entry2="50" type="PPrel">
        <subtype name="activation" value="--&gt;"/>
        <subtype name="phosphorylation" value="+p"/>
    </relation>
    <relation entry1="50" entry2="30" type="PPrel">
        <subtype name="activation" value="--&gt;"/>
        <subtype name="phosphorylation" value="+p"/>
    </relation>
    <relation entry1="30" entry2="67" type="GErel">
        <subtype name="expression" value="--&gt;"/>
    </relation>
    <relation entry1="30" entry2="74" type="GErel">
        <subtype name="expression" value="--&gt;"/>
    </relation>
    <relation entry1="30" entry2="61" type="GErel">
        <subtype name="expression" value="--&gt;"/>
    </relation>
    <relation entry1="30" entry2="60" type="GErel">
        <subtype name="expression" value="--&gt;"/>
    </relation>
    <relation entry1="30" entry2="62" type="GErel">
        <subtype name="expression" value="--&gt;"/>
    </relation>
    <relation entry1="30" entry2="63" type="GErel">
        <subtype name="expression" value="--&gt;"/>
    </relation>
    <relation entry1="30" entry2="64" type="GErel">
        <subtype name="expression" value="--&gt;"/>
    </relation>
    <relation entry1="30" entry2="65" type="GErel">
        <subtype name="expression" value="--&gt;"/>
    </relation>
    <relation entry1="34" entry2="60" type="GErel">
        <subtype name="expression" value="--&gt;"/>
    </relation>
    <relation entry1="34" entry2="62" type="GErel">
        <subtype name="expression" value="--&gt;"/>
    </relation>
    <relation entry1="34" entry2="63" type="GErel">
        <subtype name="expression" value="--&gt;"/>
    </relation>
    <relation entry1="34" entry2="65" type="GErel">
        <subtype name="expression" value="--&gt;"/>
    </relation>
    <relation entry1="34" entry2="64" type="GErel">
        <subtype name="expression" value="--&gt;"/>
    </relation>
    <relation entry1="34" entry2="130" type="GErel">
        <subtype name="expression" value="--&gt;"/>
    </relation>
    <relation entry1="34" entry2="66" type="GErel">
        <subtype name="expression" value="--&gt;"/>
    </relation>
    <relation entry1="56" entry2="108" type="PPrel">
        <subtype name="activation" value="--&gt;"/>
        <subtype name="indirect effect" value="..&gt;"/>
    </relation>
    <relation entry1="45" entry2="35" type="PPrel">
        <subtype name="inhibition" value="--|"/>
    </relation>
    <relation entry1="111" entry2="110" type="PPrel">
        <subtype name="missing interaction" value="-/-"/>
    </relation>
    <relation entry1="111" entry2="2" type="PPrel">
        <subtype name="missing interaction" value="-/-"/>
    </relation>
    <relation entry1="94" entry2="93" type="PPrel">
        <subtype name="missing interaction" value="-/-"/>
    </relation>
    <relation entry1="94" entry2="100" type="PPrel">
        <subtype name="missing interaction" value="-/-"/>
    </relation>
    <relation entry1="69" entry2="30" type="PPrel">
        <subtype name="missing interaction" value="-/-"/>
    </relation>
    <relation entry1="69" entry2="34" type="PPrel">
        <subtype name="missing interaction" value="-/-"/>
    </relation>
    <relation entry1="103" entry2="102" type="PPrel">
        <subtype name="missing interaction" value="-/-"/>
    </relation>
</pathway>
