<?xml version="1.0"?>
<!DOCTYPE pathway SYSTEM "http://www.kegg.jp/kegg/xml/KGML_v0.7.2_.dtd">
<!-- Creation date: May 31, 2019 15:10:20 +0900 (GMT+9) -->
<pathway name="path:hsa04260" org="hsa" number="04260"
         title="Cardiac muscle contraction"
         image="http://www.kegg.jp/kegg/pathway/hsa/hsa04260.png"
         link="http://www.kegg.jp/kegg-bin/show_pathway?hsa04260">
    <entry id="1" name="path:hsa04260" type="map"
        link="http://www.kegg.jp/dbget-bin/www_bget?hsa04260">
        <graphics name="TITLE:Cardiac muscle contraction" fgcolor="#000000" bgcolor="#FFFFFF"
             type="roundrectangle" x="168" y="58" width="256" height="25"/>
    </entry>
    <entry id="2" name="hsa:10368 hsa:10369 hsa:27091 hsa:27092 hsa:55799 hsa:59283 hsa:59284 hsa:59285 hsa:775 hsa:776 hsa:778 hsa:779 hsa:781 hsa:782 hsa:783 hsa:784 hsa:785 hsa:786 hsa:9254 hsa:93589" type="gene"
        link="http://www.kegg.jp/dbget-bin/www_bget?hsa:10368+hsa:10369+hsa:27091+hsa:27092+hsa:55799+hsa:59283+hsa:59284+hsa:59285+hsa:775+hsa:776+hsa:778+hsa:779+hsa:781+hsa:782+hsa:783+hsa:784+hsa:785+hsa:786+hsa:9254+hsa:93589">
        <graphics name="CACNG3..." fgcolor="#000000" bgcolor="#BFFFBF"
             type="rectangle" x="235" y="256" width="46" height="17"/>
    </entry>
    <entry id="3" name="hsa:6262" type="gene"
        link="http://www.kegg.jp/dbget-bin/www_bget?hsa:6262">
        <graphics name="RYR2, ARVC2, ARVD2, RYR-2, RyR, VTSIP" fgcolor="#000000" bgcolor="#BFFFBF"
             type="rectangle" x="333" y="261" width="46" height="17"/>
    </entry>
    <entry id="4" name="hsa:6546" type="gene"
        link="http://www.kegg.jp/dbget-bin/www_bget?hsa:6546">
        <graphics name="SLC8A1, NCX1" fgcolor="#000000" bgcolor="#BFFFBF"
             type="rectangle" x="682" y="140" width="46" height="17"/>
    </entry>
    <entry id="5" name="hsa:6546" type="gene"
        link="http://www.kegg.jp/dbget-bin/www_bget?hsa:6546">
        <graphics name="SLC8A1, NCX1" fgcolor="#000000" bgcolor="#BFFFBF"
             type="rectangle" x="235" y="482" width="46" height="17"/>
    </entry>
    <entry id="6" name="cpd:C00076" type="compound"
        link="http://www.kegg.jp/dbget-bin/www_bget?C00076">
        <graphics name="C00076" fgcolor="#000000" bgcolor="#FFFFFF"
             type="circle" x="195" y="255" width="8" height="8"/>
    </entry>
    <entry id="7" name="cpd:C00076" type="compound"
        link="http://www.kegg.jp/dbget-bin/www_bget?C00076">
        <graphics name="C00076" fgcolor="#000000" bgcolor="#FFFFFF"
             type="circle" x="374" y="263" width="8" height="8"/>
    </entry>
    <entry id="8" name="hsa:487 hsa:488 hsa:489" type="gene"
        link="http://www.kegg.jp/dbget-bin/www_bget?hsa:487+hsa:488+hsa:489">
        <graphics name="ATP2A1, ATP2A, SERCA1..." fgcolor="#000000" bgcolor="#BFFFBF"
             type="rectangle" x="587" y="311" width="46" height="17"/>
    </entry>
    <entry id="9" name="hsa:7134" type="gene"
        link="http://www.kegg.jp/dbget-bin/www_bget?hsa:7134">
        <graphics name="TNNC1, CMD1Z, CMH13, TN-C, TNC, TNNC" fgcolor="#000000" bgcolor="#BFFFBF"
             type="rectangle" x="415" y="401" width="46" height="17"/>
    </entry>
    <entry id="10" name="cpd:C00076" type="compound"
        link="http://www.kegg.jp/dbget-bin/www_bget?C00076">
        <graphics name="C00076" fgcolor="#000000" bgcolor="#FFFFFF"
             type="circle" x="651" y="365" width="8" height="8"/>
    </entry>
    <entry id="11" name="cpd:C00076" type="compound"
        link="http://www.kegg.jp/dbget-bin/www_bget?C00076">
        <graphics name="C00076" fgcolor="#000000" bgcolor="#FFFFFF"
             type="circle" x="193" y="476" width="8" height="8"/>
    </entry>
    <entry id="12" name="cpd:C01330" type="compound"
        link="http://www.kegg.jp/dbget-bin/www_bget?C01330">
        <graphics name="C01330" fgcolor="#000000" bgcolor="#FFFFFF"
             type="circle" x="280" y="486" width="8" height="8"/>
    </entry>
    <entry id="13" name="cpd:C01330" type="compound"
        link="http://www.kegg.jp/dbget-bin/www_bget?C01330">
        <graphics name="C01330" fgcolor="#000000" bgcolor="#FFFFFF"
             type="circle" x="688" y="67" width="8" height="8"/>
    </entry>
    <entry id="14" name="hsa:7137" type="gene"
        link="http://www.kegg.jp/dbget-bin/www_bget?hsa:7137">
        <graphics name="TNNI3, CMD1FF, CMD2A, CMH7, RCM1, TNNC1, cTnI" fgcolor="#000000" bgcolor="#BFFFBF"
             type="rectangle" x="377" y="437" width="46" height="17"/>
    </entry>
    <entry id="15" name="hsa:7134" type="gene"
        link="http://www.kegg.jp/dbget-bin/www_bget?hsa:7134">
        <graphics name="TNNC1, CMD1Z, CMH13, TN-C, TNC, TNNC" fgcolor="#000000" bgcolor="#BFFFBF"
             type="rectangle" x="653" y="401" width="46" height="17"/>
    </entry>
    <entry id="16" name="hsa:7139" type="gene"
        link="http://www.kegg.jp/dbget-bin/www_bget?hsa:7139">
        <graphics name="TNNT2, CMD1D, CMH2, CMPD2, LVNC6, RCM3, TnTC, cTnT" fgcolor="#000000" bgcolor="#BFFFBF"
             type="rectangle" x="455" y="437" width="46" height="17"/>
    </entry>
    <entry id="17" name="hsa:70" type="gene"
        link="http://www.kegg.jp/dbget-bin/www_bget?hsa:70">
        <graphics name="ACTC1, ACTC, ASD5, CMD1R, CMH11, LVNC4" fgcolor="#000000" bgcolor="#BFFFBF"
             type="rectangle" x="399" y="500" width="46" height="17"/>
    </entry>
    <entry id="18" name="hsa:7168 hsa:7169 hsa:7170 hsa:7171" type="gene"
        link="http://www.kegg.jp/dbget-bin/www_bget?hsa:7168+hsa:7169+hsa:7170+hsa:7171">
        <graphics name="TPM1, C15orf13, CMD1Y, CMH3, HEL-S-265, HTM-alpha, LVNC9, TMSA..." fgcolor="#000000" bgcolor="#BFFFBF"
             type="rectangle" x="424" y="483" width="46" height="17"/>
    </entry>
    <entry id="19" name="hsa:4624 hsa:4625 hsa:4633 hsa:4634 hsa:4635" type="gene"
        link="http://www.kegg.jp/dbget-bin/www_bget?hsa:4624+hsa:4625+hsa:4633+hsa:4634+hsa:4635">
        <graphics name="MYH6, ASD3, CMD1EE, CMH14, MYHC, MYHCA, SSS3, alpha-MHC..." fgcolor="#000000" bgcolor="#BFFFBF"
             type="rectangle" x="399" y="554" width="46" height="17"/>
    </entry>
    <entry id="20" name="path:hsa04020" type="map"
        link="http://www.kegg.jp/dbget-bin/www_bget?hsa04020">
        <graphics name="Calcium signaling pathway" fgcolor="#000000" bgcolor="#FFFFFF"
             type="roundrectangle" x="483" y="181" width="117" height="34"/>
    </entry>
    <entry id="21" name="hsa:7137" type="gene"
        link="http://www.kegg.jp/dbget-bin/www_bget?hsa:7137">
        <graphics name="TNNI3, CMD1FF, CMD2A, CMH7, RCM1, TNNC1, cTnI" fgcolor="#000000" bgcolor="#BFFFBF"
             type="rectangle" x="618" y="437" width="46" height="17"/>
    </entry>
    <entry id="22" name="hsa:7139" type="gene"
        link="http://www.kegg.jp/dbget-bin/www_bget?hsa:7139">
        <graphics name="TNNT2, CMD1D, CMH2, CMPD2, LVNC6, RCM3, TnTC, cTnT" fgcolor="#000000" bgcolor="#BFFFBF"
             type="rectangle" x="696" y="437" width="46" height="17"/>
    </entry>
    <entry id="23" name="hsa:70" type="gene"
        link="http://www.kegg.jp/dbget-bin/www_bget?hsa:70">
        <graphics name="ACTC1, ACTC, ASD5, CMD1R, CMH11, LVNC4" fgcolor="#000000" bgcolor="#BFFFBF"
             type="rectangle" x="648" y="500" width="46" height="17"/>
    </entry>
    <entry id="24" name="hsa:7168 hsa:7169 hsa:7170 hsa:7171" type="gene"
        link="http://www.kegg.jp/dbget-bin/www_bget?hsa:7168+hsa:7169+hsa:7170+hsa:7171">
        <graphics name="TPM1, C15orf13, CMD1Y, CMH3, HEL-S-265, HTM-alpha, LVNC9, TMSA..." fgcolor="#000000" bgcolor="#BFFFBF"
             type="rectangle" x="673" y="483" width="46" height="17"/>
    </entry>
    <entry id="25" name="hsa:4624 hsa:4625 hsa:4633 hsa:4634 hsa:4635" type="gene"
        link="http://www.kegg.jp/dbget-bin/www_bget?hsa:4624+hsa:4625+hsa:4633+hsa:4634+hsa:4635">
        <graphics name="MYH6, ASD3, CMD1EE, CMH14, MYHC, MYHCA, SSS3, alpha-MHC..." fgcolor="#000000" bgcolor="#BFFFBF"
             type="rectangle" x="648" y="554" width="46" height="17"/>
    </entry>
    <entry id="26" name="cpd:C00076" type="compound"
        link="http://www.kegg.jp/dbget-bin/www_bget?C00076">
        <graphics name="C00076" fgcolor="#000000" bgcolor="#FFFFFF"
             type="circle" x="414" y="364" width="8" height="8"/>
    </entry>
    <entry id="28" name="hsa:6546" type="gene"
        link="http://www.kegg.jp/dbget-bin/www_bget?hsa:6546">
        <graphics name="SLC8A1, NCX1" fgcolor="#000000" bgcolor="#BFFFBF"
             type="rectangle" x="765" y="355" width="46" height="17"/>
    </entry>
    <entry id="29" name="hsa:10479" type="gene"
        link="http://www.kegg.jp/dbget-bin/www_bget?hsa:10479">
        <graphics name="SLC9A6, MRSA, NHE6" fgcolor="#000000" bgcolor="#BFFFBF"
             type="rectangle" x="830" y="355" width="46" height="17"/>
    </entry>
    <entry id="30" name="hsa:10975 hsa:125965 hsa:1327 hsa:1329 hsa:1337 hsa:1339 hsa:1340 hsa:1345 hsa:1346 hsa:1347 hsa:1349 hsa:1350 hsa:1351 hsa:1537 hsa:170712 hsa:27089 hsa:29796 hsa:341947 hsa:440567 hsa:4512 hsa:4513 hsa:4514 hsa:4519 hsa:7381 hsa:7384 hsa:7385 hsa:7386 hsa:7388 hsa:84701 hsa:9167 hsa:9377" type="gene"
        link="http://www.kegg.jp/dbget-bin/www_bget?hsa:10975+hsa:125965+hsa:1327+hsa:1329+hsa:1337+hsa:1339+hsa:1340+hsa:1345+hsa:1346+hsa:1347+hsa:1349+hsa:1350+hsa:1351+hsa:1537+hsa:170712+hsa:27089+hsa:29796+hsa:341947+hsa:440567+hsa:4512+hsa:4513+hsa:4514+hsa:4519+hsa:7381+hsa:7384+hsa:7385+hsa:7386+hsa:7388+hsa:84701+hsa:9167+hsa:9377">
        <graphics name="UQCR11, 0710008D09Rik, QCR10, UQCR..." fgcolor="#000000" bgcolor="#BFFFBF"
             type="rectangle" x="879" y="280" width="46" height="17"/>
    </entry>
    <entry id="31" name="cpd:C00080" type="compound"
        link="http://www.kegg.jp/dbget-bin/www_bget?C00080">
        <graphics name="C00080" fgcolor="#000000" bgcolor="#FFFFFF"
             type="circle" x="839" y="394" width="8" height="8"/>
    </entry>
    <entry id="32" name="cpd:C00080" type="compound"
        link="http://www.kegg.jp/dbget-bin/www_bget?C00080">
        <graphics name="C00080" fgcolor="#000000" bgcolor="#FFFFFF"
             type="circle" x="838" y="279" width="8" height="8"/>
    </entry>
    <entry id="33" name="cpd:C01330" type="compound"
        link="http://www.kegg.jp/dbget-bin/www_bget?C01330">
        <graphics name="C01330" fgcolor="#000000" bgcolor="#FFFFFF"
             type="circle" x="821" y="317" width="8" height="8"/>
    </entry>
    <entry id="34" name="cpd:C00076" type="compound"
        link="http://www.kegg.jp/dbget-bin/www_bget?C00076">
        <graphics name="C00076" fgcolor="#000000" bgcolor="#FFFFFF"
             type="circle" x="757" y="316" width="8" height="8"/>
    </entry>
    <entry id="35" name="cpd:C01330" type="compound"
        link="http://www.kegg.jp/dbget-bin/www_bget?C01330">
        <graphics name="C01330" fgcolor="#000000" bgcolor="#FFFFFF"
             type="circle" x="773" y="394" width="8" height="8"/>
    </entry>
    <entry id="36" name="hsa:23439 hsa:476 hsa:477 hsa:478 hsa:480 hsa:481 hsa:482 hsa:483 hsa:486" type="gene"
        link="http://www.kegg.jp/dbget-bin/www_bget?hsa:23439+hsa:476+hsa:477+hsa:478+hsa:480+hsa:481+hsa:482+hsa:483+hsa:486">
        <graphics name="ATP1B4..." fgcolor="#000000" bgcolor="#BFFFBF"
             type="rectangle" x="752" y="140" width="46" height="17"/>
    </entry>
    <entry id="37" name="cpd:C00238" type="compound"
        link="http://www.kegg.jp/dbget-bin/www_bget?C00238">
        <graphics name="C00238" fgcolor="#000000" bgcolor="#FFFFFF"
             type="circle" x="758" y="90" width="8" height="8"/>
    </entry>
    <entry id="38" name="cpd:C01330" type="compound"
        link="http://www.kegg.jp/dbget-bin/www_bget?C01330">
        <graphics name="C01330" fgcolor="#000000" bgcolor="#FFFFFF"
             type="circle" x="748" y="189" width="8" height="8"/>
    </entry>
    <entry id="39" name="hsa:6548" type="gene"
        link="http://www.kegg.jp/dbget-bin/www_bget?hsa:6548">
        <graphics name="SLC9A1, APNH, LIKNS, NHE-1, NHE1, PPP1R143" fgcolor="#000000" bgcolor="#BFFFBF"
             type="rectangle" x="820" y="141" width="46" height="17"/>
    </entry>
    <entry id="40" name="cpd:C00080" type="compound"
        link="http://www.kegg.jp/dbget-bin/www_bget?C00080">
        <graphics name="C00080" fgcolor="#000000" bgcolor="#FFFFFF"
             type="circle" x="815" y="189" width="8" height="8"/>
    </entry>
    <entry id="41" name="cpd:C01330" type="compound"
        link="http://www.kegg.jp/dbget-bin/www_bget?C01330">
        <graphics name="C01330" fgcolor="#000000" bgcolor="#FFFFFF"
             type="circle" x="825" y="92" width="8" height="8"/>
    </entry>
    <entry id="42" name="hsa:10345" type="gene"
        link="http://www.kegg.jp/dbget-bin/www_bget?hsa:10345">
        <graphics name="TRDN, CPVT5, TDN, TRISK" fgcolor="#000000" bgcolor="#BFFFBF"
             type="rectangle" x="333" y="288" width="46" height="17"/>
    </entry>
    <entry id="43" name="hsa:444" type="gene"
        link="http://www.kegg.jp/dbget-bin/www_bget?hsa:444">
        <graphics name="ASPH, AAH, BAH, CASQ2BP1, FDLAB, HAAH, JCTN, junctin" fgcolor="#000000" bgcolor="#BFFFBF"
             type="rectangle" x="333" y="234" width="46" height="17"/>
    </entry>
    <entry id="44" name="hsa:845" type="gene"
        link="http://www.kegg.jp/dbget-bin/www_bget?hsa:845">
        <graphics name="CASQ2, PDIB2" fgcolor="#000000" bgcolor="#BFFFBF"
             type="rectangle" x="434" y="254" width="46" height="17"/>
    </entry>
    <entry id="45" name="hsa:3270" type="gene"
        link="http://www.kegg.jp/dbget-bin/www_bget?hsa:3270">
        <graphics name="HRC" fgcolor="#000000" bgcolor="#BFFFBF"
             type="rectangle" x="529" y="294" width="46" height="17"/>
    </entry>
    <entry id="46" name="hsa:3270" type="gene"
        link="http://www.kegg.jp/dbget-bin/www_bget?hsa:3270">
        <graphics name="HRC" fgcolor="#000000" bgcolor="#BFFFBF"
             type="rectangle" x="404" y="294" width="46" height="17"/>
    </entry>
    <entry id="47" name="undefined" type="group">
        <graphics fgcolor="#000000" bgcolor="#FFFFFF"
             type="rectangle" x="333" y="261" width="46" height="71"/>
        <component id="3"/>
        <component id="42"/>
        <component id="43"/>
    </entry>
    <relation entry1="26" entry2="9" type="PCrel">
        <subtype name="binding/association" value="---"/>
    </relation>
    <relation entry1="9" entry2="14" type="PPrel">
        <subtype name="binding/association" value="---"/>
    </relation>
    <relation entry1="9" entry2="16" type="PPrel">
        <subtype name="binding/association" value="---"/>
    </relation>
    <relation entry1="14" entry2="16" type="PPrel">
        <subtype name="binding/association" value="---"/>
    </relation>
    <relation entry1="16" entry2="18" type="PPrel">
        <subtype name="binding/association" value="---"/>
    </relation>
    <relation entry1="18" entry2="17" type="PPrel">
        <subtype name="binding/association" value="---"/>
    </relation>
    <relation entry1="17" entry2="19" type="PPrel">
        <subtype name="binding/association" value="---"/>
    </relation>
    <relation entry1="15" entry2="21" type="PPrel">
        <subtype name="binding/association" value="---"/>
    </relation>
    <relation entry1="21" entry2="22" type="PPrel">
        <subtype name="binding/association" value="---"/>
    </relation>
    <relation entry1="22" entry2="15" type="PPrel">
        <subtype name="binding/association" value="---"/>
    </relation>
    <relation entry1="21" entry2="23" type="PPrel">
        <subtype name="binding/association" value="---"/>
    </relation>
    <relation entry1="22" entry2="24" type="PPrel">
        <subtype name="binding/association" value="---"/>
    </relation>
    <relation entry1="24" entry2="23" type="PPrel">
        <subtype name="binding/association" value="---"/>
    </relation>
    <relation entry1="14" entry2="17" type="PPrel">
        <subtype name="dissociation" value="-+-"/>
    </relation>
    <relation entry1="10" entry2="15" type="PCrel">
        <subtype name="dissociation" value="-+-"/>
    </relation>
    <relation entry1="23" entry2="25" type="PPrel">
        <subtype name="dissociation" value="-+-"/>
    </relation>
    <relation entry1="47" entry2="44" type="PPrel">
        <subtype name="binding/association" value="---"/>
    </relation>
    <relation entry1="42" entry2="46" type="PPrel">
        <subtype name="binding/association" value="---"/>
    </relation>
    <relation entry1="45" entry2="8" type="PPrel">
        <subtype name="binding/association" value="---"/>
    </relation>
</pathway>
