<?xml version="1.0"?>
<!DOCTYPE pathway SYSTEM "http://www.kegg.jp/kegg/xml/KGML_v0.7.2_.dtd">
<!-- Creation date: Oct 23, 2015 10:31:30 +0900 (GMT+9) -->
<pathway name="path:hsa04971" org="hsa" number="04971"
         title="Gastric acid secretion"
         image="http://www.kegg.jp/kegg/pathway/hsa/hsa04971.png"
         link="http://www.kegg.jp/kegg-bin/show_pathway?hsa04971">
    <entry id="1" name="path:hsa04971" type="map"
        link="http://www.kegg.jp/dbget-bin/www_bget?hsa04971">
        <graphics name="TITLE:Gastric acid secretion" fgcolor="#000000" bgcolor="#FFFFFF"
             type="roundrectangle" x="151" y="58" width="221" height="25"/>
    </entry>
    <entry id="2" name="cpd:C00388" type="compound"
        link="http://www.kegg.jp/dbget-bin/www_bget?C00388">
        <graphics name="C00388" fgcolor="#000000" bgcolor="#FFFFFF"
             type="circle" x="149" y="483" width="8" height="8"/>
    </entry>
    <entry id="3" name="hsa:887" type="gene"
        link="http://www.kegg.jp/dbget-bin/www_bget?hsa:887">
        <graphics name="CCKBR, CCK-B, CCK2R, GASR" fgcolor="#000000" bgcolor="#BFFFBF"
             type="rectangle" x="224" y="376" width="46" height="17"/>
    </entry>
    <entry id="4" name="hsa:1131" type="gene"
        link="http://www.kegg.jp/dbget-bin/www_bget?hsa:1131">
        <graphics name="CHRM3, EGBRS, HM3, PBS" fgcolor="#000000" bgcolor="#BFFFBF"
             type="rectangle" x="224" y="288" width="46" height="17"/>
    </entry>
    <entry id="5" name="hsa:107 hsa:108 hsa:109 hsa:111 hsa:112 hsa:113 hsa:114 hsa:115 hsa:196883" type="gene"
        link="http://www.kegg.jp/dbget-bin/www_bget?hsa:107+hsa:108+hsa:109+hsa:111+hsa:112+hsa:113+hsa:114+hsa:115+hsa:196883">
        <graphics name="ADCY1, AC1, DFNB44..." fgcolor="#000000" bgcolor="#BFFFBF"
             type="rectangle" x="224" y="538" width="46" height="17"/>
    </entry>
    <entry id="6" name="cpd:C00575" type="compound"
        link="http://www.kegg.jp/dbget-bin/www_bget?C00575">
        <graphics name="C00575" fgcolor="#000000" bgcolor="#FFFFFF"
             type="circle" x="338" y="540" width="8" height="8"/>
    </entry>
    <entry id="7" name="hsa:5566 hsa:5567 hsa:5568" type="gene"
        link="http://www.kegg.jp/dbget-bin/www_bget?hsa:5566+hsa:5567+hsa:5568">
        <graphics name="PRKACA, PKACA, PPNAD4..." fgcolor="#000000" bgcolor="#BFFFBF"
             type="rectangle" x="401" y="542" width="46" height="17"/>
    </entry>
    <entry id="8" name="hsa:2776" type="gene"
        link="http://www.kegg.jp/dbget-bin/www_bget?hsa:2776">
        <graphics name="GNAQ, CMC1, G-ALPHA-q, GAQ, SWS" fgcolor="#000000" bgcolor="#BFFFBF"
             type="rectangle" x="302" y="327" width="46" height="17"/>
    </entry>
    <entry id="9" name="hsa:23236 hsa:5330 hsa:5331 hsa:5332" type="gene"
        link="http://www.kegg.jp/dbget-bin/www_bget?hsa:23236+hsa:5330+hsa:5331+hsa:5332">
        <graphics name="PLCB1, EIEE12, PI-PLC, PLC-154, PLC-I, PLC-beta-1, PLC154, PLCB1A, PLCB1B..." fgcolor="#000000" bgcolor="#BFFFBF"
             type="rectangle" x="382" y="327" width="46" height="17"/>
    </entry>
    <entry id="10" name="hsa:3708 hsa:3709 hsa:3710" type="gene"
        link="http://www.kegg.jp/dbget-bin/www_bget?hsa:3708+hsa:3709+hsa:3710">
        <graphics name="ITPR1, ACV, CLA4, INSP3R1, IP3R, IP3R1, PPP1R94, SCA15, SCA16, SCA29..." fgcolor="#000000" bgcolor="#BFFFBF"
             type="rectangle" x="499" y="392" width="46" height="17"/>
    </entry>
    <entry id="11" name="cpd:C01245" type="compound"
        link="http://www.kegg.jp/dbget-bin/www_bget?C01245">
        <graphics name="C01245" fgcolor="#000000" bgcolor="#FFFFFF"
             type="circle" x="439" y="349" width="8" height="8"/>
    </entry>
    <entry id="12" name="cpd:C00076" type="compound"
        link="http://www.kegg.jp/dbget-bin/www_bget?C00076">
        <graphics name="C00076" fgcolor="#000000" bgcolor="#FFFFFF"
             type="circle" x="391" y="392" width="8" height="8"/>
    </entry>
    <entry id="13" name="hsa:3274" type="gene"
        link="http://www.kegg.jp/dbget-bin/www_bget?hsa:3274">
        <graphics name="HRH2, H2R" fgcolor="#000000" bgcolor="#BFFFBF"
             type="rectangle" x="224" y="484" width="46" height="17"/>
    </entry>
    <entry id="14" name="cpd:C00165" type="compound"
        link="http://www.kegg.jp/dbget-bin/www_bget?C00165">
        <graphics name="C00165" fgcolor="#000000" bgcolor="#FFFFFF"
             type="circle" x="467" y="294" width="8" height="8"/>
    </entry>
    <entry id="15" name="hsa:5578 hsa:5579 hsa:5582" type="gene"
        link="http://www.kegg.jp/dbget-bin/www_bget?hsa:5578+hsa:5579+hsa:5582">
        <graphics name="PRKCA, AAG6, PKC-alpha, PKCA, PRKACA..." fgcolor="#000000" bgcolor="#BFFFBF"
             type="rectangle" x="539" y="297" width="46" height="17"/>
    </entry>
    <entry id="16" name="hsa:495 hsa:496" type="gene"
        link="http://www.kegg.jp/dbget-bin/www_bget?hsa:495+hsa:496">
        <graphics name="ATP4A, ATP6A..." fgcolor="#000000" bgcolor="#BFFFBF"
             type="rectangle" x="736" y="548" width="46" height="17"/>
    </entry>
    <entry id="17" name="cpd:C00080" type="compound"
        link="http://www.kegg.jp/dbget-bin/www_bget?C00080">
        <graphics name="C00080" fgcolor="#000000" bgcolor="#FFFFFF"
             type="circle" x="671" y="552" width="8" height="8"/>
    </entry>
    <entry id="18" name="cpd:C01996" type="compound"
        link="http://www.kegg.jp/dbget-bin/www_bget?C01996">
        <graphics name="C01996" fgcolor="#000000" bgcolor="#FFFFFF"
             type="circle" x="149" y="287" width="8" height="8"/>
    </entry>
    <entry id="19" name="hsa:2520" type="gene"
        link="http://www.kegg.jp/dbget-bin/www_bget?hsa:2520">
        <graphics name="GAST, GAS" fgcolor="#000000" bgcolor="#BFFFBF"
             type="rectangle" x="143" y="376" width="46" height="17"/>
    </entry>
    <entry id="20" name="cpd:C00001" type="compound"
        link="http://www.kegg.jp/dbget-bin/www_bget?C00001">
        <graphics name="C00001" fgcolor="#000000" bgcolor="#FFFFFF"
             type="circle" x="575" y="713" width="8" height="8"/>
    </entry>
    <entry id="21" name="cpd:C00011" type="compound"
        link="http://www.kegg.jp/dbget-bin/www_bget?C00011">
        <graphics name="C00011" fgcolor="#000000" bgcolor="#FFFFFF"
             type="circle" x="577" y="755" width="8" height="8"/>
    </entry>
    <entry id="22" name="hsa:2778" type="gene"
        link="http://www.kegg.jp/dbget-bin/www_bget?hsa:2778">
        <graphics name="GNAS, AHO, C20orf45, GNAS1, GPSA, GSA, GSP, NESP, POH, SCG6, SgVI" fgcolor="#000000" bgcolor="#BFFFBF"
             type="rectangle" x="297" y="515" width="46" height="17"/>
    </entry>
    <entry id="23" name="cpd:C00238" type="compound"
        link="http://www.kegg.jp/dbget-bin/www_bget?C00238">
        <graphics name="C00238" fgcolor="#000000" bgcolor="#FFFFFF"
             type="circle" x="786" y="542" width="8" height="8"/>
    </entry>
    <entry id="24" name="hsa:1080" type="gene"
        link="http://www.kegg.jp/dbget-bin/www_bget?hsa:1080">
        <graphics name="CFTR, ABC35, ABCC7, CF, CFTR/MRP, MRP7, TNR-CFTR, dJ760C5.1" fgcolor="#000000" bgcolor="#BFFFBF"
             type="rectangle" x="736" y="594" width="46" height="17"/>
    </entry>
    <entry id="25" name="cpd:C00698" type="compound"
        link="http://www.kegg.jp/dbget-bin/www_bget?C00698">
        <graphics name="C00698" fgcolor="#000000" bgcolor="#FFFFFF"
             type="circle" x="672" y="594" width="8" height="8"/>
    </entry>
    <entry id="26" name="hsa:3776 hsa:54207" type="gene"
        link="http://www.kegg.jp/dbget-bin/www_bget?hsa:3776+hsa:54207">
        <graphics name="KCNK2, K2p2.1, TPKC1, TREK, TREK-1, TREK1, hTREK-1c, hTREK-1e..." fgcolor="#000000" bgcolor="#BFFFBF"
             type="rectangle" x="224" y="642" width="46" height="17"/>
    </entry>
    <entry id="27" name="hsa:23439 hsa:476 hsa:477 hsa:478 hsa:480 hsa:481 hsa:482 hsa:483" type="gene"
        link="http://www.kegg.jp/dbget-bin/www_bget?hsa:23439+hsa:476+hsa:477+hsa:478+hsa:480+hsa:481+hsa:482+hsa:483">
        <graphics name="ATP1B4..." fgcolor="#000000" bgcolor="#BFFFBF"
             type="rectangle" x="224" y="681" width="46" height="17"/>
    </entry>
    <entry id="28" name="hsa:389015 hsa:6548" type="gene"
        link="http://www.kegg.jp/dbget-bin/www_bget?hsa:389015+hsa:6548">
        <graphics name="SLC9A4, NHE4..." fgcolor="#000000" bgcolor="#BFFFBF"
             type="rectangle" x="224" y="720" width="46" height="17"/>
    </entry>
    <entry id="29" name="hsa:115111 hsa:6522" type="gene"
        link="http://www.kegg.jp/dbget-bin/www_bget?hsa:115111+hsa:6522">
        <graphics name="SLC26A7, SUT2..." fgcolor="#000000" bgcolor="#BFFFBF"
             type="rectangle" x="224" y="765" width="46" height="17"/>
    </entry>
    <entry id="30" name="cpd:C00238" type="compound"
        link="http://www.kegg.jp/dbget-bin/www_bget?C00238">
        <graphics name="C00238" fgcolor="#000000" bgcolor="#FFFFFF"
             type="circle" x="276" y="640" width="8" height="8"/>
    </entry>
    <entry id="31" name="cpd:C00238" type="compound"
        link="http://www.kegg.jp/dbget-bin/www_bget?C00238">
        <graphics name="C00238" fgcolor="#000000" bgcolor="#FFFFFF"
             type="circle" x="170" y="676" width="8" height="8"/>
    </entry>
    <entry id="32" name="cpd:C01330" type="compound"
        link="http://www.kegg.jp/dbget-bin/www_bget?C01330">
        <graphics name="C01330" fgcolor="#000000" bgcolor="#FFFFFF"
             type="circle" x="276" y="685" width="8" height="8"/>
    </entry>
    <entry id="33" name="cpd:C01330" type="compound"
        link="http://www.kegg.jp/dbget-bin/www_bget?C01330">
        <graphics name="C01330" fgcolor="#000000" bgcolor="#FFFFFF"
             type="circle" x="170" y="717" width="8" height="8"/>
    </entry>
    <entry id="34" name="cpd:C00080" type="compound"
        link="http://www.kegg.jp/dbget-bin/www_bget?C00080">
        <graphics name="C00080" fgcolor="#000000" bgcolor="#FFFFFF"
             type="circle" x="276" y="725" width="8" height="8"/>
    </entry>
    <entry id="35" name="cpd:C00288" type="compound"
        link="http://www.kegg.jp/dbget-bin/www_bget?C00288">
        <graphics name="C00288" fgcolor="#000000" bgcolor="#FFFFFF"
             type="circle" x="276" y="768" width="8" height="8"/>
    </entry>
    <entry id="36" name="cpd:C00698" type="compound"
        link="http://www.kegg.jp/dbget-bin/www_bget?C00698">
        <graphics name="C00698" fgcolor="#000000" bgcolor="#FFFFFF"
             type="circle" x="170" y="760" width="8" height="8"/>
    </entry>
    <entry id="37" name="hsa:3784 hsa:9992" type="gene"
        link="http://www.kegg.jp/dbget-bin/www_bget?hsa:3784+hsa:9992">
        <graphics name="KCNQ1, ATFB1, ATFB3, JLNS1, KCNA8, KCNA9, KVLQT1, Kv1.9, Kv7.1, LQT, LQT1, RWS, SQT2, WRS..." fgcolor="#000000" bgcolor="#BFFFBF"
             type="rectangle" x="736" y="468" width="46" height="17"/>
    </entry>
    <entry id="38" name="cpd:C00238" type="compound"
        link="http://www.kegg.jp/dbget-bin/www_bget?C00238">
        <graphics name="C00238" fgcolor="#000000" bgcolor="#FFFFFF"
             type="circle" x="675" y="466" width="8" height="8"/>
    </entry>
    <entry id="39" name="hsa:7430" type="gene"
        link="http://www.kegg.jp/dbget-bin/www_bget?hsa:7430">
        <graphics name="EZR, CVIL, CVL, HEL-S-105, VIL2" fgcolor="#000000" bgcolor="#BFFFBF"
             type="rectangle" x="483" y="543" width="46" height="17"/>
    </entry>
    <entry id="40" name="cpd:C01353" type="compound"
        link="http://www.kegg.jp/dbget-bin/www_bget?C01353">
        <graphics name="C01353" fgcolor="#000000" bgcolor="#FFFFFF"
             type="circle" x="474" y="735" width="8" height="8"/>
    </entry>
    <entry id="41" name="hsa:760" type="gene"
        link="http://www.kegg.jp/dbget-bin/www_bget?hsa:760">
        <graphics name="CA2, CA-II, CAC, CAII, Car2, HEL-76, HEL-S-282" fgcolor="#000000" bgcolor="#BFFFBF"
             type="rectangle" x="562" y="735" width="46" height="17"/>
    </entry>
    <entry id="42" name="cpd:C00011" type="compound"
        link="http://www.kegg.jp/dbget-bin/www_bget?C00011">
        <graphics name="C00011" fgcolor="#000000" bgcolor="#FFFFFF"
             type="circle" x="148" y="811" width="8" height="8"/>
    </entry>
    <entry id="43" name="cpd:C00080" type="compound"
        link="http://www.kegg.jp/dbget-bin/www_bget?C00080">
        <graphics name="C00080" fgcolor="#000000" bgcolor="#FFFFFF"
             type="circle" x="387" y="711" width="8" height="8"/>
    </entry>
    <entry id="44" name="hsa:2770 hsa:2771 hsa:2773" type="gene"
        link="http://www.kegg.jp/dbget-bin/www_bget?hsa:2770+hsa:2771+hsa:2773">
        <graphics name="GNAI1, Gi..." fgcolor="#000000" bgcolor="#BFFFBF"
             type="rectangle" x="298" y="573" width="46" height="17"/>
    </entry>
    <entry id="45" name="hsa:6752" type="gene"
        link="http://www.kegg.jp/dbget-bin/www_bget?hsa:6752">
        <graphics name="SSTR2" fgcolor="#000000" bgcolor="#BFFFBF"
             type="rectangle" x="224" y="594" width="46" height="17"/>
    </entry>
    <entry id="46" name="hsa:6750" type="gene"
        link="http://www.kegg.jp/dbget-bin/www_bget?hsa:6750">
        <graphics name="SST, SMST" fgcolor="#000000" bgcolor="#BFFFBF"
             type="rectangle" x="144" y="594" width="46" height="17"/>
    </entry>
    <entry id="47" name="hsa:495 hsa:496" type="gene"
        link="http://www.kegg.jp/dbget-bin/www_bget?hsa:495+hsa:496">
        <graphics name="ATP4A, ATP6A..." fgcolor="#000000" bgcolor="#BFFFBF"
             type="rectangle" x="581" y="544" width="46" height="17"/>
    </entry>
    <entry id="48" name="path:hsa04020" type="map"
        link="http://www.kegg.jp/dbget-bin/www_bget?hsa04020">
        <graphics name="Calcium signaling pathway" fgcolor="#000000" bgcolor="#FFFFFF"
             type="roundrectangle" x="321" y="444" width="114" height="34"/>
    </entry>
    <entry id="49" name="hsa:3758 hsa:3759 hsa:3766 hsa:3772 hsa:3773" type="gene"
        link="http://www.kegg.jp/dbget-bin/www_bget?hsa:3758+hsa:3759+hsa:3766+hsa:3772+hsa:3773">
        <graphics name="KCNJ1, KIR1.1, ROMK, ROMK1..." fgcolor="#000000" bgcolor="#BFFFBF"
             type="rectangle" x="736" y="507" width="46" height="17"/>
    </entry>
    <entry id="50" name="cpd:C00238" type="compound"
        link="http://www.kegg.jp/dbget-bin/www_bget?C00238">
        <graphics name="C00238" fgcolor="#000000" bgcolor="#FFFFFF"
             type="circle" x="675" y="504" width="8" height="8"/>
    </entry>
    <entry id="51" name="path:hsa04530" type="map"
        link="http://www.kegg.jp/dbget-bin/www_bget?hsa04530">
        <graphics name="Tight junction" fgcolor="#000000" bgcolor="#FFFFFF"
             type="roundrectangle" x="731" y="173" width="108" height="25"/>
    </entry>
    <entry id="52" name="hsa:7430" type="gene"
        link="http://www.kegg.jp/dbget-bin/www_bget?hsa:7430">
        <graphics name="EZR, CVIL, CVL, HEL-S-105, VIL2" fgcolor="#000000" bgcolor="#BFFFBF"
             type="rectangle" x="630" y="355" width="46" height="17"/>
    </entry>
    <entry id="53" name="hsa:60" type="gene"
        link="http://www.kegg.jp/dbget-bin/www_bget?hsa:60">
        <graphics name="ACTB, BRWS1, PS1TP5BP1" fgcolor="#000000" bgcolor="#BFFFBF"
             type="rectangle" x="698" y="323" width="46" height="17"/>
    </entry>
    <entry id="54" name="hsa:163688 hsa:51806 hsa:801 hsa:805 hsa:808 hsa:810 hsa:91860" type="gene"
        link="http://www.kegg.jp/dbget-bin/www_bget?hsa:163688+hsa:51806+hsa:801+hsa:805+hsa:808+hsa:810+hsa:91860">
        <graphics name="CALML6, CAGLP..." fgcolor="#000000" bgcolor="#BFFFBF"
             type="rectangle" x="423" y="427" width="46" height="17"/>
    </entry>
    <entry id="55" name="hsa:340156 hsa:4638 hsa:85366 hsa:91807" type="gene"
        link="http://www.kegg.jp/dbget-bin/www_bget?hsa:340156+hsa:4638+hsa:85366+hsa:91807">
        <graphics name="MYLK4, SgK085..." fgcolor="#000000" bgcolor="#BFFFBF"
             type="rectangle" x="479" y="462" width="46" height="17"/>
    </entry>
    <entry id="56" name="hsa:815 hsa:816 hsa:817 hsa:818" type="gene"
        link="http://www.kegg.jp/dbget-bin/www_bget?hsa:815+hsa:816+hsa:817+hsa:818">
        <graphics name="CAMK2A, CAMKA..." fgcolor="#000000" bgcolor="#BFFFBF"
             type="rectangle" x="423" y="462" width="46" height="17"/>
    </entry>
    <entry id="57" name="path:hsa04974" type="map"
        link="http://www.kegg.jp/dbget-bin/www_bget?hsa04974">
        <graphics name="Protein digestion and absorption" fgcolor="#000000" bgcolor="#FFFFFF"
             type="roundrectangle" x="864" y="639" width="114" height="34"/>
    </entry>
    <relation entry1="19" entry2="3" type="PPrel">
        <subtype name="activation" value="--&gt;"/>
    </relation>
    <relation entry1="3" entry2="8" type="PPrel">
        <subtype name="activation" value="--&gt;"/>
    </relation>
    <relation entry1="18" entry2="4" type="PCrel">
        <subtype name="activation" value="--&gt;"/>
    </relation>
    <relation entry1="4" entry2="8" type="PPrel">
        <subtype name="activation" value="--&gt;"/>
    </relation>
    <relation entry1="8" entry2="9" type="PPrel">
        <subtype name="activation" value="--&gt;"/>
    </relation>
    <relation entry1="14" entry2="9" type="PCrel">
        <subtype name="activation" value="--&gt;"/>
    </relation>
    <relation entry1="14" entry2="15" type="PCrel">
        <subtype name="activation" value="--&gt;"/>
    </relation>
    <relation entry1="9" entry2="11" type="PCrel">
        <subtype name="activation" value="--&gt;"/>
    </relation>
    <relation entry1="11" entry2="10" type="PCrel">
        <subtype name="activation" value="--&gt;"/>
    </relation>
    <relation entry1="12" entry2="54" type="PCrel">
        <subtype name="activation" value="--&gt;"/>
    </relation>
    <relation entry1="54" entry2="56" type="PPrel">
        <subtype name="activation" value="--&gt;"/>
    </relation>
    <relation entry1="54" entry2="55" type="PPrel">
        <subtype name="activation" value="--&gt;"/>
    </relation>
    <relation entry1="2" entry2="13" type="PCrel">
        <subtype name="activation" value="--&gt;"/>
    </relation>
    <relation entry1="13" entry2="22" type="PPrel">
        <subtype name="activation" value="--&gt;"/>
    </relation>
    <relation entry1="22" entry2="5" type="PPrel">
        <subtype name="activation" value="--&gt;"/>
    </relation>
    <relation entry1="5" entry2="6" type="PCrel">
        <subtype name="activation" value="--&gt;"/>
    </relation>
    <relation entry1="6" entry2="7" type="PCrel">
        <subtype name="activation" value="--&gt;"/>
    </relation>
    <relation entry1="46" entry2="45" type="PPrel">
        <subtype name="activation" value="--&gt;"/>
    </relation>
    <relation entry1="45" entry2="44" type="PPrel">
        <subtype name="activation" value="--&gt;"/>
    </relation>
    <relation entry1="15" entry2="52" type="PPrel">
        <subtype name="activation" value="--&gt;"/>
        <subtype name="phosphorylation" value="+p"/>
    </relation>
    <relation entry1="7" entry2="39" type="PPrel">
        <subtype name="activation" value="--&gt;"/>
        <subtype name="phosphorylation" value="+p"/>
    </relation>
    <relation entry1="52" entry2="53" type="PPrel">
        <subtype name="binding/association" value="---"/>
    </relation>
    <relation entry1="44" entry2="5" type="PPrel">
        <subtype name="inhibition" value="--|"/>
    </relation>
    <relation entry1="6" entry2="37" type="PCrel">
        <subtype name="activation" value="--&gt;"/>
        <subtype name="indirect effect" value="..&gt;"/>
    </relation>
    <relation entry1="6" entry2="49" type="PCrel">
        <subtype name="activation" value="--&gt;"/>
        <subtype name="indirect effect" value="..&gt;"/>
    </relation>
</pathway>
