<?xml version="1.0"?>
<!DOCTYPE pathway SYSTEM "http://www.kegg.jp/kegg/xml/KGML_v0.7.2_.dtd">
<!-- Creation date: Nov 9, 2018 09:48:56 +0900 (GMT+9) -->
<pathway name="path:hsa04146" org="hsa" number="04146"
         title="Peroxisome"
         image="http://www.kegg.jp/kegg/pathway/hsa/hsa04146.png"
         link="http://www.kegg.jp/kegg-bin/show_pathway?hsa04146">
    <entry id="1" name="path:hsa04146" type="map"
        link="http://www.kegg.jp/dbget-bin/www_bget?hsa04146">
        <graphics name="TITLE:Peroxisome" fgcolor="#000000" bgcolor="#FFFFFF"
             type="roundrectangle" x="100" y="58" width="120" height="25"/>
    </entry>
    <entry id="2" name="hsa:5195" type="gene"
        link="http://www.kegg.jp/dbget-bin/www_bget?hsa:5195">
        <graphics name="PEX14, NAPP2, PBD13A, Pex14p, dJ734G22.2" fgcolor="#000000" bgcolor="#BFFFBF"
             type="rectangle" x="617" y="221" width="46" height="17"/>
    </entry>
    <entry id="3" name="hsa:5828" type="gene"
        link="http://www.kegg.jp/dbget-bin/www_bget?hsa:5828">
        <graphics name="PEX2, PAF1, PBD5A, PBD5B, PMP3, PMP35, PXMP3, RNF72, ZWS3" fgcolor="#000000" bgcolor="#BFFFBF"
             type="rectangle" x="386" y="221" width="46" height="17"/>
    </entry>
    <entry id="4" name="hsa:5189" type="gene"
        link="http://www.kegg.jp/dbget-bin/www_bget?hsa:5189">
        <graphics name="PEX1, HMLR1, PBD1A, PBD1B, ZWS, ZWS1" fgcolor="#000000" bgcolor="#BFFFBF"
             type="rectangle" x="221" y="193" width="46" height="17"/>
    </entry>
    <entry id="5" name="hsa:5190" type="gene"
        link="http://www.kegg.jp/dbget-bin/www_bget?hsa:5190">
        <graphics name="PEX6, HMLR2, PAF-2, PAF2, PBD4A, PDB4B, PXAAA1" fgcolor="#000000" bgcolor="#BFFFBF"
             type="rectangle" x="267" y="193" width="46" height="17"/>
    </entry>
    <entry id="6" name="hsa:55670" type="gene"
        link="http://www.kegg.jp/dbget-bin/www_bget?hsa:55670">
        <graphics name="PEX26, PBD7A, PBD7B, PEX26M1T, Pex26pM1T" fgcolor="#000000" bgcolor="#BFFFBF"
             type="rectangle" x="267" y="221" width="46" height="17"/>
    </entry>
    <entry id="7" name="hsa:5194" type="gene"
        link="http://www.kegg.jp/dbget-bin/www_bget?hsa:5194">
        <graphics name="PEX13, NALD, PBD11A, PBD11B, ZWS" fgcolor="#000000" bgcolor="#BFFFBF"
             type="rectangle" x="571" y="221" width="46" height="17"/>
    </entry>
    <entry id="8" name="hsa:5192" type="gene"
        link="http://www.kegg.jp/dbget-bin/www_bget?hsa:5192">
        <graphics name="PEX10, NALD, PBD6A, PBD6B, RNF69" fgcolor="#000000" bgcolor="#BFFFBF"
             type="rectangle" x="431" y="221" width="46" height="17"/>
    </entry>
    <entry id="9" name="hsa:5193" type="gene"
        link="http://www.kegg.jp/dbget-bin/www_bget?hsa:5193">
        <graphics name="PEX12, PAF-3, PBD3A" fgcolor="#000000" bgcolor="#BFFFBF"
             type="rectangle" x="476" y="221" width="46" height="17"/>
    </entry>
    <entry id="10" name="hsa:51555 hsa:5830" type="gene"
        link="http://www.kegg.jp/dbget-bin/www_bget?hsa:51555+hsa:5830">
        <graphics name="PEX5L, PEX5R, PEX5RP, PXR2, PXR2B, TRIP8b..." fgcolor="#000000" bgcolor="#BFFFBF"
             type="rectangle" x="619" y="150" width="46" height="17"/>
    </entry>
    <entry id="11" name="hsa:5191" type="gene"
        link="http://www.kegg.jp/dbget-bin/www_bget?hsa:5191">
        <graphics name="PEX7, PBD9B, PTS2R, RCDP1, RD" fgcolor="#000000" bgcolor="#BFFFBF"
             type="rectangle" x="550" y="150" width="46" height="17"/>
    </entry>
    <entry id="12" name="hsa:5824" type="gene"
        link="http://www.kegg.jp/dbget-bin/www_bget?hsa:5824">
        <graphics name="PEX19, D1S2223E, HK33, PBD12A, PMP1, PMPI, PXF, PXMP1" fgcolor="#000000" bgcolor="#BFFFBF"
             type="rectangle" x="175" y="302" width="46" height="17"/>
    </entry>
    <entry id="13" name="hsa:8799 hsa:8800 hsa:92960" type="gene"
        link="http://www.kegg.jp/dbget-bin/www_bget?hsa:8799+hsa:8800+hsa:92960">
        <graphics name="PEX11B, PEX11-BETA, PEX14B..." fgcolor="#000000" bgcolor="#BFFFBF"
             type="rectangle" x="626" y="436" width="46" height="17"/>
    </entry>
    <entry id="14" name="hsa:9409" type="gene"
        link="http://www.kegg.jp/dbget-bin/www_bget?hsa:9409">
        <graphics name="PEX16, PBD8A, PBD8B" fgcolor="#000000" bgcolor="#BFFFBF"
             type="rectangle" x="151" y="222" width="46" height="17"/>
    </entry>
    <entry id="15" name="hsa:8504" type="gene"
        link="http://www.kegg.jp/dbget-bin/www_bget?hsa:8504">
        <graphics name="PEX3, PBD10A, PBD10B, TRG18" fgcolor="#000000" bgcolor="#BFFFBF"
             type="rectangle" x="151" y="239" width="46" height="17"/>
    </entry>
    <entry id="16" name="hsa:5825" type="gene"
        link="http://www.kegg.jp/dbget-bin/www_bget?hsa:5825">
        <graphics name="ABCD3, ABC43, CBAS5, PMP70, PXMP1, ZWS2" fgcolor="#000000" bgcolor="#BFFFBF"
             type="rectangle" x="232" y="302" width="46" height="17"/>
    </entry>
    <entry id="17" name="hsa:51555 hsa:5830" type="gene"
        link="http://www.kegg.jp/dbget-bin/www_bget?hsa:51555+hsa:5830">
        <graphics name="PEX5L, PEX5R, PEX5RP, PXR2, PXR2B, TRIP8b..." fgcolor="#000000" bgcolor="#BFFFBF"
             type="rectangle" x="267" y="170" width="46" height="17"/>
    </entry>
    <entry id="18" name="hsa:8443" type="gene"
        link="http://www.kegg.jp/dbget-bin/www_bget?hsa:8443">
        <graphics name="GNPAT, DAP-AT, DAPAT, DHAPAT, RCDP2" fgcolor="#000000" bgcolor="#BFFFBF"
             type="rectangle" x="373" y="609" width="46" height="17"/>
    </entry>
    <entry id="19" name="hsa:8540" type="gene"
        link="http://www.kegg.jp/dbget-bin/www_bget?hsa:8540">
        <graphics name="AGPS, ADAP-S, ADAS, ADHAPS, ADPS, ALDHPSY, RCDP3" fgcolor="#000000" bgcolor="#BFFFBF"
             type="rectangle" x="372" y="649" width="46" height="17"/>
    </entry>
    <entry id="20" name="hsa:5264" type="gene"
        link="http://www.kegg.jp/dbget-bin/www_bget?hsa:5264">
        <graphics name="PHYH, LN1, LNAP1, PAHX, PHYH1, RD" fgcolor="#000000" bgcolor="#BFFFBF"
             type="rectangle" x="133" y="609" width="46" height="17"/>
    </entry>
    <entry id="21" name="hsa:30" type="gene"
        link="http://www.kegg.jp/dbget-bin/www_bget?hsa:30">
        <graphics name="ACAA1, ACAA, PTHIO, THIO" fgcolor="#000000" bgcolor="#BFFFBF"
             type="rectangle" x="133" y="769" width="46" height="17"/>
    </entry>
    <entry id="22" name="hsa:51 hsa:8309 hsa:8310" type="gene"
        link="http://www.kegg.jp/dbget-bin/www_bget?hsa:51+hsa:8309+hsa:8310">
        <graphics name="ACOX1, ACOX, PALMCOX, SCOX..." fgcolor="#000000" bgcolor="#BFFFBF"
             type="rectangle" x="73" y="674" width="46" height="17"/>
    </entry>
    <entry id="23" name="hsa:3295" type="gene"
        link="http://www.kegg.jp/dbget-bin/www_bget?hsa:3295">
        <graphics name="HSD17B4, DBP, MFE-2, MPF-2, PRLTS1, SDR8C1" fgcolor="#000000" bgcolor="#BFFFBF"
             type="rectangle" x="73" y="694" width="46" height="17"/>
    </entry>
    <entry id="24" name="hsa:847" type="gene"
        link="http://www.kegg.jp/dbget-bin/www_bget?hsa:847">
        <graphics name="CAT" fgcolor="#000000" bgcolor="#BFFFBF"
             type="rectangle" x="633" y="609" width="46" height="17"/>
    </entry>
    <entry id="25" name="hsa:6342" type="gene"
        link="http://www.kegg.jp/dbget-bin/www_bget?hsa:6342">
        <graphics name="SCP2, NLTP, NSL-TP, SCP-2, SCP-CHI, SCP-X, SCPX" fgcolor="#000000" bgcolor="#BFFFBF"
             type="rectangle" x="73" y="714" width="46" height="17"/>
    </entry>
    <entry id="26" name="hsa:51268" type="gene"
        link="http://www.kegg.jp/dbget-bin/www_bget?hsa:51268">
        <graphics name="PIPOX, LPIPOX" fgcolor="#000000" bgcolor="#BFFFBF"
             type="rectangle" x="423" y="914" width="46" height="17"/>
    </entry>
    <entry id="27" name="hsa:189" type="gene"
        link="http://www.kegg.jp/dbget-bin/www_bget?hsa:189">
        <graphics name="AGXT, AGT, AGT1, AGXT1, PH1, SPAT, SPT, TLH6" fgcolor="#000000" bgcolor="#BFFFBF"
             type="rectangle" x="373" y="894" width="46" height="17"/>
    </entry>
    <entry id="28" name="hsa:23600" type="gene"
        link="http://www.kegg.jp/dbget-bin/www_bget?hsa:23600">
        <graphics name="AMACR, AMACRD, CBAS4, P504S, RACE, RM" fgcolor="#000000" bgcolor="#BFFFBF"
             type="rectangle" x="73" y="654" width="46" height="17"/>
    </entry>
    <entry id="29" name="hsa:4598" type="gene"
        link="http://www.kegg.jp/dbget-bin/www_bget?hsa:4598">
        <graphics name="MVK, LRBP, MK, MVLK, POROK3" fgcolor="#000000" bgcolor="#BFFFBF"
             type="rectangle" x="373" y="771" width="46" height="17"/>
    </entry>
    <entry id="30" name="hsa:1891" type="gene"
        link="http://www.kegg.jp/dbget-bin/www_bget?hsa:1891">
        <graphics name="ECH1, HPXEL" fgcolor="#000000" bgcolor="#BFFFBF"
             type="rectangle" x="73" y="849" width="46" height="17"/>
    </entry>
    <entry id="31" name="hsa:196743" type="gene"
        link="http://www.kegg.jp/dbget-bin/www_bget?hsa:196743">
        <graphics name="PAOX, PAO" fgcolor="#000000" bgcolor="#BFFFBF"
             type="rectangle" x="373" y="914" width="46" height="17"/>
    </entry>
    <entry id="32" name="path:hsa00900" type="map"
        link="http://www.kegg.jp/dbget-bin/www_bget?hsa00900">
        <graphics name="Terpenoid backbone biosynthesis" fgcolor="#000000" bgcolor="#FFFFFF"
             type="roundrectangle" x="468" y="774" width="105" height="34"/>
    </entry>
    <entry id="33" name="hsa:10654" type="gene"
        link="http://www.kegg.jp/dbget-bin/www_bget?hsa:10654">
        <graphics name="PMVK, HUMPMKI, PMK, PMKA, PMKASE, POROK1" fgcolor="#000000" bgcolor="#BFFFBF"
             type="rectangle" x="373" y="791" width="46" height="17"/>
    </entry>
    <entry id="34" name="hsa:54677" type="gene"
        link="http://www.kegg.jp/dbget-bin/www_bget?hsa:54677">
        <graphics name="CROT, COT" fgcolor="#000000" bgcolor="#BFFFBF"
             type="rectangle" x="173" y="914" width="46" height="17"/>
    </entry>
    <entry id="35" name="path:hsa00120" type="map"
        link="http://www.kegg.jp/dbget-bin/www_bget?hsa00120">
        <graphics name="Primary bile acid biosynthesis" fgcolor="#000000" bgcolor="#FFFFFF"
             type="roundrectangle" x="214" y="685" width="120" height="34"/>
    </entry>
    <entry id="36" name="hsa:570" type="gene"
        link="http://www.kegg.jp/dbget-bin/www_bget?hsa:570">
        <graphics name="BAAT, BACAT, BAT" fgcolor="#000000" bgcolor="#BFFFBF"
             type="rectangle" x="73" y="734" width="46" height="17"/>
    </entry>
    <entry id="37" name="path:hsa00565" type="map"
        link="http://www.kegg.jp/dbget-bin/www_bget?hsa00565">
        <graphics name="Ether lipid metabolism" fgcolor="#000000" bgcolor="#FFFFFF"
             type="roundrectangle" x="470" y="642" width="110" height="34"/>
    </entry>
    <entry id="38" name="path:hsa00071" type="map"
        link="http://www.kegg.jp/dbget-bin/www_bget?hsa00071">
        <graphics name="Fatty acid degradation" fgcolor="#000000" bgcolor="#FFFFFF"
             type="roundrectangle" x="225" y="597" width="95" height="34"/>
    </entry>
    <entry id="39" name="hsa:3155 hsa:54511" type="gene"
        link="http://www.kegg.jp/dbget-bin/www_bget?hsa:3155+hsa:54511">
        <graphics name="HMGCL, HL..." fgcolor="#000000" bgcolor="#BFFFBF"
             type="rectangle" x="473" y="914" width="46" height="17"/>
    </entry>
    <entry id="40" name="path:hsa00564" type="map"
        link="http://www.kegg.jp/dbget-bin/www_bget?hsa00564">
        <graphics name="Glycerophospholipid metabolism" fgcolor="#000000" bgcolor="#FFFFFF"
             type="roundrectangle" x="470" y="597" width="110" height="34"/>
    </entry>
    <entry id="41" name="path:hsa03320" type="map"
        link="http://www.kegg.jp/dbget-bin/www_bget?hsa03320">
        <graphics name="PPAR signaling pathway" fgcolor="#000000" bgcolor="#FFFFFF"
             type="roundrectangle" x="227" y="642" width="95" height="34"/>
    </entry>
    <entry id="42" name="hsa:1384" type="gene"
        link="http://www.kegg.jp/dbget-bin/www_bget?hsa:1384">
        <graphics name="CRAT, CAT, CAT1, NBIA8" fgcolor="#000000" bgcolor="#BFFFBF"
             type="rectangle" x="123" y="914" width="46" height="17"/>
    </entry>
    <entry id="43" name="hsa:1610" type="gene"
        link="http://www.kegg.jp/dbget-bin/www_bget?hsa:1610">
        <graphics name="DAO, DAAO, DAMOX, OXDA" fgcolor="#000000" bgcolor="#BFFFBF"
             type="rectangle" x="423" y="894" width="46" height="17"/>
    </entry>
    <entry id="44" name="hsa:8528" type="gene"
        link="http://www.kegg.jp/dbget-bin/www_bget?hsa:8528">
        <graphics name="DDO, DASOX, DDO-1, DDO-2" fgcolor="#000000" bgcolor="#BFFFBF"
             type="rectangle" x="473" y="894" width="46" height="17"/>
    </entry>
    <entry id="45" name="hsa:10901 hsa:728635" type="gene"
        link="http://www.kegg.jp/dbget-bin/www_bget?hsa:10901+hsa:728635">
        <graphics name="DHRS4, CR, NRDR, PHCR, PSCD, SCAD-SRL, SDR-SRL, SDR25C1, SDR25C2..." fgcolor="#000000" bgcolor="#BFFFBF"
             type="rectangle" x="633" y="892" width="46" height="17"/>
    </entry>
    <entry id="46" name="hsa:23417" type="gene"
        link="http://www.kegg.jp/dbget-bin/www_bget?hsa:23417">
        <graphics name="MLYCD, MCD" fgcolor="#000000" bgcolor="#BFFFBF"
             type="rectangle" x="223" y="914" width="46" height="17"/>
    </entry>
    <entry id="47" name="hsa:26061" type="gene"
        link="http://www.kegg.jp/dbget-bin/www_bget?hsa:26061">
        <graphics name="HACL1, 2-HPCL, HPCL, HPCL2, PHYH2" fgcolor="#000000" bgcolor="#BFFFBF"
             type="rectangle" x="73" y="609" width="46" height="17"/>
    </entry>
    <entry id="48" name="hsa:1962" type="gene"
        link="http://www.kegg.jp/dbget-bin/www_bget?hsa:1962">
        <graphics name="EHHADH, ECHD, FRTS3, L-PBE, LBFP, LBP, PBFE" fgcolor="#000000" bgcolor="#BFFFBF"
             type="rectangle" x="73" y="769" width="46" height="17"/>
    </entry>
    <entry id="49" name="hsa:55825" type="gene"
        link="http://www.kegg.jp/dbget-bin/www_bget?hsa:55825">
        <graphics name="PECR, DCRRP, HPDHASE, HSA250303, PVIARL, SDR29C1, TERP" fgcolor="#000000" bgcolor="#BFFFBF"
             type="rectangle" x="73" y="894" width="46" height="17"/>
    </entry>
    <entry id="50" name="hsa:10455" type="gene"
        link="http://www.kegg.jp/dbget-bin/www_bget?hsa:10455">
        <graphics name="ECI2, ACBD2, DRS-1, DRS1, HCA88, PECI, dJ1013A10.3" fgcolor="#000000" bgcolor="#BFFFBF"
             type="rectangle" x="123" y="894" width="46" height="17"/>
    </entry>
    <entry id="51" name="hsa:83594" type="gene"
        link="http://www.kegg.jp/dbget-bin/www_bget?hsa:83594">
        <graphics name="NUDT12" fgcolor="#000000" bgcolor="#BFFFBF"
             type="rectangle" x="223" y="894" width="46" height="17"/>
    </entry>
    <entry id="52" name="hsa:10005" type="gene"
        link="http://www.kegg.jp/dbget-bin/www_bget?hsa:10005">
        <graphics name="ACOT8, HNAACTE, NAP1, PTE-1, PTE-2, PTE1, PTE2, hACTE-III, hTE" fgcolor="#000000" bgcolor="#BFFFBF"
             type="rectangle" x="73" y="914" width="46" height="17"/>
    </entry>
    <entry id="53" name="hsa:390916" type="gene"
        link="http://www.kegg.jp/dbget-bin/www_bget?hsa:390916">
        <graphics name="NUDT19, RP2" fgcolor="#000000" bgcolor="#BFFFBF"
             type="rectangle" x="273" y="894" width="46" height="17"/>
    </entry>
    <entry id="54" name="hsa:26063" type="gene"
        link="http://www.kegg.jp/dbget-bin/www_bget?hsa:26063">
        <graphics name="DECR2, PDCR, SDR17C1" fgcolor="#000000" bgcolor="#BFFFBF"
             type="rectangle" x="73" y="829" width="46" height="17"/>
    </entry>
    <entry id="55" name="hsa:215 hsa:225 hsa:5825 hsa:5826" type="gene"
        link="http://www.kegg.jp/dbget-bin/www_bget?hsa:215+hsa:225+hsa:5825+hsa:5826">
        <graphics name="ABCD1, ABC42, ALD, ALDP, AMN..." fgcolor="#000000" bgcolor="#BFFFBF"
             type="rectangle" x="133" y="829" width="46" height="17"/>
    </entry>
    <entry id="56" name="hsa:2180 hsa:2181 hsa:2182 hsa:23305 hsa:51703" type="gene"
        link="http://www.kegg.jp/dbget-bin/www_bget?hsa:2180+hsa:2181+hsa:2182+hsa:23305+hsa:51703">
        <graphics name="ACSL1, ACS1, FACL1, FACL2, LACS, LACS1, LACS2..." fgcolor="#000000" bgcolor="#BFFFBF"
             type="rectangle" x="133" y="849" width="46" height="17"/>
    </entry>
    <entry id="57" name="hsa:11001" type="gene"
        link="http://www.kegg.jp/dbget-bin/www_bget?hsa:11001">
        <graphics name="SLC27A2, ACSVL1, FACVL1, FATP2, HsT17226, VLACS, VLCS, hFACVL1" fgcolor="#000000" bgcolor="#BFFFBF"
             type="rectangle" x="183" y="829" width="46" height="17"/>
    </entry>
    <entry id="58" name="hsa:3417 hsa:3418" type="gene"
        link="http://www.kegg.jp/dbget-bin/www_bget?hsa:3417+hsa:3418">
        <graphics name="IDH1, HEL-216, HEL-S-26, IDCD, IDH, IDP, IDPC, PICD..." fgcolor="#000000" bgcolor="#BFFFBF"
             type="rectangle" x="523" y="894" width="46" height="17"/>
    </entry>
    <entry id="59" name="hsa:51179 hsa:54363" type="gene"
        link="http://www.kegg.jp/dbget-bin/www_bget?hsa:51179+hsa:54363">
        <graphics name="HAO2, GIG16, HAOX2..." fgcolor="#000000" bgcolor="#BFFFBF"
             type="rectangle" x="523" y="914" width="46" height="17"/>
    </entry>
    <entry id="60" name="path:hsa00230" type="map"
        link="http://www.kegg.jp/dbget-bin/www_bget?hsa00230">
        <graphics name="Purine metabolism" fgcolor="#000000" bgcolor="#FFFFFF"
             type="roundrectangle" x="730" y="825" width="110" height="34"/>
    </entry>
    <entry id="61" name="hsa:7498" type="gene"
        link="http://www.kegg.jp/dbget-bin/www_bget?hsa:7498">
        <graphics name="XDH, XAN1, XO, XOR" fgcolor="#000000" bgcolor="#BFFFBF"
             type="rectangle" x="633" y="821" width="46" height="16"/>
    </entry>
    <entry id="62" name="hsa:55711 hsa:84188" type="gene"
        link="http://www.kegg.jp/dbget-bin/www_bget?hsa:55711+hsa:84188">
        <graphics name="FAR2, HEL-S-81, MLSTD1, SDR10E2..." fgcolor="#000000" bgcolor="#BFFFBF"
             type="rectangle" x="373" y="694" width="46" height="17"/>
    </entry>
    <entry id="63" name="path:hsa00830" type="map"
        link="http://www.kegg.jp/dbget-bin/www_bget?hsa00830">
        <graphics name="Retinol metabolism" fgcolor="#000000" bgcolor="#FFFFFF"
             type="roundrectangle" x="730" y="899" width="110" height="34"/>
    </entry>
    <entry id="64" name="hsa:25824" type="gene"
        link="http://www.kegg.jp/dbget-bin/www_bget?hsa:25824">
        <graphics name="PRDX5, ACR1, AOEB166, B166, HEL-S-55, PLP, PMP20, PRDX6, PRXV, SBBI10, prx-V" fgcolor="#000000" bgcolor="#BFFFBF"
             type="rectangle" x="633" y="629" width="46" height="17"/>
    </entry>
    <entry id="65" name="hsa:6647 hsa:6648" type="gene"
        link="http://www.kegg.jp/dbget-bin/www_bget?hsa:6647+hsa:6648">
        <graphics name="SOD1, ALS, ALS1, HEL-S-44, IPOA, SOD, hSod1, homodimer..." fgcolor="#000000" bgcolor="#BFFFBF"
             type="rectangle" x="684" y="609" width="46" height="17"/>
    </entry>
    <entry id="66" name="hsa:373156" type="gene"
        link="http://www.kegg.jp/dbget-bin/www_bget?hsa:373156">
        <graphics name="GSTK1, GST, GST_13-13, GST13, GST13-13, GSTK1-1, hGSTK1" fgcolor="#000000" bgcolor="#BFFFBF"
             type="rectangle" x="633" y="764" width="46" height="17"/>
    </entry>
    <entry id="67" name="hsa:2053" type="gene"
        link="http://www.kegg.jp/dbget-bin/www_bget?hsa:2053">
        <graphics name="EPHX2, CEH, SEH" fgcolor="#000000" bgcolor="#BFFFBF"
             type="rectangle" x="633" y="694" width="46" height="17"/>
    </entry>
    <entry id="68" name="hsa:4843" type="gene"
        link="http://www.kegg.jp/dbget-bin/www_bget?hsa:4843">
        <graphics name="NOS2, HEP-NOS, INOS, NOS, NOS2A" fgcolor="#000000" bgcolor="#BFFFBF"
             type="rectangle" x="734" y="609" width="46" height="17"/>
    </entry>
    <entry id="69" name="hsa:5052" type="gene"
        link="http://www.kegg.jp/dbget-bin/www_bget?hsa:5052">
        <graphics name="PRDX1, MSP23, NKEF-A, NKEFA, PAG, PAGA, PAGB, PRX1, PRXI, TDPX2" fgcolor="#000000" bgcolor="#BFFFBF"
             type="rectangle" x="684" y="629" width="46" height="17"/>
    </entry>
    <entry id="70" name="hsa:5827" type="gene"
        link="http://www.kegg.jp/dbget-bin/www_bget?hsa:5827">
        <graphics name="PXMP2, PMP22" fgcolor="#000000" bgcolor="#BFFFBF"
             type="rectangle" x="293" y="435" width="46" height="17"/>
    </entry>
    <entry id="71" name="hsa:255027 hsa:4358 hsa:84769" type="gene"
        link="http://www.kegg.jp/dbget-bin/www_bget?hsa:255027+hsa:4358+hsa:84769">
        <graphics name="MPV17L, M-LPH, MLPH1, MLPH2, MPV17L1..." fgcolor="#000000" bgcolor="#BFFFBF"
             type="rectangle" x="366" y="435" width="46" height="17"/>
    </entry>
    <entry id="72" name="hsa:11264" type="gene"
        link="http://www.kegg.jp/dbget-bin/www_bget?hsa:11264">
        <graphics name="PXMP4, PMP24" fgcolor="#000000" bgcolor="#BFFFBF"
             type="rectangle" x="438" y="435" width="46" height="17"/>
    </entry>
    <entry id="73" name="hsa:10478" type="gene"
        link="http://www.kegg.jp/dbget-bin/www_bget?hsa:10478">
        <graphics name="SLC25A17, PMP34" fgcolor="#000000" bgcolor="#BFFFBF"
             type="rectangle" x="701" y="312" width="46" height="17"/>
    </entry>
    <entry id="74" name="hsa:283927" type="gene"
        link="http://www.kegg.jp/dbget-bin/www_bget?hsa:283927">
        <graphics name="NUDT7" fgcolor="#000000" bgcolor="#BFFFBF"
             type="rectangle" x="173" y="894" width="46" height="17"/>
    </entry>
    <relation entry1="11" entry2="10" type="PPrel">
    </relation>
    <relation entry1="10" entry2="2" type="PPrel">
    </relation>
    <relation entry1="5" entry2="6" type="PPrel">
    </relation>
    <relation entry1="4" entry2="5" type="PPrel">
    </relation>
    <relation entry1="7" entry2="2" type="PPrel">
    </relation>
</pathway>
