<?xml version="1.0"?>
<!DOCTYPE pathway SYSTEM "http://www.kegg.jp/kegg/xml/KGML_v0.7.2_.dtd">
<!-- Creation date: Mar 15, 2018 09:29:23 +0900 (GMT+9) -->
<pathway name="path:hsa04120" org="hsa" number="04120"
         title="Ubiquitin mediated proteolysis"
         image="http://www.kegg.jp/kegg/pathway/hsa/hsa04120.png"
         link="http://www.kegg.jp/kegg-bin/show_pathway?hsa04120">
    <entry id="1" name="hsa:10054" type="gene"
        link="http://www.kegg.jp/dbget-bin/www_bget?hsa:10054">
        <graphics name="UBA2, ARX, HRIHFB2115, SAE2" fgcolor="#000000" bgcolor="#BFFFBF"
             type="rectangle" x="243" y="349" width="46" height="17"/>
    </entry>
    <entry id="2" name="hsa:10055" type="gene"
        link="http://www.kegg.jp/dbget-bin/www_bget?hsa:10055">
        <graphics name="SAE1, AOS1, HSPC140, SUA1, UBLE1A" fgcolor="#000000" bgcolor="#BFFFBF"
             type="rectangle" x="192" y="349" width="46" height="17"/>
    </entry>
    <entry id="3" name="hsa:6921" type="gene"
        link="http://www.kegg.jp/dbget-bin/www_bget?hsa:6921">
        <graphics name="ELOC, SIII, TCEB1" fgcolor="#000000" bgcolor="#BFFFBF"
             type="rectangle" x="447" y="960" width="46" height="17"/>
    </entry>
    <entry id="4" name="hsa:6923" type="gene"
        link="http://www.kegg.jp/dbget-bin/www_bget?hsa:6923">
        <graphics name="ELOB, SIII, TCEB2" fgcolor="#000000" bgcolor="#BFFFBF"
             type="rectangle" x="447" y="943" width="46" height="17"/>
    </entry>
    <entry id="5" name="hsa:9978" type="gene"
        link="http://www.kegg.jp/dbget-bin/www_bget?hsa:9978">
        <graphics name="RBX1, BA554C12.1, RNF75, ROC1" fgcolor="#000000" bgcolor="#BFFFBF"
             type="rectangle" x="355" y="986" width="46" height="17"/>
    </entry>
    <entry id="6" name="hsa:9978" type="gene"
        link="http://www.kegg.jp/dbget-bin/www_bget?hsa:9978">
        <graphics name="RBX1, BA554C12.1, RNF75, ROC1" fgcolor="#000000" bgcolor="#BFFFBF"
             type="rectangle" x="355" y="905" width="46" height="17"/>
    </entry>
    <entry id="7" name="hsa:9978" type="gene"
        link="http://www.kegg.jp/dbget-bin/www_bget?hsa:9978">
        <graphics name="RBX1, BA554C12.1, RNF75, ROC1" fgcolor="#000000" bgcolor="#BFFFBF"
             type="rectangle" x="355" y="868" width="46" height="17"/>
    </entry>
    <entry id="8" name="hsa:9978" type="gene"
        link="http://www.kegg.jp/dbget-bin/www_bget?hsa:9978">
        <graphics name="RBX1, BA554C12.1, RNF75, ROC1" fgcolor="#000000" bgcolor="#BFFFBF"
             type="rectangle" x="355" y="829" width="46" height="17"/>
    </entry>
    <entry id="9" name="hsa:23291 hsa:26232 hsa:26272 hsa:55294 hsa:6502 hsa:8945" type="gene"
        link="http://www.kegg.jp/dbget-bin/www_bget?hsa:23291+hsa:26232+hsa:26272+hsa:55294+hsa:6502+hsa:8945">
        <graphics name="FBXW11, BTRC2, BTRCP2, FBW1B, FBXW1B, Fbw11, Hos..." fgcolor="#000000" bgcolor="#BFFFBF"
             type="rectangle" x="493" y="790" width="46" height="17"/>
    </entry>
    <entry id="10" name="hsa:23221 hsa:55958 hsa:90293 hsa:9817 hsa:9886" type="gene"
        link="http://www.kegg.jp/dbget-bin/www_bget?hsa:23221+hsa:55958+hsa:90293+hsa:9817+hsa:9886">
        <graphics name="RHOBTB2, DBC2..." fgcolor="#000000" bgcolor="#BFFFBF"
             type="rectangle" x="472" y="868" width="46" height="17"/>
    </entry>
    <entry id="11" name="hsa:1161 hsa:1643 hsa:55070 hsa:64326" type="gene"
        link="http://www.kegg.jp/dbget-bin/www_bget?hsa:1161+hsa:1643+hsa:55070+hsa:64326">
        <graphics name="ERCC8, CKN1, CSA, UVSS2..." fgcolor="#000000" bgcolor="#BFFFBF"
             type="rectangle" x="493" y="905" width="46" height="17"/>
    </entry>
    <entry id="12" name="hsa:8651 hsa:9021" type="gene"
        link="http://www.kegg.jp/dbget-bin/www_bget?hsa:8651+hsa:9021">
        <graphics name="SOCS1, CIS1, CISH1, JAB, SOCS-1, SSI-1, SSI1, TIP-3, TIP3..." fgcolor="#000000" bgcolor="#BFFFBF"
             type="rectangle" x="493" y="943" width="46" height="17"/>
    </entry>
    <entry id="13" name="hsa:7428" type="gene"
        link="http://www.kegg.jp/dbget-bin/www_bget?hsa:7428">
        <graphics name="VHL, HRCA1, RCA1, VHL1, pVHL" fgcolor="#000000" bgcolor="#BFFFBF"
             type="rectangle" x="493" y="829" width="46" height="17"/>
    </entry>
    <entry id="14" name="hsa:26091" type="gene"
        link="http://www.kegg.jp/dbget-bin/www_bget?hsa:26091">
        <graphics name="HERC4" fgcolor="#000000" bgcolor="#BFFFBF"
             type="rectangle" x="290" y="670" width="46" height="17"/>
    </entry>
    <entry id="15" name="hsa:8916" type="gene"
        link="http://www.kegg.jp/dbget-bin/www_bget?hsa:8916">
        <graphics name="HERC3" fgcolor="#000000" bgcolor="#BFFFBF"
             type="rectangle" x="239" y="670" width="46" height="17"/>
    </entry>
    <entry id="16" name="hsa:55284" type="gene"
        link="http://www.kegg.jp/dbget-bin/www_bget?hsa:55284">
        <graphics name="UBE2W, UBC-16, UBC16" fgcolor="#000000" bgcolor="#BFFFBF"
             type="rectangle" x="711" y="389" width="46" height="17"/>
    </entry>
    <entry id="17" name="hsa:140739" type="gene"
        link="http://www.kegg.jp/dbget-bin/www_bget?hsa:140739">
        <graphics name="UBE2F, NCE2" fgcolor="#000000" bgcolor="#BFFFBF"
             type="rectangle" x="762" y="349" width="46" height="17"/>
    </entry>
    <entry id="18" name="hsa:9039" type="gene"
        link="http://www.kegg.jp/dbget-bin/www_bget?hsa:9039">
        <graphics name="UBA3, NAE2, UBE1C, hUBA3" fgcolor="#000000" bgcolor="#BFFFBF"
             type="rectangle" x="293" y="349" width="46" height="17"/>
    </entry>
    <entry id="19" name="hsa:246184" type="gene"
        link="http://www.kegg.jp/dbget-bin/www_bget?hsa:246184">
        <graphics name="CDC26, ANAPC12, APC12, C9orf17" fgcolor="#000000" bgcolor="#BFFFBF"
             type="rectangle" x="938" y="858" width="46" height="17"/>
    </entry>
    <entry id="20" name="hsa:10393" type="gene"
        link="http://www.kegg.jp/dbget-bin/www_bget?hsa:10393">
        <graphics name="ANAPC10, APC10, DOC1" fgcolor="#000000" bgcolor="#BFFFBF"
             type="rectangle" x="892" y="858" width="46" height="17"/>
    </entry>
    <entry id="21" name="ko:K03356" type="ortholog"
        link="http://www.kegg.jp/dbget-bin/www_bget?K03356">
        <graphics name="K03356" fgcolor="#000000" bgcolor="#FFFFFF"
             type="rectangle" x="938" y="841" width="46" height="17"/>
    </entry>
    <entry id="22" name="hsa:8697" type="gene"
        link="http://www.kegg.jp/dbget-bin/www_bget?hsa:8697">
        <graphics name="CDC23, ANAPC8, APC8, CUT23" fgcolor="#000000" bgcolor="#BFFFBF"
             type="rectangle" x="892" y="841" width="46" height="17"/>
    </entry>
    <entry id="23" name="hsa:8881" type="gene"
        link="http://www.kegg.jp/dbget-bin/www_bget?hsa:8881">
        <graphics name="CDC16, ANAPC6, APC6, CDC16Hs, CUT9" fgcolor="#000000" bgcolor="#BFFFBF"
             type="rectangle" x="892" y="824" width="46" height="17"/>
    </entry>
    <entry id="24" name="hsa:51434" type="gene"
        link="http://www.kegg.jp/dbget-bin/www_bget?hsa:51434">
        <graphics name="ANAPC7, APC7" fgcolor="#000000" bgcolor="#BFFFBF"
             type="rectangle" x="938" y="824" width="46" height="17"/>
    </entry>
    <entry id="25" name="hsa:51433" type="gene"
        link="http://www.kegg.jp/dbget-bin/www_bget?hsa:51433">
        <graphics name="ANAPC5, APC5" fgcolor="#000000" bgcolor="#BFFFBF"
             type="rectangle" x="938" y="807" width="46" height="17"/>
    </entry>
    <entry id="26" name="hsa:29945" type="gene"
        link="http://www.kegg.jp/dbget-bin/www_bget?hsa:29945">
        <graphics name="ANAPC4, APC4" fgcolor="#000000" bgcolor="#BFFFBF"
             type="rectangle" x="892" y="807" width="46" height="17"/>
    </entry>
    <entry id="27" name="hsa:996" type="gene"
        link="http://www.kegg.jp/dbget-bin/www_bget?hsa:996">
        <graphics name="CDC27, ANAPC3, APC3, CDC27Hs, D0S1430E, D17S978E, H-NUC, HNUC, NUC2" fgcolor="#000000" bgcolor="#BFFFBF"
             type="rectangle" x="938" y="790" width="46" height="17"/>
    </entry>
    <entry id="28" name="hsa:64682" type="gene"
        link="http://www.kegg.jp/dbget-bin/www_bget?hsa:64682">
        <graphics name="ANAPC1, APC1, MCPR, TSG24" fgcolor="#000000" bgcolor="#BFFFBF"
             type="rectangle" x="892" y="790" width="46" height="17"/>
    </entry>
    <entry id="29" name="hsa:51343" type="gene"
        link="http://www.kegg.jp/dbget-bin/www_bget?hsa:51343">
        <graphics name="FZR1, CDC20C, CDH1, FZR, FZR2, HCDH, HCDH1" fgcolor="#000000" bgcolor="#BFFFBF"
             type="rectangle" x="846" y="807" width="46" height="17"/>
    </entry>
    <entry id="30" name="hsa:991" type="gene"
        link="http://www.kegg.jp/dbget-bin/www_bget?hsa:991">
        <graphics name="CDC20, CDC20A, bA276H19.3, p55CDC" fgcolor="#000000" bgcolor="#BFFFBF"
             type="rectangle" x="846" y="790" width="46" height="17"/>
    </entry>
    <entry id="31" name="hsa:29882" type="gene"
        link="http://www.kegg.jp/dbget-bin/www_bget?hsa:29882">
        <graphics name="ANAPC2, APC2" fgcolor="#000000" bgcolor="#BFFFBF"
             type="rectangle" x="754" y="790" width="46" height="17"/>
    </entry>
    <entry id="32" name="hsa:51529" type="gene"
        link="http://www.kegg.jp/dbget-bin/www_bget?hsa:51529">
        <graphics name="ANAPC11, APC11, Apc11p, HSPC214" fgcolor="#000000" bgcolor="#BFFFBF"
             type="rectangle" x="708" y="790" width="46" height="17"/>
    </entry>
    <entry id="33" name="hsa:26259" type="gene"
        link="http://www.kegg.jp/dbget-bin/www_bget?hsa:26259">
        <graphics name="FBXW8, FBW6, FBW8, FBX29, FBXO29, FBXW6" fgcolor="#000000" bgcolor="#BFFFBF"
             type="rectangle" x="493" y="986" width="46" height="17"/>
    </entry>
    <entry id="34" name="hsa:6923" type="gene"
        link="http://www.kegg.jp/dbget-bin/www_bget?hsa:6923">
        <graphics name="ELOB, SIII, TCEB2" fgcolor="#000000" bgcolor="#BFFFBF"
             type="rectangle" x="447" y="829" width="46" height="17"/>
    </entry>
    <entry id="35" name="hsa:6921" type="gene"
        link="http://www.kegg.jp/dbget-bin/www_bget?hsa:6921">
        <graphics name="ELOC, SIII, TCEB1" fgcolor="#000000" bgcolor="#BFFFBF"
             type="rectangle" x="447" y="846" width="46" height="17"/>
    </entry>
    <entry id="36" name="hsa:8452" type="gene"
        link="http://www.kegg.jp/dbget-bin/www_bget?hsa:8452">
        <graphics name="CUL3, CUL-3, PHA2E" fgcolor="#000000" bgcolor="#BFFFBF"
             type="rectangle" x="400" y="868" width="46" height="17"/>
    </entry>
    <entry id="37" name="hsa:8453" type="gene"
        link="http://www.kegg.jp/dbget-bin/www_bget?hsa:8453">
        <graphics name="CUL2" fgcolor="#000000" bgcolor="#BFFFBF"
             type="rectangle" x="401" y="829" width="46" height="17"/>
    </entry>
    <entry id="38" name="hsa:6500" type="gene"
        link="http://www.kegg.jp/dbget-bin/www_bget?hsa:6500">
        <graphics name="SKP1, EMC19, OCP-II, OCP2, SKP1A, TCEB1L, p19A" fgcolor="#000000" bgcolor="#BFFFBF"
             type="rectangle" x="447" y="986" width="46" height="17"/>
    </entry>
    <entry id="39" name="hsa:6500" type="gene"
        link="http://www.kegg.jp/dbget-bin/www_bget?hsa:6500">
        <graphics name="SKP1, EMC19, OCP-II, OCP2, SKP1A, TCEB1L, p19A" fgcolor="#000000" bgcolor="#BFFFBF"
             type="rectangle" x="447" y="790" width="46" height="17"/>
    </entry>
    <entry id="40" name="hsa:8454" type="gene"
        link="http://www.kegg.jp/dbget-bin/www_bget?hsa:8454">
        <graphics name="CUL1" fgcolor="#000000" bgcolor="#BFFFBF"
             type="rectangle" x="401" y="790" width="46" height="17"/>
    </entry>
    <entry id="41" name="hsa:9978" type="gene"
        link="http://www.kegg.jp/dbget-bin/www_bget?hsa:9978">
        <graphics name="RBX1, BA554C12.1, RNF75, ROC1" fgcolor="#000000" bgcolor="#BFFFBF"
             type="rectangle" x="355" y="790" width="46" height="17"/>
    </entry>
    <entry id="42" name="hsa:9820" type="gene"
        link="http://www.kegg.jp/dbget-bin/www_bget?hsa:9820">
        <graphics name="CUL7, 3M1, CUL-7, KIAA0076, dJ20C7.5" fgcolor="#000000" bgcolor="#BFFFBF"
             type="rectangle" x="401" y="986" width="46" height="17"/>
    </entry>
    <entry id="43" name="hsa:8065" type="gene"
        link="http://www.kegg.jp/dbget-bin/www_bget?hsa:8065">
        <graphics name="CUL5, CUL-5, VACM-1, VACM1" fgcolor="#000000" bgcolor="#BFFFBF"
             type="rectangle" x="401" y="943" width="46" height="17"/>
    </entry>
    <entry id="44" name="hsa:9616" type="gene"
        link="http://www.kegg.jp/dbget-bin/www_bget?hsa:9616">
        <graphics name="RNF7, CKBBP1, ROC2, SAG" fgcolor="#000000" bgcolor="#BFFFBF"
             type="rectangle" x="355" y="943" width="46" height="17"/>
    </entry>
    <entry id="45" name="hsa:1642" type="gene"
        link="http://www.kegg.jp/dbget-bin/www_bget?hsa:1642">
        <graphics name="DDB1, DDBA, UV-DDB1, XAP1, XPCE, XPE, XPE-BF" fgcolor="#000000" bgcolor="#BFFFBF"
             type="rectangle" x="447" y="905" width="46" height="17"/>
    </entry>
    <entry id="46" name="hsa:8450 hsa:8451" type="gene"
        link="http://www.kegg.jp/dbget-bin/www_bget?hsa:8450+hsa:8451">
        <graphics name="CUL4B, CUL-4B, MRXHF2, MRXS15, MRXSC, SFM2..." fgcolor="#000000" bgcolor="#BFFFBF"
             type="rectangle" x="401" y="905" width="46" height="17"/>
    </entry>
    <entry id="47" name="hsa:4591" type="gene"
        link="http://www.kegg.jp/dbget-bin/www_bget?hsa:4591">
        <graphics name="TRIM37, MUL, POB1, TEF3" fgcolor="#000000" bgcolor="#BFFFBF"
             type="rectangle" x="885" y="670" width="46" height="17"/>
    </entry>
    <entry id="48" name="hsa:22954" type="gene"
        link="http://www.kegg.jp/dbget-bin/www_bget?hsa:22954">
        <graphics name="TRIM32, BBS11, HT2A, LGMD2H, TATIP" fgcolor="#000000" bgcolor="#BFFFBF"
             type="rectangle" x="834" y="670" width="46" height="17"/>
    </entry>
    <entry id="49" name="hsa:4281" type="gene"
        link="http://www.kegg.jp/dbget-bin/www_bget?hsa:4281">
        <graphics name="MID1, BBBG1, FXY, GBBB1, MIDIN, OGS1, OS, OSX, RNF59, TRIM18, XPRF, ZNFXY" fgcolor="#000000" bgcolor="#BFFFBF"
             type="rectangle" x="784" y="670" width="46" height="17"/>
    </entry>
    <entry id="50" name="hsa:55120" type="gene"
        link="http://www.kegg.jp/dbget-bin/www_bget?hsa:55120">
        <graphics name="FANCL, FAAP43, PHF9, POG" fgcolor="#000000" bgcolor="#BFFFBF"
             type="rectangle" x="735" y="670" width="46" height="17"/>
    </entry>
    <entry id="51" name="hsa:672" type="gene"
        link="http://www.kegg.jp/dbget-bin/www_bget?hsa:672">
        <graphics name="BRCA1, BRCAI, BRCC1, BROVCA1, FANCS, IRIS, PNCA4, PPP1R53, PSCP, RNF53" fgcolor="#000000" bgcolor="#BFFFBF"
             type="rectangle" x="685" y="670" width="46" height="17"/>
    </entry>
    <entry id="52" name="hsa:23295" type="gene"
        link="http://www.kegg.jp/dbget-bin/www_bget?hsa:23295">
        <graphics name="MGRN1, RNF156" fgcolor="#000000" bgcolor="#BFFFBF"
             type="rectangle" x="635" y="670" width="46" height="17"/>
    </entry>
    <entry id="53" name="hsa:326" type="gene"
        link="http://www.kegg.jp/dbget-bin/www_bget?hsa:326">
        <graphics name="AIRE, AIRE1, APECED, APS1, APSI, PGA1" fgcolor="#000000" bgcolor="#BFFFBF"
             type="rectangle" x="935" y="649" width="46" height="17"/>
    </entry>
    <entry id="54" name="hsa:378884" type="gene"
        link="http://www.kegg.jp/dbget-bin/www_bget?hsa:378884">
        <graphics name="NHLRC1, EPM2A, EPM2B, MALIN, bA204B7.2" fgcolor="#000000" bgcolor="#BFFFBF"
             type="rectangle" x="885" y="649" width="46" height="17"/>
    </entry>
    <entry id="55" name="hsa:84447" type="gene"
        link="http://www.kegg.jp/dbget-bin/www_bget?hsa:84447">
        <graphics name="SYVN1, DER3, HRD1" fgcolor="#000000" bgcolor="#BFFFBF"
             type="rectangle" x="834" y="649" width="46" height="17"/>
    </entry>
    <entry id="56" name="hsa:10401 hsa:51588 hsa:8554 hsa:9063" type="gene"
        link="http://www.kegg.jp/dbget-bin/www_bget?hsa:10401+hsa:51588+hsa:8554+hsa:9063">
        <graphics name="PIAS3, ZMIZ5..." fgcolor="#000000" bgcolor="#BFFFBF"
             type="rectangle" x="784" y="649" width="46" height="17"/>
    </entry>
    <entry id="57" name="hsa:112401 hsa:329 hsa:330 hsa:331 hsa:79444" type="gene"
        link="http://www.kegg.jp/dbget-bin/www_bget?hsa:112401+hsa:329+hsa:330+hsa:331+hsa:79444">
        <graphics name="BIRC8, ILP-2, ILP2, RNF136, hILP2..." fgcolor="#000000" bgcolor="#BFFFBF"
             type="rectangle" x="735" y="649" width="46" height="17"/>
    </entry>
    <entry id="58" name="hsa:25898" type="gene"
        link="http://www.kegg.jp/dbget-bin/www_bget?hsa:25898">
        <graphics name="RCHY1, ARNIP, CHIMP, PIRH2, PRO1996, RNF199, ZCHY, ZNF363" fgcolor="#000000" bgcolor="#BFFFBF"
             type="rectangle" x="685" y="649" width="46" height="17"/>
    </entry>
    <entry id="59" name="hsa:64326" type="gene"
        link="http://www.kegg.jp/dbget-bin/www_bget?hsa:64326">
        <graphics name="COP1, RFWD2, RNF200" fgcolor="#000000" bgcolor="#BFFFBF"
             type="rectangle" x="634" y="649" width="46" height="17"/>
    </entry>
    <entry id="60" name="hsa:4214" type="gene"
        link="http://www.kegg.jp/dbget-bin/www_bget?hsa:4214">
        <graphics name="MAP3K1, MAPKKK1, MEKK, MEKK_1, MEKK1, SRXY6" fgcolor="#000000" bgcolor="#BFFFBF"
             type="rectangle" x="935" y="627" width="46" height="17"/>
    </entry>
    <entry id="61" name="hsa:7189" type="gene"
        link="http://www.kegg.jp/dbget-bin/www_bget?hsa:7189">
        <graphics name="TRAF6, MGC:3310, RNF85" fgcolor="#000000" bgcolor="#BFFFBF"
             type="rectangle" x="885" y="627" width="46" height="17"/>
    </entry>
    <entry id="62" name="hsa:5371" type="gene"
        link="http://www.kegg.jp/dbget-bin/www_bget?hsa:5371">
        <graphics name="PML, MYL, PP8675, RNF71, TRIM19" fgcolor="#000000" bgcolor="#BFFFBF"
             type="rectangle" x="834" y="627" width="46" height="17"/>
    </entry>
    <entry id="63" name="hsa:6477" type="gene"
        link="http://www.kegg.jp/dbget-bin/www_bget?hsa:6477">
        <graphics name="SIAH1, SIAH1A" fgcolor="#000000" bgcolor="#BFFFBF"
             type="rectangle" x="784" y="627" width="46" height="17"/>
    </entry>
    <entry id="64" name="hsa:5071" type="gene"
        link="http://www.kegg.jp/dbget-bin/www_bget?hsa:5071">
        <graphics name="PRKN, AR-JP, LPRS2, PARK2, PDJ" fgcolor="#000000" bgcolor="#BFFFBF"
             type="rectangle" x="735" y="627" width="46" height="17"/>
    </entry>
    <entry id="65" name="hsa:23624 hsa:867 hsa:868" type="gene"
        link="http://www.kegg.jp/dbget-bin/www_bget?hsa:23624+hsa:867+hsa:868">
        <graphics name="CBLC, CBL-3, CBL-SL, RNF57..." fgcolor="#000000" bgcolor="#BFFFBF"
             type="rectangle" x="685" y="627" width="46" height="17"/>
    </entry>
    <entry id="66" name="hsa:4193" type="gene"
        link="http://www.kegg.jp/dbget-bin/www_bget?hsa:4193">
        <graphics name="MDM2, ACTFS, HDMX, hdm2" fgcolor="#000000" bgcolor="#BFFFBF"
             type="rectangle" x="634" y="627" width="46" height="17"/>
    </entry>
    <entry id="67" name="hsa:22888" type="gene"
        link="http://www.kegg.jp/dbget-bin/www_bget?hsa:22888">
        <graphics name="UBOX5, RNF37, UBCE7IP5, UIP5, hUIP5" fgcolor="#000000" bgcolor="#BFFFBF"
             type="rectangle" x="499" y="649" width="46" height="17"/>
    </entry>
    <entry id="68" name="hsa:27339" type="gene"
        link="http://www.kegg.jp/dbget-bin/www_bget?hsa:27339">
        <graphics name="PRPF19, NMP200, PRP19, PSO4, SNEV, UBOX4, hPSO4" fgcolor="#000000" bgcolor="#BFFFBF"
             type="rectangle" x="449" y="649" width="46" height="17"/>
    </entry>
    <entry id="69" name="hsa:7337" type="gene"
        link="http://www.kegg.jp/dbget-bin/www_bget?hsa:7337">
        <graphics name="UBE3A, ANCR, AS, E6-AP, EPVE6AP, HPVE6A" fgcolor="#000000" bgcolor="#BFFFBF"
             type="rectangle" x="87" y="627" width="46" height="17"/>
    </entry>
    <entry id="70" name="hsa:148581" type="gene"
        link="http://www.kegg.jp/dbget-bin/www_bget?hsa:148581">
        <graphics name="UBE2U" fgcolor="#000000" bgcolor="#BFFFBF"
             type="rectangle" x="659" y="389" width="46" height="17"/>
    </entry>
    <entry id="71" name="hsa:51619 hsa:7321 hsa:7322 hsa:7323" type="gene"
        link="http://www.kegg.jp/dbget-bin/www_bget?hsa:51619+hsa:7321+hsa:7322+hsa:7323">
        <graphics name="UBE2D4, HBUCE1..." fgcolor="#000000" bgcolor="#BFFFBF"
             type="rectangle" x="659" y="349" width="46" height="17"/>
    </entry>
    <entry id="72" name="hsa:389898 hsa:7334" type="gene"
        link="http://www.kegg.jp/dbget-bin/www_bget?hsa:389898+hsa:7334">
        <graphics name="UBE2NL, Li174..." fgcolor="#000000" bgcolor="#BFFFBF"
             type="rectangle" x="814" y="369" width="46" height="17"/>
    </entry>
    <entry id="73" name="hsa:11059" type="gene"
        link="http://www.kegg.jp/dbget-bin/www_bget?hsa:11059">
        <graphics name="WWP1, AIP5, Tiul1, hSDRP1" fgcolor="#000000" bgcolor="#BFFFBF"
             type="rectangle" x="87" y="649" width="46" height="17"/>
    </entry>
    <entry id="74" name="hsa:57154 hsa:64750" type="gene"
        link="http://www.kegg.jp/dbget-bin/www_bget?hsa:57154+hsa:64750">
        <graphics name="SMURF1..." fgcolor="#000000" bgcolor="#BFFFBF"
             type="rectangle" x="238" y="627" width="46" height="17"/>
    </entry>
    <entry id="75" name="hsa:9690" type="gene"
        link="http://www.kegg.jp/dbget-bin/www_bget?hsa:9690">
        <graphics name="UBE3C, HECTH2" fgcolor="#000000" bgcolor="#BFFFBF"
             type="rectangle" x="188" y="627" width="46" height="17"/>
    </entry>
    <entry id="76" name="hsa:51465" type="gene"
        link="http://www.kegg.jp/dbget-bin/www_bget?hsa:51465">
        <graphics name="UBE2J1, CGI-76, HSPC153, HSPC205, HSU93243, NCUBE-1, NCUBE1, UBC6, UBC6E, Ubc6p" fgcolor="#000000" bgcolor="#BFFFBF"
             type="rectangle" x="555" y="369" width="46" height="17"/>
    </entry>
    <entry id="77" name="hsa:89910" type="gene"
        link="http://www.kegg.jp/dbget-bin/www_bget?hsa:89910">
        <graphics name="UBE3B, BPIDS, KOS" fgcolor="#000000" bgcolor="#BFFFBF"
             type="rectangle" x="138" y="627" width="46" height="17"/>
    </entry>
    <entry id="78" name="hsa:27338" type="gene"
        link="http://www.kegg.jp/dbget-bin/www_bget?hsa:27338">
        <graphics name="UBE2S, E2-EPF, E2EPF, EPF5" fgcolor="#000000" bgcolor="#BFFFBF"
             type="rectangle" x="607" y="389" width="46" height="17"/>
    </entry>
    <entry id="79" name="hsa:11065" type="gene"
        link="http://www.kegg.jp/dbget-bin/www_bget?hsa:11065">
        <graphics name="UBE2C, UBCH10, dJ447F3.2" fgcolor="#000000" bgcolor="#BFFFBF"
             type="rectangle" x="607" y="349" width="46" height="17"/>
    </entry>
    <entry id="80" name="hsa:7319" type="gene"
        link="http://www.kegg.jp/dbget-bin/www_bget?hsa:7319">
        <graphics name="UBE2A, HHR6A, MRXS30, MRXSN, RAD6A, UBC2" fgcolor="#000000" bgcolor="#BFFFBF"
             type="rectangle" x="503" y="349" width="46" height="17"/>
    </entry>
    <entry id="81" name="hsa:83737" type="gene"
        link="http://www.kegg.jp/dbget-bin/www_bget?hsa:83737">
        <graphics name="ITCH, ADMFD, AIF4, AIP4, NAPP1" fgcolor="#000000" bgcolor="#BFFFBF"
             type="rectangle" x="288" y="627" width="46" height="17"/>
    </entry>
    <entry id="82" name="hsa:3093" type="gene"
        link="http://www.kegg.jp/dbget-bin/www_bget?hsa:3093">
        <graphics name="UBE2K, E2-25K, HIP2, HYPG, LIG, UBC1" fgcolor="#000000" bgcolor="#BFFFBF"
             type="rectangle" x="814" y="389" width="46" height="17"/>
    </entry>
    <entry id="83" name="hsa:118424" type="gene"
        link="http://www.kegg.jp/dbget-bin/www_bget?hsa:118424">
        <graphics name="UBE2J2, NCUBE-2, NCUBE2, PRO2121" fgcolor="#000000" bgcolor="#BFFFBF"
             type="rectangle" x="607" y="369" width="46" height="17"/>
    </entry>
    <entry id="84" name="hsa:9246" type="gene"
        link="http://www.kegg.jp/dbget-bin/www_bget?hsa:9246">
        <graphics name="UBE2L6, RIG-B, UBCH8" fgcolor="#000000" bgcolor="#BFFFBF"
             type="rectangle" x="711" y="369" width="46" height="17"/>
    </entry>
    <entry id="85" name="hsa:7332" type="gene"
        link="http://www.kegg.jp/dbget-bin/www_bget?hsa:7332">
        <graphics name="UBE2L3, E2-F1, L-UBC, UBCH7, UbcM4" fgcolor="#000000" bgcolor="#BFFFBF"
             type="rectangle" x="659" y="369" width="46" height="17"/>
    </entry>
    <entry id="86" name="hsa:7327" type="gene"
        link="http://www.kegg.jp/dbget-bin/www_bget?hsa:7327">
        <graphics name="UBE2G2, UBC7" fgcolor="#000000" bgcolor="#BFFFBF"
             type="rectangle" x="866" y="349" width="46" height="17"/>
    </entry>
    <entry id="87" name="hsa:7326" type="gene"
        link="http://www.kegg.jp/dbget-bin/www_bget?hsa:7326">
        <graphics name="UBE2G1, E217K, UBC7, UBE2G" fgcolor="#000000" bgcolor="#BFFFBF"
             type="rectangle" x="814" y="349" width="46" height="17"/>
    </entry>
    <entry id="88" name="hsa:55236 hsa:7317 hsa:7318" type="gene"
        link="http://www.kegg.jp/dbget-bin/www_bget?hsa:55236+hsa:7317+hsa:7318">
        <graphics name="UBA6, E1-L2, MOP-4, UBE1L2..." fgcolor="#000000" bgcolor="#BFFFBF"
             type="rectangle" x="141" y="349" width="46" height="17"/>
    </entry>
    <entry id="89" name="path:hsa03050" type="map"
        link="http://www.kegg.jp/dbget-bin/www_bget?hsa03050">
        <graphics name="Proteasome" fgcolor="#000000" bgcolor="#FFFFFF"
             type="roundrectangle" x="748" y="135" width="90" height="25"/>
    </entry>
    <entry id="90" name="hsa:23759" type="gene"
        link="http://www.kegg.jp/dbget-bin/www_bget?hsa:23759">
        <graphics name="PPIL2, CYC4, CYP60, Cyp-60, UBOX7, hCyP-60" fgcolor="#000000" bgcolor="#BFFFBF"
             type="rectangle" x="399" y="649" width="46" height="17"/>
    </entry>
    <entry id="91" name="hsa:8924" type="gene"
        link="http://www.kegg.jp/dbget-bin/www_bget?hsa:8924">
        <graphics name="HERC2, D15F37S1, MRT38, SHEP1, jdf2, p528" fgcolor="#000000" bgcolor="#BFFFBF"
             type="rectangle" x="188" y="670" width="46" height="17"/>
    </entry>
    <entry id="92" name="hsa:54926 hsa:997" type="gene"
        link="http://www.kegg.jp/dbget-bin/www_bget?hsa:54926+hsa:997">
        <graphics name="UBE2R2, CDC34B, E2-CDC34B, UBC3B..." fgcolor="#000000" bgcolor="#BFFFBF"
             type="rectangle" x="555" y="389" width="46" height="17"/>
    </entry>
    <entry id="93" name="hsa:10273" type="gene"
        link="http://www.kegg.jp/dbget-bin/www_bget?hsa:10273">
        <graphics name="STUB1, CHIP, HSPABP2, NY-CO-7, SCAR16, SDCCAG7, UBOX1" fgcolor="#000000" bgcolor="#BFFFBF"
             type="rectangle" x="499" y="627" width="46" height="17"/>
    </entry>
    <entry id="94" name="hsa:8925" type="gene"
        link="http://www.kegg.jp/dbget-bin/www_bget?hsa:8925">
        <graphics name="HERC1, MDFPMR, p532, p619" fgcolor="#000000" bgcolor="#BFFFBF"
             type="rectangle" x="138" y="670" width="46" height="17"/>
    </entry>
    <entry id="95" name="hsa:11060" type="gene"
        link="http://www.kegg.jp/dbget-bin/www_bget?hsa:11060">
        <graphics name="WWP2, AIP2, WWp2-like" fgcolor="#000000" bgcolor="#BFFFBF"
             type="rectangle" x="138" y="649" width="46" height="17"/>
    </entry>
    <entry id="96" name="hsa:10277" type="gene"
        link="http://www.kegg.jp/dbget-bin/www_bget?hsa:10277">
        <graphics name="UBE4B, E4, HDNB1, UBOX3, UFD2, UFD2A" fgcolor="#000000" bgcolor="#BFFFBF"
             type="rectangle" x="449" y="627" width="46" height="17"/>
    </entry>
    <entry id="97" name="hsa:51366" type="gene"
        link="http://www.kegg.jp/dbget-bin/www_bget?hsa:51366">
        <graphics name="UBR5, DD5, EDD, EDD1, HYD" fgcolor="#000000" bgcolor="#BFFFBF"
             type="rectangle" x="87" y="670" width="46" height="17"/>
    </entry>
    <entry id="98" name="hsa:9320" type="gene"
        link="http://www.kegg.jp/dbget-bin/www_bget?hsa:9320">
        <graphics name="TRIP12, MRD49, TRIP-12, ULF" fgcolor="#000000" bgcolor="#BFFFBF"
             type="rectangle" x="188" y="649" width="46" height="17"/>
    </entry>
    <entry id="99" name="hsa:9354" type="gene"
        link="http://www.kegg.jp/dbget-bin/www_bget?hsa:9354">
        <graphics name="UBE4A, E4, UBOX2, UFD2" fgcolor="#000000" bgcolor="#BFFFBF"
             type="rectangle" x="399" y="627" width="46" height="17"/>
    </entry>
    <entry id="100" name="hsa:10075" type="gene"
        link="http://www.kegg.jp/dbget-bin/www_bget?hsa:10075">
        <graphics name="HUWE1, ARF-BP1, HECTH9, HSPC272, Ib772, LASU1, MULE, URE-B1, UREB1" fgcolor="#000000" bgcolor="#BFFFBF"
             type="rectangle" x="288" y="649" width="46" height="17"/>
    </entry>
    <entry id="101" name="hsa:65264" type="gene"
        link="http://www.kegg.jp/dbget-bin/www_bget?hsa:65264">
        <graphics name="UBE2Z, HOYS7, USE1" fgcolor="#000000" bgcolor="#BFFFBF"
             type="rectangle" x="762" y="389" width="46" height="17"/>
    </entry>
    <entry id="102" name="hsa:57448" type="gene"
        link="http://www.kegg.jp/dbget-bin/www_bget?hsa:57448">
        <graphics name="BIRC6, APOLLON, BRUCE" fgcolor="#000000" bgcolor="#BFFFBF"
             type="rectangle" x="866" y="389" width="46" height="17"/>
    </entry>
    <entry id="103" name="hsa:23327 hsa:4734" type="gene"
        link="http://www.kegg.jp/dbget-bin/www_bget?hsa:23327+hsa:4734">
        <graphics name="NEDD4L, NEDD4-2, NEDD4.2, PVNH7, RSP5, hNEDD4-2..." fgcolor="#000000" bgcolor="#BFFFBF"
             type="rectangle" x="238" y="649" width="46" height="17"/>
    </entry>
    <entry id="104" name="hsa:134111 hsa:55585 hsa:92912" type="gene"
        link="http://www.kegg.jp/dbget-bin/www_bget?hsa:134111+hsa:55585+hsa:92912">
        <graphics name="UBE2QL1..." fgcolor="#000000" bgcolor="#BFFFBF"
             type="rectangle" x="503" y="389" width="46" height="17"/>
    </entry>
    <entry id="105" name="hsa:63893" type="gene"
        link="http://www.kegg.jp/dbget-bin/www_bget?hsa:63893">
        <graphics name="UBE2O, E2-230K" fgcolor="#000000" bgcolor="#BFFFBF"
             type="rectangle" x="866" y="369" width="46" height="17"/>
    </entry>
    <entry id="106" name="hsa:9040" type="gene"
        link="http://www.kegg.jp/dbget-bin/www_bget?hsa:9040">
        <graphics name="UBE2M, UBC-RS2, UBC12, hUbc12" fgcolor="#000000" bgcolor="#BFFFBF"
             type="rectangle" x="762" y="369" width="46" height="17"/>
    </entry>
    <entry id="107" name="hsa:7329" type="gene"
        link="http://www.kegg.jp/dbget-bin/www_bget?hsa:7329">
        <graphics name="UBE2I, C358B7.1, P18, UBC9" fgcolor="#000000" bgcolor="#BFFFBF"
             type="rectangle" x="503" y="369" width="46" height="17"/>
    </entry>
    <entry id="108" name="hsa:7328" type="gene"
        link="http://www.kegg.jp/dbget-bin/www_bget?hsa:7328">
        <graphics name="UBE2H, E2-20K, GID3, UBC8, UBCH, UBCH2" fgcolor="#000000" bgcolor="#BFFFBF"
             type="rectangle" x="918" y="349" width="46" height="17"/>
    </entry>
    <entry id="109" name="hsa:7320" type="gene"
        link="http://www.kegg.jp/dbget-bin/www_bget?hsa:7320">
        <graphics name="UBE2B, E2-17kDa, HHR6B, HR6B, RAD6B, UBC2" fgcolor="#000000" bgcolor="#BFFFBF"
             type="rectangle" x="555" y="349" width="46" height="17"/>
    </entry>
    <entry id="110" name="path:hsa04120" type="map"
        link="http://www.kegg.jp/dbget-bin/www_bget?hsa04120">
        <graphics name="TITLE:Ubiquitin mediated proteolysis" fgcolor="#000000" bgcolor="#FFFFFF"
             type="roundrectangle" x="180" y="58" width="280" height="25"/>
    </entry>
    <entry id="111" name="hsa:25847" type="gene"
        link="http://www.kegg.jp/dbget-bin/www_bget?hsa:25847">
        <graphics name="ANAPC13, APC13, SWM1" fgcolor="#000000" bgcolor="#BFFFBF"
             type="rectangle" x="938" y="875" width="46" height="17"/>
    </entry>
    <entry id="112" name="hsa:10477 hsa:7324 hsa:7325" type="gene"
        link="http://www.kegg.jp/dbget-bin/www_bget?hsa:10477+hsa:7324+hsa:7325">
        <graphics name="UBE2E3, UBCH9, UbcM2..." fgcolor="#000000" bgcolor="#BFFFBF"
             type="rectangle" x="711" y="349" width="46" height="17"/>
    </entry>
</pathway>
