<?xml version="1.0"?>
<!DOCTYPE pathway SYSTEM "http://www.kegg.jp/kegg/xml/KGML_v0.7.2_.dtd">
<!-- Creation date: Nov 26, 2015 09:19:45 +0900 (GMT+9) -->
<pathway name="path:hsa04974" org="hsa" number="04974"
         title="Protein digestion and absorption"
         image="http://www.kegg.jp/kegg/pathway/hsa/hsa04974.png"
         link="http://www.kegg.jp/kegg-bin/show_pathway?hsa04974">
    <entry id="1" name="path:hsa04974" type="map"
        link="http://www.kegg.jp/dbget-bin/www_bget?hsa04974">
        <graphics name="TITLE:Protein digestion and absorption" fgcolor="#000000" bgcolor="#FFFFFF"
             type="roundrectangle" x="195" y="58" width="310" height="25"/>
    </entry>
    <entry id="2" name="path:hsa04530" type="map"
        link="http://www.kegg.jp/dbget-bin/www_bget?hsa04530">
        <graphics name="Tight junction" fgcolor="#000000" bgcolor="#FFFFFF"
             type="roundrectangle" x="682" y="113" width="115" height="25"/>
    </entry>
    <entry id="3" name="hsa:6505" type="gene"
        link="http://www.kegg.jp/dbget-bin/www_bget?hsa:6505">
        <graphics name="SLC1A1, DCBXA, EAAC1, EAAT3, SCZD18" fgcolor="#000000" bgcolor="#BFFFBF"
             type="rectangle" x="534" y="511" width="46" height="17"/>
    </entry>
    <entry id="4" name="hsa:11136" type="gene"
        link="http://www.kegg.jp/dbget-bin/www_bget?hsa:11136">
        <graphics name="SLC7A9, BAT1, CSNU3" fgcolor="#000000" bgcolor="#BFFFBF"
             type="rectangle" x="535" y="766" width="46" height="17"/>
    </entry>
    <entry id="5" name="hsa:23428" type="gene"
        link="http://www.kegg.jp/dbget-bin/www_bget?hsa:23428">
        <graphics name="SLC7A8, LAT2, LPI-PC1" fgcolor="#000000" bgcolor="#BFFFBF"
             type="rectangle" x="1007" y="644" width="46" height="17"/>
    </entry>
    <entry id="6" name="hsa:54407" type="gene"
        link="http://www.kegg.jp/dbget-bin/www_bget?hsa:54407">
        <graphics name="SLC38A2, ATA2, PRO1068, SAT2, SNAT2" fgcolor="#000000" bgcolor="#BFFFBF"
             type="rectangle" x="1007" y="456" width="46" height="17"/>
    </entry>
    <entry id="7" name="cpd:C01330" type="compound"
        link="http://www.kegg.jp/dbget-bin/www_bget?C01330">
        <graphics name="C01330" fgcolor="#000000" bgcolor="#FFFFFF"
             type="circle" x="1080" y="312" width="8" height="8"/>
    </entry>
    <entry id="8" name="cpd:C01330" type="compound"
        link="http://www.kegg.jp/dbget-bin/www_bget?C01330">
        <graphics name="C01330" fgcolor="#000000" bgcolor="#FFFFFF"
             type="circle" x="478" y="504" width="8" height="8"/>
    </entry>
    <entry id="9" name="cpd:C00025 cpd:C00049" type="compound"
        link="http://www.kegg.jp/dbget-bin/www_bget?C00025+C00049">
        <graphics name="C00025..." fgcolor="#000000" bgcolor="#FFFFFF"
             type="circle" x="453" y="509" width="8" height="8"/>
    </entry>
    <entry id="10" name="cpd:C00037 cpd:C00041 cpd:C00183 cpd:C00123 cpd:C00073 cpd:C00407 cpd:C00079 cpd:C00078 cpd:C00065 cpd:C00188 cpd:C00152 cpd:C00064" type="compound"
        link="http://www.kegg.jp/dbget-bin/www_bget?C00037+C00041+C00183+C00123+C00073+C00407+C00079+C00078+C00065+C00188+C00152+C00064">
        <graphics name="C00037..." fgcolor="#000000" bgcolor="#FFFFFF"
             type="circle" x="1075" y="641" width="8" height="8"/>
    </entry>
    <entry id="11" name="cpd:C00062 cpd:C00047 cpd:C16138 cpd:C00491" type="compound"
        link="http://www.kegg.jp/dbget-bin/www_bget?C00062+C00047+C16138+C00491">
        <graphics name="C00062..." fgcolor="#000000" bgcolor="#FFFFFF"
             type="circle" x="479" y="765" width="8" height="8"/>
    </entry>
    <entry id="12" name="hsa:9056" type="gene"
        link="http://www.kegg.jp/dbget-bin/www_bget?hsa:9056">
        <graphics name="SLC7A7, LAT3, LPI, MOP-2, Y+LAT1, y+LAT-1" fgcolor="#000000" bgcolor="#BFFFBF"
             type="rectangle" x="1007" y="770" width="46" height="17"/>
    </entry>
    <entry id="13" name="cpd:C00047 cpd:C00062 cpd:C00135" type="compound"
        link="http://www.kegg.jp/dbget-bin/www_bget?C00047+C00062+C00135">
        <graphics name="C00047..." fgcolor="#000000" bgcolor="#FFFFFF"
             type="circle" x="1104" y="771" width="8" height="8"/>
    </entry>
    <entry id="14" name="cpd:C01330" type="compound"
        link="http://www.kegg.jp/dbget-bin/www_bget?C01330">
        <graphics name="C01330" fgcolor="#000000" bgcolor="#FFFFFF"
             type="circle" x="1070" y="450" width="8" height="8"/>
    </entry>
    <entry id="15" name="cpd:C00037 cpd:C00148 cpd:C00041 cpd:C00065 cpd:C00097 cpd:C00064 cpd:C00152 cpd:C00135 cpd:C00073" type="compound"
        link="http://www.kegg.jp/dbget-bin/www_bget?C00037+C00148+C00041+C00065+C00097+C00064+C00152+C00135+C00073">
        <graphics name="C00037..." fgcolor="#000000" bgcolor="#FFFFFF"
             type="circle" x="1071" y="460" width="8" height="8"/>
    </entry>
    <entry id="16" name="hsa:6564" type="gene"
        link="http://www.kegg.jp/dbget-bin/www_bget?hsa:6564">
        <graphics name="SLC15A1, HPECT1, HPEPT1, PEPT1" fgcolor="#000000" bgcolor="#BFFFBF"
             type="rectangle" x="533" y="383" width="46" height="17"/>
    </entry>
    <entry id="17" name="hsa:340024" type="gene"
        link="http://www.kegg.jp/dbget-bin/www_bget?hsa:340024">
        <graphics name="SLC6A19, B0AT1, HND" fgcolor="#000000" bgcolor="#BFFFBF"
             type="rectangle" x="533" y="637" width="46" height="17"/>
    </entry>
    <entry id="18" name="hsa:6510" type="gene"
        link="http://www.kegg.jp/dbget-bin/www_bget?hsa:6510">
        <graphics name="SLC1A5, AAAT, ASCT2, ATBO, M7V1, M7VS1, R16, RDRC" fgcolor="#000000" bgcolor="#BFFFBF"
             type="rectangle" x="621" y="570" width="46" height="17"/>
    </entry>
    <entry id="19" name="path:hsa04972" type="map"
        link="http://www.kegg.jp/dbget-bin/www_bget?hsa04972">
        <graphics name="Pancreatic secretion" fgcolor="#000000" bgcolor="#FFFFFF"
             type="roundrectangle" x="217" y="313" width="124" height="25"/>
    </entry>
    <entry id="20" name="hsa:5644 hsa:5645 hsa:5646" type="gene"
        link="http://www.kegg.jp/dbget-bin/www_bget?hsa:5644+hsa:5645+hsa:5646">
        <graphics name="PRSS1, TRP1, TRY1, TRY4, TRYP1..." fgcolor="#000000" bgcolor="#BFFFBF"
             type="rectangle" x="159" y="361" width="46" height="17"/>
    </entry>
    <entry id="21" name="hsa:6519" type="gene"
        link="http://www.kegg.jp/dbget-bin/www_bget?hsa:6519">
        <graphics name="SLC3A1, ATR1, CSNU1, D2H, NBAT, RBAT" fgcolor="#000000" bgcolor="#BFFFBF"
             type="rectangle" x="508" y="749" width="46" height="17"/>
    </entry>
    <entry id="22" name="hsa:23439 hsa:476 hsa:477 hsa:478 hsa:480 hsa:481 hsa:482 hsa:483 hsa:486" type="gene"
        link="http://www.kegg.jp/dbget-bin/www_bget?hsa:23439+hsa:476+hsa:477+hsa:478+hsa:480+hsa:481+hsa:482+hsa:483+hsa:486">
        <graphics name="ATP1B4..." fgcolor="#000000" bgcolor="#BFFFBF"
             type="rectangle" x="1008" y="308" width="47" height="17"/>
    </entry>
    <entry id="23" name="cpd:C00037 cpd:C00041 cpd:C00183 cpd:C00123 cpd:C00073 cpd:C00407 cpd:C00148 cpd:C00079 cpd:C00078 cpd:C00065 cpd:C00188 cpd:C00152 cpd:C00064" type="compound"
        link="http://www.kegg.jp/dbget-bin/www_bget?C00037+C00041+C00183+C00123+C00073+C00407+C00148+C00079+C00078+C00065+C00188+C00152+C00064">
        <graphics name="C00037..." fgcolor="#000000" bgcolor="#FFFFFF"
             type="circle" x="779" y="642" width="8" height="8"/>
    </entry>
    <entry id="24" name="cpd:C00097" type="compound"
        link="http://www.kegg.jp/dbget-bin/www_bget?C00097">
        <graphics name="C00097" fgcolor="#000000" bgcolor="#FFFFFF"
             type="circle" x="769" y="699" width="8" height="8"/>
    </entry>
    <entry id="25" name="hsa:6520" type="gene"
        link="http://www.kegg.jp/dbget-bin/www_bget?hsa:6520">
        <graphics name="SLC3A2, 4F2, 4F2HC, 4T2HC, CD98, CD98HC, MDU1, NACAE" fgcolor="#000000" bgcolor="#BFFFBF"
             type="rectangle" x="1007" y="753" width="46" height="17"/>
    </entry>
    <entry id="26" name="hsa:6520" type="gene"
        link="http://www.kegg.jp/dbget-bin/www_bget?hsa:6520">
        <graphics name="SLC3A2, 4F2, 4F2HC, 4T2HC, CD98, CD98HC, MDU1, NACAE" fgcolor="#000000" bgcolor="#BFFFBF"
             type="rectangle" x="1007" y="627" width="46" height="17"/>
    </entry>
    <entry id="27" name="cpd:C00037 cpd:C00041 cpd:C00183 cpd:C00123 cpd:C00073 cpd:C00407 cpd:C00148 cpd:C00079 cpd:C00078 cpd:C00065 cpd:C00188 cpd:C00152 cpd:C00064" type="compound"
        link="http://www.kegg.jp/dbget-bin/www_bget?C00037+C00041+C00183+C00123+C00073+C00407+C00148+C00079+C00078+C00065+C00188+C00152+C00064">
        <graphics name="C00037..." fgcolor="#000000" bgcolor="#FFFFFF"
             type="circle" x="456" y="639" width="8" height="8"/>
    </entry>
    <entry id="28" name="cpd:C01330" type="compound"
        link="http://www.kegg.jp/dbget-bin/www_bget?C01330">
        <graphics name="C01330" fgcolor="#000000" bgcolor="#FFFFFF"
             type="circle" x="478" y="631" width="8" height="8"/>
    </entry>
    <entry id="29" name="cpd:C00080" type="compound"
        link="http://www.kegg.jp/dbget-bin/www_bget?C00080">
        <graphics name="C00080" fgcolor="#000000" bgcolor="#FFFFFF"
             type="circle" x="480" y="379" width="8" height="8"/>
    </entry>
    <entry id="30" name="cpd:C00238" type="compound"
        link="http://www.kegg.jp/dbget-bin/www_bget?C00238">
        <graphics name="C00238" fgcolor="#000000" bgcolor="#FFFFFF"
             type="circle" x="597" y="515" width="8" height="8"/>
    </entry>
    <entry id="31" name="hsa:1504" type="gene"
        link="http://www.kegg.jp/dbget-bin/www_bget?hsa:1504">
        <graphics name="CTRB1, CTRB" fgcolor="#000000" bgcolor="#BFFFBF"
             type="rectangle" x="214" y="361" width="46" height="17"/>
    </entry>
    <entry id="32" name="hsa:1506" type="gene"
        link="http://www.kegg.jp/dbget-bin/www_bget?hsa:1506">
        <graphics name="CTRL, CTRL1" fgcolor="#000000" bgcolor="#BFFFBF"
             type="rectangle" x="269" y="361" width="46" height="17"/>
    </entry>
    <entry id="33" name="hsa:10136 hsa:23436 hsa:51032 hsa:63036" type="gene"
        link="http://www.kegg.jp/dbget-bin/www_bget?hsa:10136+hsa:23436+hsa:51032+hsa:63036">
        <graphics name="CELA3A, ELA3, ELA3A..." fgcolor="#000000" bgcolor="#BFFFBF"
             type="rectangle" x="159" y="388" width="46" height="17"/>
    </entry>
    <entry id="34" name="hsa:1357 hsa:1358 hsa:1359" type="gene"
        link="http://www.kegg.jp/dbget-bin/www_bget?hsa:1357+hsa:1358+hsa:1359">
        <graphics name="CPA1, CPA..." fgcolor="#000000" bgcolor="#BFFFBF"
             type="rectangle" x="159" y="414" width="46" height="17"/>
    </entry>
    <entry id="35" name="hsa:1360 hsa:1361" type="gene"
        link="http://www.kegg.jp/dbget-bin/www_bget?hsa:1360+hsa:1361">
        <graphics name="CPB1, CPB, PASP, PCPB..." fgcolor="#000000" bgcolor="#BFFFBF"
             type="rectangle" x="214" y="414" width="46" height="17"/>
    </entry>
    <entry id="36" name="hsa:5222 hsa:643834 hsa:643847" type="gene"
        link="http://www.kegg.jp/dbget-bin/www_bget?hsa:5222+hsa:643834+hsa:643847">
        <graphics name="PGA5, Pg5..." fgcolor="#000000" bgcolor="#BFFFBF"
             type="rectangle" x="212" y="275" width="46" height="17"/>
    </entry>
    <entry id="37" name="hsa:6550" type="gene"
        link="http://www.kegg.jp/dbget-bin/www_bget?hsa:6550">
        <graphics name="SLC9A3, DIAR8, NHE-3, NHE3" fgcolor="#000000" bgcolor="#BFFFBF"
             type="rectangle" x="619" y="316" width="46" height="17"/>
    </entry>
    <entry id="38" name="cpd:C01330" type="compound"
        link="http://www.kegg.jp/dbget-bin/www_bget?C01330">
        <graphics name="C01330" fgcolor="#000000" bgcolor="#FFFFFF"
             type="circle" x="562" y="311" width="8" height="8"/>
    </entry>
    <entry id="39" name="cpd:C00080" type="compound"
        link="http://www.kegg.jp/dbget-bin/www_bget?C00080">
        <graphics name="C00080" fgcolor="#000000" bgcolor="#FFFFFF"
             type="circle" x="689" y="320" width="8" height="8"/>
    </entry>
    <entry id="40" name="cpd:C00238" type="compound"
        link="http://www.kegg.jp/dbget-bin/www_bget?C00238">
        <graphics name="C00238" fgcolor="#000000" bgcolor="#FFFFFF"
             type="circle" x="1074" y="303" width="8" height="8"/>
    </entry>
    <entry id="41" name="hsa:10008 hsa:3769 hsa:3783 hsa:3784 hsa:8645" type="gene"
        link="http://www.kegg.jp/dbget-bin/www_bget?hsa:10008+hsa:3769+hsa:3783+hsa:3784+hsa:8645">
        <graphics name="KCNE3, HOKPP, HYPP, MiRP2..." fgcolor="#000000" bgcolor="#BFFFBF"
             type="rectangle" x="1007" y="268" width="46" height="17"/>
    </entry>
    <entry id="42" name="cpd:C00238" type="compound"
        link="http://www.kegg.jp/dbget-bin/www_bget?C00238">
        <graphics name="C00238" fgcolor="#000000" bgcolor="#FFFFFF"
             type="circle" x="954" y="267" width="8" height="8"/>
    </entry>
    <entry id="43" name="cpd:C00049 cpd:C00025 cpd:C00082 cpd:C00097" type="compound"
        link="http://www.kegg.jp/dbget-bin/www_bget?C00049+C00025+C00082+C00097">
        <graphics name="C00049..." fgcolor="#000000" bgcolor="#FFFFFF"
             type="circle" x="868" y="506" width="8" height="8"/>
    </entry>
    <entry id="44" name="cpd:C00064 cpd:C00073 cpd:C00123" type="compound"
        link="http://www.kegg.jp/dbget-bin/www_bget?C00064+C00073+C00123">
        <graphics name="C00064..." fgcolor="#000000" bgcolor="#FFFFFF"
             type="circle" x="927" y="763" width="8" height="8"/>
    </entry>
    <entry id="45" name="cpd:C00037 cpd:C00041 cpd:C00183 cpd:C00123 cpd:C00073 cpd:C00407 cpd:C00148 cpd:C00079 cpd:C00078 cpd:C00065 cpd:C00188 cpd:C00152 cpd:C00064 cpd:C00062 cpd:C00135 cpd:C00047 cpd:C00049 cpd:C00025 cpd:C00082 cpd:C00097" type="compound"
        link="http://www.kegg.jp/dbget-bin/www_bget?C00037+C00041+C00183+C00123+C00073+C00407+C00148+C00079+C00078+C00065+C00188+C00152+C00064+C00062+C00135+C00047+C00049+C00025+C00082+C00097">
        <graphics name="C00037..." fgcolor="#000000" bgcolor="#FFFFFF"
             type="circle" x="806" y="448" width="8" height="8"/>
    </entry>
    <entry id="46" name="hsa:206358" type="gene"
        link="http://www.kegg.jp/dbget-bin/www_bget?hsa:206358">
        <graphics name="SLC36A1, Dct1, LYAAT1, PAT1, TRAMD3" fgcolor="#000000" bgcolor="#BFFFBF"
             type="rectangle" x="622" y="699" width="46" height="17"/>
    </entry>
    <entry id="47" name="cpd:C00148 cpd:C00037 cpd:C00099" type="compound"
        link="http://www.kegg.jp/dbget-bin/www_bget?C00148+C00037+C00099">
        <graphics name="C00148..." fgcolor="#000000" bgcolor="#FFFFFF"
             type="circle" x="574" y="695" width="8" height="8"/>
    </entry>
    <entry id="48" name="cpd:C00080" type="compound"
        link="http://www.kegg.jp/dbget-bin/www_bget?C00080">
        <graphics name="C00080" fgcolor="#000000" bgcolor="#FFFFFF"
             type="circle" x="547" y="702" width="8" height="8"/>
    </entry>
    <entry id="49" name="cpd:C00062 cpd:C00047 cpd:C00135" type="compound"
        link="http://www.kegg.jp/dbget-bin/www_bget?C00062+C00047+C00135">
        <graphics name="C00062..." fgcolor="#000000" bgcolor="#FFFFFF"
             type="circle" x="805" y="771" width="8" height="8"/>
    </entry>
    <entry id="50" name="hsa:6543 hsa:6546 hsa:6547" type="gene"
        link="http://www.kegg.jp/dbget-bin/www_bget?hsa:6543+hsa:6546+hsa:6547">
        <graphics name="SLC8A2, NCX2..." fgcolor="#000000" bgcolor="#BFFFBF"
             type="rectangle" x="1007" y="579" width="46" height="17"/>
    </entry>
    <entry id="51" name="cpd:C01330" type="compound"
        link="http://www.kegg.jp/dbget-bin/www_bget?C01330">
        <graphics name="C01330" fgcolor="#000000" bgcolor="#FFFFFF"
             type="circle" x="1075" y="574" width="8" height="8"/>
    </entry>
    <entry id="52" name="cpd:C00076" type="compound"
        link="http://www.kegg.jp/dbget-bin/www_bget?C00076">
        <graphics name="C00076" fgcolor="#000000" bgcolor="#FFFFFF"
             type="circle" x="951" y="583" width="8" height="8"/>
    </entry>
    <entry id="53" name="hsa:1803 hsa:4224 hsa:4225 hsa:4311 hsa:5547 hsa:59272 hsa:7512" type="gene"
        link="http://www.kegg.jp/dbget-bin/www_bget?hsa:1803+hsa:4224+hsa:4225+hsa:4311+hsa:5547+hsa:59272+hsa:7512">
        <graphics name="DPP4, ADABP, ADCP2, CD26, DPPIV, TP103..." fgcolor="#000000" bgcolor="#BFFFBF"
             type="rectangle" x="620" y="446" width="46" height="17"/>
    </entry>
    <entry id="54" name="path:hsa04971" type="map"
        link="http://www.kegg.jp/dbget-bin/www_bget?hsa04971">
        <graphics name="Gastric acid secretion" fgcolor="#000000" bgcolor="#FFFFFF"
             type="roundrectangle" x="218" y="205" width="124" height="25"/>
    </entry>
    <entry id="55" name="hsa:2006" type="gene"
        link="http://www.kegg.jp/dbget-bin/www_bget?hsa:2006">
        <graphics name="ELN, SVAS, WBS, WS" fgcolor="#000000" bgcolor="#BFFFBF"
             type="rectangle" x="134" y="591" width="46" height="17"/>
    </entry>
    <entry id="56" name="hsa:1277 hsa:1278 hsa:1280 hsa:1281 hsa:1282 hsa:1284 hsa:1285 hsa:1286 hsa:1287 hsa:1288 hsa:1289 hsa:1290 hsa:1291 hsa:1292 hsa:1293 hsa:1294 hsa:1297 hsa:1298 hsa:1299 hsa:1300 hsa:1301 hsa:1302 hsa:1303 hsa:1305 hsa:1306 hsa:1308 hsa:131873 hsa:169044 hsa:255631 hsa:256076 hsa:50509 hsa:7373 hsa:80781 hsa:81578 hsa:85301" type="gene"
        link="http://www.kegg.jp/dbget-bin/www_bget?hsa:1277+hsa:1278+hsa:1280+hsa:1281+hsa:1282+hsa:1284+hsa:1285+hsa:1286+hsa:1287+hsa:1288+hsa:1289+hsa:1290+hsa:1291+hsa:1292+hsa:1293+hsa:1294+hsa:1297+hsa:1298+hsa:1299+hsa:1300+hsa:1301+hsa:1302+hsa:1303+hsa:1305+hsa:1306+hsa:1308+hsa:131873+hsa:169044+hsa:255631+hsa:256076+hsa:50509+hsa:7373+hsa:80781+hsa:81578+hsa:85301">
        <graphics name="COL1A1, EDSC, OI1, OI2, OI3, OI4..." fgcolor="#000000" bgcolor="#BFFFBF"
             type="rectangle" x="134" y="615" width="46" height="17"/>
    </entry>
    <entry id="57" name="cpd:C00246" type="compound"
        link="http://www.kegg.jp/dbget-bin/www_bget?C00246">
        <graphics name="C00246" fgcolor="#000000" bgcolor="#FFFFFF"
             type="circle" x="140" y="749" width="8" height="8"/>
    </entry>
    <entry id="58" name="cpd:C00163" type="compound"
        link="http://www.kegg.jp/dbget-bin/www_bget?C00163">
        <graphics name="C00163" fgcolor="#000000" bgcolor="#FFFFFF"
             type="circle" x="211" y="749" width="8" height="8"/>
    </entry>
    <entry id="59" name="cpd:C00033" type="compound"
        link="http://www.kegg.jp/dbget-bin/www_bget?C00033">
        <graphics name="C00033" fgcolor="#000000" bgcolor="#FFFFFF"
             type="circle" x="275" y="749" width="8" height="8"/>
    </entry>
    <entry id="60" name="cpd:C02632" type="compound"
        link="http://www.kegg.jp/dbget-bin/www_bget?C02632">
        <graphics name="C02632" fgcolor="#000000" bgcolor="#FFFFFF"
             type="circle" x="142" y="811" width="8" height="8"/>
    </entry>
    <entry id="61" name="cpd:C08262" type="compound"
        link="http://www.kegg.jp/dbget-bin/www_bget?C08262">
        <graphics name="C08262" fgcolor="#000000" bgcolor="#FFFFFF"
             type="circle" x="188" y="790" width="8" height="8"/>
    </entry>
    <entry id="62" name="cpd:C18319" type="compound"
        link="http://www.kegg.jp/dbget-bin/www_bget?C18319">
        <graphics name="C18319" fgcolor="#000000" bgcolor="#FFFFFF"
             type="circle" x="236" y="809" width="8" height="8"/>
    </entry>
    <entry id="63" name="cpd:C05996" type="compound"
        link="http://www.kegg.jp/dbget-bin/www_bget?C05996">
        <graphics name="C05996" fgcolor="#000000" bgcolor="#FFFFFF"
             type="circle" x="272" y="790" width="8" height="8"/>
    </entry>
    <entry id="64" name="cpd:C00011" type="compound"
        link="http://www.kegg.jp/dbget-bin/www_bget?C00011">
        <graphics name="C00011" fgcolor="#000000" bgcolor="#FFFFFF"
             type="circle" x="336" y="750" width="8" height="8"/>
    </entry>
    <entry id="65" name="cpd:C00282" type="compound"
        link="http://www.kegg.jp/dbget-bin/www_bget?C00282">
        <graphics name="C00282" fgcolor="#000000" bgcolor="#FFFFFF"
             type="circle" x="336" y="771" width="8" height="8"/>
    </entry>
    <entry id="66" name="cpd:C01438" type="compound"
        link="http://www.kegg.jp/dbget-bin/www_bget?C01438">
        <graphics name="C01438" fgcolor="#000000" bgcolor="#FFFFFF"
             type="circle" x="336" y="792" width="8" height="8"/>
    </entry>
    <entry id="67" name="cpd:C00014" type="compound"
        link="http://www.kegg.jp/dbget-bin/www_bget?C00014">
        <graphics name="C00014" fgcolor="#000000" bgcolor="#FFFFFF"
             type="circle" x="336" y="813" width="8" height="8"/>
    </entry>
    <entry id="68" name="cpd:C00483 cpd:C00388 cpd:C01746 cpd:C01672 cpd:C00134" type="compound"
        link="http://www.kegg.jp/dbget-bin/www_bget?C00483+C00388+C01746+C01672+C00134">
        <graphics name="C00483..." fgcolor="#000000" bgcolor="#FFFFFF"
             type="circle" x="336" y="834" width="8" height="8"/>
    </entry>
    <entry id="69" name="cpd:C00146 cpd:C01468" type="compound"
        link="http://www.kegg.jp/dbget-bin/www_bget?C00146+C01468">
        <graphics name="C00146..." fgcolor="#000000" bgcolor="#FFFFFF"
             type="circle" x="336" y="855" width="8" height="8"/>
    </entry>
    <entry id="70" name="cpd:C00463" type="compound"
        link="http://www.kegg.jp/dbget-bin/www_bget?C00463">
        <graphics name="C00463" fgcolor="#000000" bgcolor="#FFFFFF"
             type="circle" x="336" y="895" width="8" height="8"/>
    </entry>
    <entry id="71" name="hsa:117247" type="gene"
        link="http://www.kegg.jp/dbget-bin/www_bget?hsa:117247">
        <graphics name="SLC16A10, MCT10, PRO0813, TAT1" fgcolor="#000000" bgcolor="#BFFFBF"
             type="rectangle" x="1007" y="699" width="46" height="17"/>
    </entry>
    <entry id="72" name="cpd:C00079 cpd:C00082 cpd:C00078" type="compound"
        link="http://www.kegg.jp/dbget-bin/www_bget?C00079+C00082+C00078">
        <graphics name="C00079..." fgcolor="#000000" bgcolor="#FFFFFF"
             type="circle" x="1074" y="699" width="8" height="8"/>
    </entry>
    <entry id="73" name="cpd:C01327" type="compound"
        link="http://www.kegg.jp/dbget-bin/www_bget?C01327">
        <graphics name="C01327" fgcolor="#000000" bgcolor="#FFFFFF"
             type="circle" x="213" y="241" width="8" height="8"/>
    </entry>
    <entry id="74" name="path:ko00350" type="map"
        link="http://www.kegg.jp/dbget-bin/www_bget?ko00350">
        <graphics name="Tyrosine metabolism" fgcolor="#000000" bgcolor="#FFFFFF"
             type="roundrectangle" x="330" y="665" width="126" height="25"/>
    </entry>
    <entry id="75" name="path:ko00280" type="map"
        link="http://www.kegg.jp/dbget-bin/www_bget?ko00280">
        <graphics name="Valine, leucine and isoleucine degradation" fgcolor="#000000" bgcolor="#FFFFFF"
             type="roundrectangle" x="105" y="679" width="126" height="34"/>
    </entry>
    <entry id="76" name="path:ko00380" type="map"
        link="http://www.kegg.jp/dbget-bin/www_bget?ko00380">
        <graphics name="Tryptophan metabolism" fgcolor="#000000" bgcolor="#FFFFFF"
             type="roundrectangle" x="330" y="695" width="126" height="25"/>
    </entry>
    <entry id="77" name="path:hsa00250" type="map"
        link="http://www.kegg.jp/dbget-bin/www_bget?hsa00250">
        <graphics name="Alanine, aspartate and glutamate metabolism" fgcolor="#000000" bgcolor="#FFFFFF"
             type="roundrectangle" x="916" y="540" width="126" height="34"/>
    </entry>
    <entry id="78" name="cpd:C01330" type="compound"
        link="http://www.kegg.jp/dbget-bin/www_bget?C01330">
        <graphics name="C01330" fgcolor="#000000" bgcolor="#FFFFFF"
             type="circle" x="674" y="574" width="8" height="8"/>
    </entry>
    <entry id="79" name="cpd:C00041 cpd:C00065 cpd:C00097 cpd:C00188 cpd:C00064" type="compound"
        link="http://www.kegg.jp/dbget-bin/www_bget?C00041+C00065+C00097+C00188+C00064">
        <graphics name="C00041..." fgcolor="#000000" bgcolor="#FFFFFF"
             type="circle" x="694" y="567" width="8" height="8"/>
    </entry>
    <entry id="80" name="cpd:C00037 cpd:C00041 cpd:C00183 cpd:C00123 cpd:C00073 cpd:C00407 cpd:C00079 cpd:C00078 cpd:C00065 cpd:C00188 cpd:C00152 cpd:C00064" type="compound"
        link="http://www.kegg.jp/dbget-bin/www_bget?C00037+C00041+C00183+C00123+C00073+C00407+C00079+C00078+C00065+C00188+C00152+C00064">
        <graphics name="C00037..." fgcolor="#000000" bgcolor="#FFFFFF"
             type="circle" x="942" y="648" width="8" height="8"/>
    </entry>
    <entry id="81" name="cpd:C01330" type="compound"
        link="http://www.kegg.jp/dbget-bin/www_bget?C01330">
        <graphics name="C01330" fgcolor="#000000" bgcolor="#FFFFFF"
             type="circle" x="1057" y="776" width="8" height="8"/>
    </entry>
    <relation entry1="73" entry2="36" type="PCrel">
        <subtype name="activation" value="--&gt;"/>
    </relation>
</pathway>
