<?xml version="1.0"?>
<!DOCTYPE pathway SYSTEM "http://www.kegg.jp/kegg/xml/KGML_v0.7.2_.dtd">
<!-- Creation date: Mar 24, 2017 10:17:51 +0900 (GMT+9) -->
<pathway name="path:hsa04145" org="hsa" number="04145"
         title="Phagosome"
         image="http://www.kegg.jp/kegg/pathway/hsa/hsa04145.png"
         link="http://www.kegg.jp/kegg-bin/show_pathway?hsa04145">
    <entry id="1" name="path:hsa04145" type="map"
        link="http://www.kegg.jp/dbget-bin/www_bget?hsa04145">
        <graphics name="TITLE:Phagosome" fgcolor="#000000" bgcolor="#FFFFFF"
             type="roundrectangle" x="90" y="58" width="100" height="25"/>
    </entry>
    <entry id="2" name="path:hsa04666" type="map"
        link="http://www.kegg.jp/dbget-bin/www_bget?hsa04666">
        <graphics name="Fc gamma R-mediated phagocytosis" fgcolor="#000000" bgcolor="#FFFFFF"
             type="roundrectangle" x="338" y="85" width="116" height="34"/>
    </entry>
    <entry id="3" name="path:hsa04144" type="map"
        link="http://www.kegg.jp/dbget-bin/www_bget?hsa04144">
        <graphics name="Endocytosis" fgcolor="#000000" bgcolor="#FFFFFF"
             type="roundrectangle" x="136" y="119" width="92" height="25"/>
    </entry>
    <entry id="4" name="hsa:9554" type="gene"
        link="http://www.kegg.jp/dbget-bin/www_bget?hsa:9554">
        <graphics name="SEC22B, ERS-24, SEC22L1" fgcolor="#000000" bgcolor="#BFFFBF"
             type="rectangle" x="667" y="196" width="46" height="17"/>
    </entry>
    <entry id="5" name="hsa:53407" type="gene"
        link="http://www.kegg.jp/dbget-bin/www_bget?hsa:53407">
        <graphics name="STX18, Ufe1" fgcolor="#000000" bgcolor="#BFFFBF"
             type="rectangle" x="667" y="175" width="46" height="17"/>
    </entry>
    <entry id="6" name="hsa:9341" type="gene"
        link="http://www.kegg.jp/dbget-bin/www_bget?hsa:9341">
        <graphics name="VAMP3, CEB" fgcolor="#000000" bgcolor="#BFFFBF"
             type="rectangle" x="320" y="192" width="46" height="17"/>
    </entry>
    <entry id="7" name="hsa:2204" type="gene"
        link="http://www.kegg.jp/dbget-bin/www_bget?hsa:2204">
        <graphics name="FCAR, CD89, CTB-61M7.2, FcalphaRI" fgcolor="#000000" bgcolor="#BFFFBF"
             type="rectangle" x="870" y="131" width="46" height="17"/>
    </entry>
    <entry id="8" name="hsa:2209 hsa:2212 hsa:2213 hsa:2214 hsa:2215 hsa:9103" type="gene"
        link="http://www.kegg.jp/dbget-bin/www_bget?hsa:2209+hsa:2212+hsa:2213+hsa:2214+hsa:2215+hsa:9103">
        <graphics name="FCGR1A, CD64, CD64A, FCRI, IGFR1..." fgcolor="#000000" bgcolor="#BFFFBF"
             type="rectangle" x="920" y="131" width="46" height="17"/>
    </entry>
    <entry id="9" name="hsa:715" type="gene"
        link="http://www.kegg.jp/dbget-bin/www_bget?hsa:715">
        <graphics name="C1R, EDSPD1" fgcolor="#000000" bgcolor="#BFFFBF"
             type="rectangle" x="870" y="176" width="46" height="17"/>
    </entry>
    <entry id="10" name="hsa:3684 hsa:3689" type="gene"
        link="http://www.kegg.jp/dbget-bin/www_bget?hsa:3684+hsa:3689">
        <graphics name="ITGAM, CD11B, CR3A, MAC-1, MAC1A, MO1A, SLEB6..." fgcolor="#000000" bgcolor="#BFFFBF"
             type="rectangle" x="920" y="176" width="46" height="17"/>
    </entry>
    <entry id="11" name="hsa:3685 hsa:3690" type="gene"
        link="http://www.kegg.jp/dbget-bin/www_bget?hsa:3685+hsa:3690">
        <graphics name="ITGAV, CD51, MSK8, VNRA, VTNR..." fgcolor="#000000" bgcolor="#BFFFBF"
             type="rectangle" x="920" y="252" width="46" height="17"/>
    </entry>
    <entry id="12" name="hsa:3688" type="gene"
        link="http://www.kegg.jp/dbget-bin/www_bget?hsa:3688">
        <graphics name="ITGB1, CD29, FNRB, GPIIA, MDF2, MSK12, VLA-BETA, VLAB" fgcolor="#000000" bgcolor="#BFFFBF"
             type="rectangle" x="970" y="273" width="46" height="17"/>
    </entry>
    <entry id="13" name="hsa:22925 hsa:4360 hsa:9902" type="gene"
        link="http://www.kegg.jp/dbget-bin/www_bget?hsa:22925+hsa:4360+hsa:9902">
        <graphics name="PLA2R1, CLEC13C, PLA2-R, PLA2G1R, PLA2IR, PLA2R..." fgcolor="#000000" bgcolor="#BFFFBF"
             type="rectangle" x="870" y="392" width="46" height="17"/>
    </entry>
    <entry id="14" name="hsa:4481" type="gene"
        link="http://www.kegg.jp/dbget-bin/www_bget?hsa:4481">
        <graphics name="MSR1, CD204, SCARA1, SR-A, SRA, phSR1, phSR2" fgcolor="#000000" bgcolor="#BFFFBF"
             type="rectangle" x="870" y="432" width="46" height="17"/>
    </entry>
    <entry id="15" name="hsa:3685 hsa:3693" type="gene"
        link="http://www.kegg.jp/dbget-bin/www_bget?hsa:3685+hsa:3693">
        <graphics name="ITGAV, CD51, MSK8, VNRA, VTNR..." fgcolor="#000000" bgcolor="#BFFFBF"
             type="rectangle" x="970" y="252" width="46" height="17"/>
    </entry>
    <entry id="16" name="hsa:3684 hsa:3689" type="gene"
        link="http://www.kegg.jp/dbget-bin/www_bget?hsa:3684+hsa:3689">
        <graphics name="ITGAM, CD11B, CR3A, MAC-1, MAC1A, MO1A, SLEB6..." fgcolor="#000000" bgcolor="#BFFFBF"
             type="rectangle" x="870" y="252" width="46" height="17"/>
    </entry>
    <entry id="17" name="hsa:3673 hsa:3688" type="gene"
        link="http://www.kegg.jp/dbget-bin/www_bget?hsa:3673+hsa:3688">
        <graphics name="ITGA2, BR, CD49B, GPIa, HPA-5, VLA-2, VLAA2..." fgcolor="#000000" bgcolor="#BFFFBF"
             type="rectangle" x="870" y="273" width="46" height="17"/>
    </entry>
    <entry id="18" name="hsa:3678 hsa:3688" type="gene"
        link="http://www.kegg.jp/dbget-bin/www_bget?hsa:3678+hsa:3688">
        <graphics name="ITGA5, CD49e, FNRA, VLA-5, VLA5A..." fgcolor="#000000" bgcolor="#BFFFBF"
             type="rectangle" x="920" y="273" width="46" height="17"/>
    </entry>
    <entry id="19" name="hsa:60 hsa:71" type="gene"
        link="http://www.kegg.jp/dbget-bin/www_bget?hsa:60+hsa:71">
        <graphics name="ACTB, BRWS1, PS1TP5BP1..." fgcolor="#000000" bgcolor="#BFFFBF"
             type="rectangle" x="462" y="106" width="46" height="17"/>
    </entry>
    <entry id="20" name="hsa:5289" type="gene"
        link="http://www.kegg.jp/dbget-bin/www_bget?hsa:5289">
        <graphics name="PIK3C3, VPS34, hVps34" fgcolor="#000000" bgcolor="#BFFFBF"
             type="rectangle" x="442" y="283" width="46" height="17"/>
    </entry>
    <entry id="21" name="hsa:8411" type="gene"
        link="http://www.kegg.jp/dbget-bin/www_bget?hsa:8411">
        <graphics name="EEA1, MST105, MSTP105, ZFYVE2" fgcolor="#000000" bgcolor="#BFFFBF"
             type="rectangle" x="353" y="300" width="46" height="17"/>
    </entry>
    <entry id="22" name="hsa:5868 hsa:5869 hsa:5878" type="gene"
        link="http://www.kegg.jp/dbget-bin/www_bget?hsa:5868+hsa:5869+hsa:5878">
        <graphics name="RAB5A, RAB5..." fgcolor="#000000" bgcolor="#BFFFBF"
             type="rectangle" x="353" y="283" width="46" height="17"/>
    </entry>
    <entry id="23" name="hsa:338382 hsa:7879" type="gene"
        link="http://www.kegg.jp/dbget-bin/www_bget?hsa:338382+hsa:7879">
        <graphics name="RAB7B, RAB7..." fgcolor="#000000" bgcolor="#BFFFBF"
             type="rectangle" x="353" y="461" width="46" height="17"/>
    </entry>
    <entry id="24" name="hsa:1536" type="gene"
        link="http://www.kegg.jp/dbget-bin/www_bget?hsa:1536">
        <graphics name="CYBB, AMCBX2, CGD, GP91-1, GP91-PHOX, GP91PHOX, IMD34, NOX2, p91-PHOX" fgcolor="#000000" bgcolor="#BFFFBF"
             type="rectangle" x="856" y="629" width="46" height="17"/>
    </entry>
    <entry id="25" name="hsa:83547" type="gene"
        link="http://www.kegg.jp/dbget-bin/www_bget?hsa:83547">
        <graphics name="RILP, PP10141" fgcolor="#000000" bgcolor="#BFFFBF"
             type="rectangle" x="353" y="478" width="46" height="17"/>
    </entry>
    <entry id="26" name="hsa:1535" type="gene"
        link="http://www.kegg.jp/dbget-bin/www_bget?hsa:1535">
        <graphics name="CYBA, p22-PHOX" fgcolor="#000000" bgcolor="#BFFFBF"
             type="rectangle" x="811" y="629" width="46" height="17"/>
    </entry>
    <entry id="27" name="hsa:4689" type="gene"
        link="http://www.kegg.jp/dbget-bin/www_bget?hsa:4689">
        <graphics name="NCF4, CGD3, NCF, P40PHOX, SH3PXD4" fgcolor="#000000" bgcolor="#BFFFBF"
             type="rectangle" x="1055" y="641" width="46" height="17"/>
    </entry>
    <entry id="28" name="hsa:653361" type="gene"
        link="http://www.kegg.jp/dbget-bin/www_bget?hsa:653361">
        <graphics name="NCF1, NCF1A, NOXO2, SH3PXD1A, p47phox" fgcolor="#000000" bgcolor="#BFFFBF"
             type="rectangle" x="963" y="646" width="46" height="17"/>
    </entry>
    <entry id="29" name="hsa:4688" type="gene"
        link="http://www.kegg.jp/dbget-bin/www_bget?hsa:4688">
        <graphics name="NCF2, NCF-2, NOXA2, P67-PHOX, P67PHOX" fgcolor="#000000" bgcolor="#BFFFBF"
             type="rectangle" x="1009" y="646" width="46" height="17"/>
    </entry>
    <entry id="30" name="hsa:5879" type="gene"
        link="http://www.kegg.jp/dbget-bin/www_bget?hsa:5879">
        <graphics name="RAC1, MIG5, Rac-1, TC-25, p21-Rac1" fgcolor="#000000" bgcolor="#BFFFBF"
             type="rectangle" x="885" y="657" width="46" height="17"/>
    </entry>
    <entry id="31" name="hsa:1536" type="gene"
        link="http://www.kegg.jp/dbget-bin/www_bget?hsa:1536">
        <graphics name="CYBB, AMCBX2, CGD, GP91-1, GP91-PHOX, GP91PHOX, IMD34, NOX2, p91-PHOX" fgcolor="#000000" bgcolor="#BFFFBF"
             type="rectangle" x="1009" y="629" width="46" height="17"/>
    </entry>
    <entry id="32" name="hsa:1535" type="gene"
        link="http://www.kegg.jp/dbget-bin/www_bget?hsa:1535">
        <graphics name="CYBA, p22-PHOX" fgcolor="#000000" bgcolor="#BFFFBF"
             type="rectangle" x="963" y="629" width="46" height="17"/>
    </entry>
    <entry id="33" name="hsa:653361" type="gene"
        link="http://www.kegg.jp/dbget-bin/www_bget?hsa:653361">
        <graphics name="NCF1, NCF1A, NOXO2, SH3PXD1A, p47phox" fgcolor="#000000" bgcolor="#BFFFBF"
             type="rectangle" x="784" y="689" width="46" height="17"/>
    </entry>
    <entry id="34" name="hsa:4688" type="gene"
        link="http://www.kegg.jp/dbget-bin/www_bget?hsa:4688">
        <graphics name="NCF2, NCF-2, NOXA2, P67-PHOX, P67PHOX" fgcolor="#000000" bgcolor="#BFFFBF"
             type="rectangle" x="830" y="689" width="46" height="17"/>
    </entry>
    <entry id="35" name="hsa:4689" type="gene"
        link="http://www.kegg.jp/dbget-bin/www_bget?hsa:4689">
        <graphics name="NCF4, CGD3, NCF, P40PHOX, SH3PXD4" fgcolor="#000000" bgcolor="#BFFFBF"
             type="rectangle" x="876" y="689" width="46" height="17"/>
    </entry>
    <entry id="36" name="hsa:5879" type="gene"
        link="http://www.kegg.jp/dbget-bin/www_bget?hsa:5879">
        <graphics name="RAC1, MIG5, Rac-1, TC-25, p21-Rac1" fgcolor="#000000" bgcolor="#BFFFBF"
             type="rectangle" x="988" y="663" width="46" height="17"/>
    </entry>
    <entry id="37" name="hsa:1778 hsa:1780 hsa:1781 hsa:1783 hsa:51143 hsa:79659" type="gene"
        link="http://www.kegg.jp/dbget-bin/www_bget?hsa:1778+hsa:1780+hsa:1781+hsa:1783+hsa:51143+hsa:79659">
        <graphics name="DYNC1H1, CMT2O, DHC1, DHC1a, DNCH1, DNCL, DNECL, DYHC, Dnchc1, HL-3, SMALED1, p22..." fgcolor="#000000" bgcolor="#BFFFBF"
             type="rectangle" x="353" y="495" width="46" height="17"/>
    </entry>
    <entry id="38" name="hsa:10376 hsa:112714 hsa:113457 hsa:51807 hsa:7277 hsa:7278 hsa:7846 hsa:79861 hsa:84790" type="gene"
        link="http://www.kegg.jp/dbget-bin/www_bget?hsa:10376+hsa:112714+hsa:113457+hsa:51807+hsa:7277+hsa:7278+hsa:7846+hsa:79861+hsa:84790">
        <graphics name="TUBA1B, K-ALPHA-1..." fgcolor="#000000" bgcolor="#BFFFBF"
             type="rectangle" x="376" y="525" width="46" height="17"/>
    </entry>
    <entry id="39" name="hsa:10381 hsa:10382 hsa:10383 hsa:203068 hsa:347688 hsa:347733 hsa:7280 hsa:81027 hsa:84617" type="gene"
        link="http://www.kegg.jp/dbget-bin/www_bget?hsa:10381+hsa:10382+hsa:10383+hsa:203068+hsa:347688+hsa:347733+hsa:7280+hsa:81027+hsa:84617">
        <graphics name="TUBB3, CDCBM, CDCBM1, CFEOM3, CFEOM3A, FEOM3, TUBB4, beta-4..." fgcolor="#000000" bgcolor="#BFFFBF"
             type="rectangle" x="376" y="542" width="46" height="17"/>
    </entry>
    <entry id="40" name="hsa:9146" type="gene"
        link="http://www.kegg.jp/dbget-bin/www_bget?hsa:9146">
        <graphics name="HGS, HRS" fgcolor="#000000" bgcolor="#BFFFBF"
             type="rectangle" x="353" y="406" width="46" height="17"/>
    </entry>
    <entry id="41" name="hsa:4074" type="gene"
        link="http://www.kegg.jp/dbget-bin/www_bget?hsa:4074">
        <graphics name="M6PR, CD-M6PR, CD-MPR, MPR_46, MPR-46, MPR46, SMPR" fgcolor="#000000" bgcolor="#BFFFBF"
             type="rectangle" x="353" y="664" width="46" height="17"/>
    </entry>
    <entry id="42" name="hsa:10312 hsa:127124 hsa:155066 hsa:23545 hsa:245972 hsa:245973 hsa:50617 hsa:51382 hsa:51606 hsa:523 hsa:525 hsa:526 hsa:527 hsa:528 hsa:529 hsa:533 hsa:534 hsa:535 hsa:537 hsa:8992 hsa:90423 hsa:9114 hsa:9296 hsa:9550" type="gene"
        link="http://www.kegg.jp/dbget-bin/www_bget?hsa:10312+hsa:127124+hsa:155066+hsa:23545+hsa:245972+hsa:245973+hsa:50617+hsa:51382+hsa:51606+hsa:523+hsa:525+hsa:526+hsa:527+hsa:528+hsa:529+hsa:533+hsa:534+hsa:535+hsa:537+hsa:8992+hsa:90423+hsa:9114+hsa:9296+hsa:9550">
        <graphics name="TCIRG1, ATP6N1C, ATP6V0A3, Atp6i, OC-116kDa, OC116, OPTB1, Stv1, TIRC7, Vph1, a3..." fgcolor="#000000" bgcolor="#BFFFBF"
             type="rectangle" x="438" y="358" width="46" height="17"/>
    </entry>
    <entry id="43" name="hsa:3916 hsa:3920" type="gene"
        link="http://www.kegg.jp/dbget-bin/www_bget?hsa:3916+hsa:3920">
        <graphics name="LAMP1, CD107a, LAMPA, LGP120..." fgcolor="#000000" bgcolor="#BFFFBF"
             type="rectangle" x="353" y="614" width="46" height="17"/>
    </entry>
    <entry id="44" name="hsa:10312 hsa:127124 hsa:155066 hsa:23545 hsa:245972 hsa:245973 hsa:50617 hsa:51382 hsa:51606 hsa:523 hsa:525 hsa:526 hsa:527 hsa:528 hsa:529 hsa:533 hsa:534 hsa:535 hsa:537 hsa:8992 hsa:90423 hsa:9114 hsa:9296 hsa:9550" type="gene"
        link="http://www.kegg.jp/dbget-bin/www_bget?hsa:10312+hsa:127124+hsa:155066+hsa:23545+hsa:245972+hsa:245973+hsa:50617+hsa:51382+hsa:51606+hsa:523+hsa:525+hsa:526+hsa:527+hsa:528+hsa:529+hsa:533+hsa:534+hsa:535+hsa:537+hsa:8992+hsa:90423+hsa:9114+hsa:9296+hsa:9550">
        <graphics name="TCIRG1, ATP6N1C, ATP6V0A3, Atp6i, OC-116kDa, OC116, OPTB1, Stv1, TIRC7, Vph1, a3..." fgcolor="#000000" bgcolor="#BFFFBF"
             type="rectangle" x="439" y="702" width="46" height="17"/>
    </entry>
    <entry id="45" name="hsa:4353" type="gene"
        link="http://www.kegg.jp/dbget-bin/www_bget?hsa:4353">
        <graphics name="MPO" fgcolor="#000000" bgcolor="#BFFFBF"
             type="rectangle" x="518" y="655" width="46" height="17"/>
    </entry>
    <entry id="46" name="hsa:200576" type="gene"
        link="http://www.kegg.jp/dbget-bin/www_bget?hsa:200576">
        <graphics name="PIKFYVE, CFD, FAB1, HEL37, PIP5K, PIP5K3, ZFYVE29" fgcolor="#000000" bgcolor="#BFFFBF"
             type="rectangle" x="353" y="639" width="46" height="17"/>
    </entry>
    <entry id="47" name="hsa:23673" type="gene"
        link="http://www.kegg.jp/dbget-bin/www_bget?hsa:23673">
        <graphics name="STX12, STX13, STX14" fgcolor="#000000" bgcolor="#BFFFBF"
             type="rectangle" x="223" y="316" width="46" height="17"/>
    </entry>
    <entry id="48" name="hsa:8417" type="gene"
        link="http://www.kegg.jp/dbget-bin/www_bget?hsa:8417">
        <graphics name="STX7" fgcolor="#000000" bgcolor="#BFFFBF"
             type="rectangle" x="223" y="491" width="46" height="17"/>
    </entry>
    <entry id="49" name="hsa:948" type="gene"
        link="http://www.kegg.jp/dbget-bin/www_bget?hsa:948">
        <graphics name="CD36, BDPLT10, CHDS7, FAT, GP3B, GP4, GPIV, PASIV, SCARB3" fgcolor="#000000" bgcolor="#BFFFBF"
             type="rectangle" x="920" y="456" width="46" height="17"/>
    </entry>
    <entry id="50" name="hsa:8685" type="gene"
        link="http://www.kegg.jp/dbget-bin/www_bget?hsa:8685">
        <graphics name="MARCO, SCARA2" fgcolor="#000000" bgcolor="#BFFFBF"
             type="rectangle" x="920" y="432" width="46" height="17"/>
    </entry>
    <entry id="51" name="hsa:4973" type="gene"
        link="http://www.kegg.jp/dbget-bin/www_bget?hsa:4973">
        <graphics name="OLR1, CLEC8A, LOX1, LOXIN, SCARE1, SLOX1" fgcolor="#000000" bgcolor="#BFFFBF"
             type="rectangle" x="970" y="432" width="46" height="17"/>
    </entry>
    <entry id="52" name="hsa:929" type="gene"
        link="http://www.kegg.jp/dbget-bin/www_bget?hsa:929">
        <graphics name="CD14" fgcolor="#000000" bgcolor="#BFFFBF"
             type="rectangle" x="970" y="321" width="46" height="17"/>
    </entry>
    <entry id="53" name="hsa:7097" type="gene"
        link="http://www.kegg.jp/dbget-bin/www_bget?hsa:7097">
        <graphics name="TLR2, CD282, TIL4" fgcolor="#000000" bgcolor="#BFFFBF"
             type="rectangle" x="870" y="321" width="46" height="17"/>
    </entry>
    <entry id="54" name="hsa:10333" type="gene"
        link="http://www.kegg.jp/dbget-bin/www_bget?hsa:10333">
        <graphics name="TLR6, CD286" fgcolor="#000000" bgcolor="#BFFFBF"
             type="rectangle" x="870" y="338" width="46" height="17"/>
    </entry>
    <entry id="55" name="hsa:7099" type="gene"
        link="http://www.kegg.jp/dbget-bin/www_bget?hsa:7099">
        <graphics name="TLR4, ARMD10, CD284, TLR-4, TOLL" fgcolor="#000000" bgcolor="#BFFFBF"
             type="rectangle" x="920" y="321" width="46" height="17"/>
    </entry>
    <entry id="56" name="path:hsa04142" type="map"
        link="http://www.kegg.jp/dbget-bin/www_bget?hsa04142">
        <graphics name="Lysosome" fgcolor="#000000" bgcolor="#FFFFFF"
             type="roundrectangle" x="126" y="692" width="92" height="25"/>
    </entry>
    <entry id="57" name="hsa:4842" type="gene"
        link="http://www.kegg.jp/dbget-bin/www_bget?hsa:4842">
        <graphics name="NOS1, IHPS1, N-NOS, NC-NOS, NOS, bNOS, nNOS" fgcolor="#000000" bgcolor="#BFFFBF"
             type="rectangle" x="411" y="614" width="46" height="17"/>
    </entry>
    <entry id="58" name="hsa:949" type="gene"
        link="http://www.kegg.jp/dbget-bin/www_bget?hsa:949">
        <graphics name="SCARB1, CD36L1, CLA-1, CLA1, HDLQTL6, SR-BI, SRB1" fgcolor="#000000" bgcolor="#BFFFBF"
             type="rectangle" x="870" y="456" width="46" height="17"/>
    </entry>
    <entry id="59" name="hsa:102723407" type="gene"
        link="http://www.kegg.jp/dbget-bin/www_bget?hsa:102723407">
        <graphics name="IGH, IGH@, IGHV4, IGHV4-30, IGHV4-b, IGVH, IGVH4-39, IGVH4-b, IGVH4b, IgA, IgT, ighv" fgcolor="#000000" bgcolor="#BFFFBF"
             type="rectangle" x="1035" y="131" width="46" height="17"/>
    </entry>
    <entry id="60" name="hsa:718" type="gene"
        link="http://www.kegg.jp/dbget-bin/www_bget?hsa:718">
        <graphics name="C3, AHUS5, ARMD9, ASP, C3a, C3b, CPAMD1, HEL-S-62p" fgcolor="#000000" bgcolor="#BFFFBF"
             type="rectangle" x="1035" y="176" width="46" height="17"/>
    </entry>
    <entry id="61" name="hsa:1311 hsa:7057 hsa:7058 hsa:7059 hsa:7060" type="gene"
        link="http://www.kegg.jp/dbget-bin/www_bget?hsa:1311+hsa:7057+hsa:7058+hsa:7059+hsa:7060">
        <graphics name="COMP, EDM1, EPD1, MED, PSACH, THBS5, TSP5..." fgcolor="#000000" bgcolor="#BFFFBF"
             type="rectangle" x="1035" y="252" width="46" height="17"/>
    </entry>
    <entry id="62" name="path:hsa04610" type="map"
        link="http://www.kegg.jp/dbget-bin/www_bget?hsa04610">
        <graphics name="Complement and coagulation cascades" fgcolor="#000000" bgcolor="#FFFFFF"
             type="roundrectangle" x="911" y="207" width="105" height="34"/>
    </entry>
    <entry id="63" name="hsa:4153 hsa:6441 hsa:653509 hsa:729238 hsa:78989 hsa:81035" type="gene"
        link="http://www.kegg.jp/dbget-bin/www_bget?hsa:4153+hsa:6441+hsa:653509+hsa:729238+hsa:78989+hsa:81035">
        <graphics name="MBL2, COLEC1, HSMBPC, MBL, MBL2D, MBP, MBP-C, MBP1, MBPD..." fgcolor="#000000" bgcolor="#BFFFBF"
             type="rectangle" x="1035" y="198" width="46" height="17"/>
    </entry>
    <entry id="64" name="path:hsa04620" type="map"
        link="http://www.kegg.jp/dbget-bin/www_bget?hsa04620">
        <graphics name="Toll-like receptor signaling pathway" fgcolor="#000000" bgcolor="#FFFFFF"
             type="roundrectangle" x="996" y="357" width="105" height="34"/>
    </entry>
    <entry id="65" name="path:hsa04612" type="map"
        link="http://www.kegg.jp/dbget-bin/www_bget?hsa04612">
        <graphics name="Antigen processing and presentation" fgcolor="#000000" bgcolor="#FFFFFF"
             type="roundrectangle" x="717" y="428" width="100" height="34"/>
    </entry>
    <entry id="66" name="hsa:10952 hsa:23480 hsa:29927 hsa:55176" type="gene"
        link="http://www.kegg.jp/dbget-bin/www_bget?hsa:10952+hsa:23480+hsa:29927+hsa:55176">
        <graphics name="SEC61B..." fgcolor="#000000" bgcolor="#BFFFBF"
             type="rectangle" x="630" y="688" width="46" height="17"/>
    </entry>
    <entry id="67" name="hsa:811" type="gene"
        link="http://www.kegg.jp/dbget-bin/www_bget?hsa:811">
        <graphics name="CALR, CRT, HEL-S-99n, RO, SSA, cC1qR" fgcolor="#000000" bgcolor="#BFFFBF"
             type="rectangle" x="628" y="298" width="46" height="17"/>
    </entry>
    <entry id="68" name="hsa:821" type="gene"
        link="http://www.kegg.jp/dbget-bin/www_bget?hsa:821">
        <graphics name="CANX, CNX, IP90, P90" fgcolor="#000000" bgcolor="#BFFFBF"
             type="rectangle" x="628" y="320" width="46" height="17"/>
    </entry>
    <entry id="69" name="hsa:3108 hsa:3109 hsa:3111 hsa:3112 hsa:3113 hsa:3115 hsa:3117 hsa:3118 hsa:3119 hsa:3122 hsa:3123 hsa:3125 hsa:3126 hsa:3127" type="gene"
        link="http://www.kegg.jp/dbget-bin/www_bget?hsa:3108+hsa:3109+hsa:3111+hsa:3112+hsa:3113+hsa:3115+hsa:3117+hsa:3118+hsa:3119+hsa:3122+hsa:3123+hsa:3125+hsa:3126+hsa:3127">
        <graphics name="HLA-DMA, D6S222E, DMA, HLADM, RING6..." fgcolor="#000000" bgcolor="#BFFFBF"
             type="rectangle" x="719" y="473" width="46" height="17"/>
    </entry>
    <entry id="70" name="hsa:3108 hsa:3109 hsa:3111 hsa:3112 hsa:3113 hsa:3115 hsa:3117 hsa:3118 hsa:3119 hsa:3122 hsa:3123 hsa:3125 hsa:3126 hsa:3127" type="gene"
        link="http://www.kegg.jp/dbget-bin/www_bget?hsa:3108+hsa:3109+hsa:3111+hsa:3112+hsa:3113+hsa:3115+hsa:3117+hsa:3118+hsa:3119+hsa:3122+hsa:3123+hsa:3125+hsa:3126+hsa:3127">
        <graphics name="HLA-DMA, D6S222E, DMA, HLADM, RING6..." fgcolor="#000000" bgcolor="#BFFFBF"
             type="rectangle" x="801" y="171" width="46" height="17"/>
    </entry>
    <entry id="71" name="hsa:10332 hsa:30835" type="gene"
        link="http://www.kegg.jp/dbget-bin/www_bget?hsa:10332+hsa:30835">
        <graphics name="CLEC4M, CD209L, CD299, DC-SIGN2, DC-SIGNR, DCSIGNR, HP10347, L-SIGN, LSIGN..." fgcolor="#000000" bgcolor="#BFFFBF"
             type="rectangle" x="921" y="392" width="46" height="17"/>
    </entry>
    <entry id="72" name="hsa:64581" type="gene"
        link="http://www.kegg.jp/dbget-bin/www_bget?hsa:64581">
        <graphics name="CLEC7A, BGR, CANDF4, CD369, CLECSF12, DECTIN1, SCARE2" fgcolor="#000000" bgcolor="#BFFFBF"
             type="rectangle" x="973" y="391" width="46" height="17"/>
    </entry>
    <entry id="73" name="hsa:6890 hsa:6891" type="gene"
        link="http://www.kegg.jp/dbget-bin/www_bget?hsa:6890+hsa:6891">
        <graphics name="TAP1, ABC17, ABCB2, APT1, D6S114E, PSF-1, PSF1, RING4, TAP1*0102N, TAP1N..." fgcolor="#000000" bgcolor="#BFFFBF"
             type="rectangle" x="644" y="664" width="46" height="17"/>
    </entry>
    <entry id="74" name="hsa:1514 hsa:1520" type="gene"
        link="http://www.kegg.jp/dbget-bin/www_bget?hsa:1514+hsa:1520">
        <graphics name="CTSL, CATL, CTSL1, MEP..." fgcolor="#000000" bgcolor="#BFFFBF"
             type="rectangle" x="522" y="702" width="46" height="17"/>
    </entry>
    <entry id="75" name="hsa:3105 hsa:3106 hsa:3107 hsa:3133 hsa:3134 hsa:3135" type="gene"
        link="http://www.kegg.jp/dbget-bin/www_bget?hsa:3105+hsa:3106+hsa:3107+hsa:3133+hsa:3134+hsa:3135">
        <graphics name="HLA-A, HLAA..." fgcolor="#000000" bgcolor="#BFFFBF"
             type="rectangle" x="750" y="171" width="46" height="17"/>
    </entry>
    <entry id="76" name="hsa:6890 hsa:6891" type="gene"
        link="http://www.kegg.jp/dbget-bin/www_bget?hsa:6890+hsa:6891">
        <graphics name="TAP1, ABC17, ABCB2, APT1, D6S114E, PSF-1, PSF1, RING4, TAP1*0102N, TAP1N..." fgcolor="#000000" bgcolor="#BFFFBF"
             type="rectangle" x="705" y="300" width="46" height="17"/>
    </entry>
    <entry id="77" name="hsa:3105 hsa:3106 hsa:3107 hsa:3133 hsa:3134 hsa:3135" type="gene"
        link="http://www.kegg.jp/dbget-bin/www_bget?hsa:3105+hsa:3106+hsa:3107+hsa:3133+hsa:3134+hsa:3135">
        <graphics name="HLA-A, HLAA..." fgcolor="#000000" bgcolor="#BFFFBF"
             type="rectangle" x="688" y="330" width="46" height="17"/>
    </entry>
    <entry id="78" name="hsa:3105 hsa:3106 hsa:3107 hsa:3133 hsa:3134 hsa:3135" type="gene"
        link="http://www.kegg.jp/dbget-bin/www_bget?hsa:3105+hsa:3106+hsa:3107+hsa:3133+hsa:3134+hsa:3135">
        <graphics name="HLA-A, HLAA..." fgcolor="#000000" bgcolor="#BFFFBF"
             type="rectangle" x="625" y="608" width="46" height="17"/>
    </entry>
    <entry id="79" name="hsa:7037" type="gene"
        link="http://www.kegg.jp/dbget-bin/www_bget?hsa:7037">
        <graphics name="TFRC, CD71, IMD46, T9, TFR, TFR1, TR, TRFR, p90" fgcolor="#000000" bgcolor="#BFFFBF"
             type="rectangle" x="353" y="330" width="46" height="17"/>
    </entry>
    <entry id="80" name="hsa:11151" type="gene"
        link="http://www.kegg.jp/dbget-bin/www_bget?hsa:11151">
        <graphics name="CORO1A, CLABP, CLIPINA, HCORO1, IMD8, TACO, p57" fgcolor="#000000" bgcolor="#BFFFBF"
             type="rectangle" x="421" y="160" width="46" height="17"/>
    </entry>
    <entry id="81" name="hsa:10312 hsa:127124 hsa:155066 hsa:23545 hsa:245972 hsa:245973 hsa:50617 hsa:51382 hsa:51606 hsa:523 hsa:525 hsa:526 hsa:527 hsa:528 hsa:529 hsa:533 hsa:534 hsa:535 hsa:537 hsa:8992 hsa:90423 hsa:9114 hsa:9296 hsa:9550" type="gene"
        link="http://www.kegg.jp/dbget-bin/www_bget?hsa:10312+hsa:127124+hsa:155066+hsa:23545+hsa:245972+hsa:245973+hsa:50617+hsa:51382+hsa:51606+hsa:523+hsa:525+hsa:526+hsa:527+hsa:528+hsa:529+hsa:533+hsa:534+hsa:535+hsa:537+hsa:8992+hsa:90423+hsa:9114+hsa:9296+hsa:9550">
        <graphics name="TCIRG1, ATP6N1C, ATP6V0A3, Atp6i, OC-116kDa, OC116, OPTB1, Stv1, TIRC7, Vph1, a3..." fgcolor="#000000" bgcolor="#BFFFBF"
             type="rectangle" x="438" y="512" width="46" height="17"/>
    </entry>
    <entry id="82" name="cpd:C04549" type="compound"
        link="http://www.kegg.jp/dbget-bin/www_bget?C04549">
        <graphics name="C04549" fgcolor="#000000" bgcolor="#FFFFFF"
             type="circle" x="520" y="282" width="8" height="8"/>
    </entry>
    <entry id="83" name="cpd:C04549" type="compound"
        link="http://www.kegg.jp/dbget-bin/www_bget?C04549">
        <graphics name="C04549" fgcolor="#000000" bgcolor="#FFFFFF"
             type="circle" x="1041" y="627" width="8" height="8"/>
    </entry>
    <entry id="84" name="undefined" type="group">
        <graphics fgcolor="#000000" bgcolor="#FFFFFF"
             type="rectangle" x="353" y="291" width="46" height="34"/>
        <component id="21"/>
        <component id="22"/>
    </entry>
    <entry id="85" name="undefined" type="group">
        <graphics fgcolor="#000000" bgcolor="#FFFFFF"
             type="rectangle" x="353" y="478" width="46" height="51"/>
        <component id="23"/>
        <component id="25"/>
        <component id="37"/>
    </entry>
    <entry id="86" name="undefined" type="group">
        <graphics fgcolor="#000000" bgcolor="#FFFFFF"
             type="rectangle" x="376" y="533" width="46" height="34"/>
        <component id="38"/>
        <component id="39"/>
    </entry>
    <relation entry1="84" entry2="20" type="PPrel">
        <subtype name="binding/association" value="---"/>
    </relation>
    <relation entry1="38" entry2="39" type="PPrel">
        <subtype name="binding/association" value="---"/>
    </relation>
    <relation entry1="85" entry2="86" type="PPrel">
        <subtype name="binding/association" value="---"/>
    </relation>
</pathway>
