<?xml version="1.0"?>
<!DOCTYPE pathway SYSTEM "http://www.kegg.jp/kegg/xml/KGML_v0.7.2_.dtd">
<!-- Creation date: Jan 18, 2016 14:25:47 +0900 (GMT+9) -->
<pathway name="path:hsa04114" org="hsa" number="04114"
         title="Oocyte meiosis"
         image="http://www.kegg.jp/kegg/pathway/hsa/hsa04114.png"
         link="http://www.kegg.jp/kegg-bin/show_pathway?hsa04114">
    <entry id="1" name="hsa:4342" type="gene"
        link="http://www.kegg.jp/dbget-bin/www_bget?hsa:4342">
        <graphics name="MOS, MSV" fgcolor="#000000" bgcolor="#BFFFBF"
             type="rectangle" x="258" y="319" width="46" height="17"/>
    </entry>
    <entry id="2" name="hsa:983" type="gene"
        link="http://www.kegg.jp/dbget-bin/www_bget?hsa:983">
        <graphics name="CDK1, CDC2, CDC28A, P34CDC2" fgcolor="#000000" bgcolor="#BFFFBF"
             type="rectangle" x="437" y="713" width="46" height="17"/>
    </entry>
    <entry id="3" name="hsa:10459 hsa:4085 hsa:8379" type="gene"
        link="http://www.kegg.jp/dbget-bin/www_bget?hsa:10459+hsa:4085+hsa:8379">
        <graphics name="MAD2L2, FANCV, MAD2B, POLZ2, REV7..." fgcolor="#000000" bgcolor="#BFFFBF"
             type="rectangle" x="925" y="544" width="46" height="17"/>
    </entry>
    <entry id="4" name="hsa:9133" type="gene"
        link="http://www.kegg.jp/dbget-bin/www_bget?hsa:9133">
        <graphics name="CCNB2, HsT17299" fgcolor="#000000" bgcolor="#BFFFBF"
             type="rectangle" x="437" y="697" width="46" height="17"/>
    </entry>
    <entry id="5" name="hsa:9088" type="gene"
        link="http://www.kegg.jp/dbget-bin/www_bget?hsa:9088">
        <graphics name="PKMYT1, MYT1, PPP1R126" fgcolor="#000000" bgcolor="#BFFFBF"
             type="rectangle" x="392" y="557" width="46" height="17"/>
    </entry>
    <entry id="6" name="hsa:27330 hsa:6195 hsa:6196 hsa:6197" type="gene"
        link="http://www.kegg.jp/dbget-bin/www_bget?hsa:27330+hsa:6195+hsa:6196+hsa:6197">
        <graphics name="RPS6KA6, PP90RSK4, RSK-4, RSK4, S6K-alpha-6, p90RSK6..." fgcolor="#000000" bgcolor="#BFFFBF"
             type="rectangle" x="392" y="362" width="46" height="17"/>
    </entry>
    <entry id="7" name="hsa:5594 hsa:5595" type="gene"
        link="http://www.kegg.jp/dbget-bin/www_bget?hsa:5594+hsa:5595">
        <graphics name="MAPK1, ERK, ERK-2, ERK2, ERT1, MAPK2, P42MAPK, PRKM1, PRKM2, p38, p40, p41, p41mapk, p42-MAPK..." fgcolor="#000000" bgcolor="#BFFFBF"
             type="rectangle" x="392" y="319" width="46" height="17"/>
    </entry>
    <entry id="8" name="hsa:5604" type="gene"
        link="http://www.kegg.jp/dbget-bin/www_bget?hsa:5604">
        <graphics name="MAP2K1, CFC3, MAPKK1, MEK1, MKK1, PRKMK1" fgcolor="#000000" bgcolor="#BFFFBF"
             type="rectangle" x="325" y="319" width="46" height="17"/>
    </entry>
    <entry id="9" name="cpd:C00410" type="compound"
        link="http://www.kegg.jp/dbget-bin/www_bget?C00410">
        <graphics name="C00410" fgcolor="#000000" bgcolor="#FFFFFF"
             type="circle" x="206" y="102" width="8" height="8"/>
    </entry>
    <entry id="10" name="path:hsa04114" type="map"
        link="http://www.kegg.jp/dbget-bin/www_bget?hsa04114">
        <graphics name="TITLE:Oocyte meiosis" fgcolor="#000000" bgcolor="#FFFFFF"
             type="roundrectangle" x="114" y="58" width="147" height="25"/>
    </entry>
    <entry id="11" name="hsa:10393 hsa:246184 hsa:25847 hsa:29882 hsa:29945 hsa:51433 hsa:51434 hsa:51529 hsa:64682 hsa:8697 hsa:8881 hsa:996" type="gene"
        link="http://www.kegg.jp/dbget-bin/www_bget?hsa:10393+hsa:246184+hsa:25847+hsa:29882+hsa:29945+hsa:51433+hsa:51434+hsa:51529+hsa:64682+hsa:8697+hsa:8881+hsa:996">
        <graphics name="ANAPC10, APC10, DOC1..." fgcolor="#000000" bgcolor="#BFFFBF"
             type="rectangle" x="653" y="610" width="46" height="17"/>
    </entry>
    <entry id="12" name="hsa:991" type="gene"
        link="http://www.kegg.jp/dbget-bin/www_bget?hsa:991">
        <graphics name="CDC20, CDC20A, bA276H19.3, p55CDC" fgcolor="#000000" bgcolor="#BFFFBF"
             type="rectangle" x="653" y="627" width="46" height="17"/>
    </entry>
    <entry id="13" name="hsa:10744 hsa:9232" type="gene"
        link="http://www.kegg.jp/dbget-bin/www_bget?hsa:10744+hsa:9232">
        <graphics name="PTTG2..." fgcolor="#000000" bgcolor="#BFFFBF"
             type="rectangle" x="653" y="683" width="46" height="17"/>
    </entry>
    <entry id="14" name="hsa:891" type="gene"
        link="http://www.kegg.jp/dbget-bin/www_bget?hsa:891">
        <graphics name="CCNB1, CCNB" fgcolor="#000000" bgcolor="#BFFFBF"
             type="rectangle" x="786" y="695" width="46" height="17"/>
    </entry>
    <entry id="15" name="hsa:983" type="gene"
        link="http://www.kegg.jp/dbget-bin/www_bget?hsa:983">
        <graphics name="CDK1, CDC2, CDC28A, P34CDC2" fgcolor="#000000" bgcolor="#BFFFBF"
             type="rectangle" x="786" y="712" width="46" height="17"/>
    </entry>
    <entry id="16" name="hsa:26271" type="gene"
        link="http://www.kegg.jp/dbget-bin/www_bget?hsa:26271">
        <graphics name="FBXO5, EMI1, FBX5, Fbxo31" fgcolor="#000000" bgcolor="#BFFFBF"
             type="rectangle" x="210" y="555" width="46" height="17"/>
    </entry>
    <entry id="17" name="hsa:6500 hsa:8454 hsa:9978" type="gene"
        link="http://www.kegg.jp/dbget-bin/www_bget?hsa:6500+hsa:8454+hsa:9978">
        <graphics name="SKP1, EMC19, OCP-II, OCP2, SKP1A, TCEB1L, p19A..." fgcolor="#000000" bgcolor="#BFFFBF"
             type="rectangle" x="1207" y="496" width="46" height="17"/>
    </entry>
    <entry id="18" name="hsa:898 hsa:9134" type="gene"
        link="http://www.kegg.jp/dbget-bin/www_bget?hsa:898+hsa:9134">
        <graphics name="CCNE1, CCNE, pCCNE1..." fgcolor="#000000" bgcolor="#BFFFBF"
             type="rectangle" x="1007" y="540" width="46" height="17"/>
    </entry>
    <entry id="19" name="hsa:286151" type="gene"
        link="http://www.kegg.jp/dbget-bin/www_bget?hsa:286151">
        <graphics name="FBXO43, EMI2, ERP1, FBX43" fgcolor="#000000" bgcolor="#BFFFBF"
             type="rectangle" x="1129" y="555" width="46" height="17"/>
    </entry>
    <entry id="20" name="hsa:10393 hsa:246184 hsa:25847 hsa:29882 hsa:29945 hsa:51433 hsa:51434 hsa:51529 hsa:64682 hsa:8697 hsa:8881 hsa:996" type="gene"
        link="http://www.kegg.jp/dbget-bin/www_bget?hsa:10393+hsa:246184+hsa:25847+hsa:29882+hsa:29945+hsa:51433+hsa:51434+hsa:51529+hsa:64682+hsa:8697+hsa:8881+hsa:996">
        <graphics name="ANAPC10, APC10, DOC1..." fgcolor="#000000" bgcolor="#BFFFBF"
             type="rectangle" x="1007" y="613" width="46" height="17"/>
    </entry>
    <entry id="21" name="hsa:991" type="gene"
        link="http://www.kegg.jp/dbget-bin/www_bget?hsa:991">
        <graphics name="CDC20, CDC20A, bA276H19.3, p55CDC" fgcolor="#000000" bgcolor="#BFFFBF"
             type="rectangle" x="1007" y="630" width="46" height="17"/>
    </entry>
    <entry id="22" name="hsa:10744 hsa:9232" type="gene"
        link="http://www.kegg.jp/dbget-bin/www_bget?hsa:10744+hsa:9232">
        <graphics name="PTTG2..." fgcolor="#000000" bgcolor="#BFFFBF"
             type="rectangle" x="1007" y="683" width="46" height="17"/>
    </entry>
    <entry id="23" name="hsa:6500 hsa:8454 hsa:9978" type="gene"
        link="http://www.kegg.jp/dbget-bin/www_bget?hsa:6500+hsa:8454+hsa:9978">
        <graphics name="SKP1, EMC19, OCP-II, OCP2, SKP1A, TCEB1L, p19A..." fgcolor="#000000" bgcolor="#BFFFBF"
             type="rectangle" x="210" y="488" width="46" height="17"/>
    </entry>
    <entry id="24" name="ko:K13056" type="ortholog"
        link="http://www.kegg.jp/dbget-bin/www_bget?K13056">
        <graphics name="K13056" fgcolor="#000000" bgcolor="#FFFFFF"
             type="rectangle" x="259" y="403" width="46" height="17"/>
    </entry>
    <entry id="25" name="hsa:995" type="gene"
        link="http://www.kegg.jp/dbget-bin/www_bget?hsa:995">
        <graphics name="CDC25C, CDC25, PPP1R60" fgcolor="#000000" bgcolor="#BFFFBF"
             type="rectangle" x="494" y="555" width="46" height="17"/>
    </entry>
    <entry id="26" name="hsa:286151" type="gene"
        link="http://www.kegg.jp/dbget-bin/www_bget?hsa:286151">
        <graphics name="FBXO43, EMI2, ERP1, FBX43" fgcolor="#000000" bgcolor="#BFFFBF"
             type="rectangle" x="703" y="555" width="46" height="17"/>
    </entry>
    <entry id="27" name="hsa:1017" type="gene"
        link="http://www.kegg.jp/dbget-bin/www_bget?hsa:1017">
        <graphics name="CDK2, CDKN2, p33(CDK2)" fgcolor="#000000" bgcolor="#BFFFBF"
             type="rectangle" x="1007" y="557" width="46" height="17"/>
    </entry>
    <entry id="28" name="hsa:23291 hsa:8945" type="gene"
        link="http://www.kegg.jp/dbget-bin/www_bget?hsa:23291+hsa:8945">
        <graphics name="FBXW11, BTRC2, BTRCP2, FBW1B, FBXW1B, Fbw11, Hos..." fgcolor="#000000" bgcolor="#BFFFBF"
             type="rectangle" x="210" y="505" width="46" height="17"/>
    </entry>
    <entry id="29" name="hsa:23291 hsa:8945" type="gene"
        link="http://www.kegg.jp/dbget-bin/www_bget?hsa:23291+hsa:8945">
        <graphics name="FBXW11, BTRC2, BTRCP2, FBW1B, FBXW1B, Fbw11, Hos..." fgcolor="#000000" bgcolor="#BFFFBF"
             type="rectangle" x="1207" y="513" width="46" height="17"/>
    </entry>
    <entry id="30" name="hsa:815 hsa:816 hsa:817 hsa:818" type="gene"
        link="http://www.kegg.jp/dbget-bin/www_bget?hsa:815+hsa:816+hsa:817+hsa:818">
        <graphics name="CAMK2A, CAMKA, CaMKIINalpha, MRD53, MRT63..." fgcolor="#000000" bgcolor="#BFFFBF"
             type="rectangle" x="1129" y="466" width="46" height="17"/>
    </entry>
    <entry id="31" name="hsa:5347" type="gene"
        link="http://www.kegg.jp/dbget-bin/www_bget?hsa:5347">
        <graphics name="PLK1, PLK, STPK13" fgcolor="#000000" bgcolor="#BFFFBF"
             type="rectangle" x="1178" y="466" width="46" height="17"/>
    </entry>
    <entry id="32" name="hsa:6790" type="gene"
        link="http://www.kegg.jp/dbget-bin/www_bget?hsa:6790">
        <graphics name="AURKA, AIK, ARK1, AURA, BTAK, PPP1R47, STK15, STK6, STK7" fgcolor="#000000" bgcolor="#BFFFBF"
             type="rectangle" x="324" y="183" width="46" height="17"/>
    </entry>
    <entry id="33" name="hsa:10393 hsa:246184 hsa:25847 hsa:29882 hsa:29945 hsa:51433 hsa:51434 hsa:51529 hsa:64682 hsa:8697 hsa:8881 hsa:996" type="gene"
        link="http://www.kegg.jp/dbget-bin/www_bget?hsa:10393+hsa:246184+hsa:25847+hsa:29882+hsa:29945+hsa:51433+hsa:51434+hsa:51529+hsa:64682+hsa:8697+hsa:8881+hsa:996">
        <graphics name="ANAPC10, APC10, DOC1..." fgcolor="#000000" bgcolor="#BFFFBF"
             type="rectangle" x="255" y="610" width="46" height="17"/>
    </entry>
    <entry id="34" name="hsa:991" type="gene"
        link="http://www.kegg.jp/dbget-bin/www_bget?hsa:991">
        <graphics name="CDC20, CDC20A, bA276H19.3, p55CDC" fgcolor="#000000" bgcolor="#BFFFBF"
             type="rectangle" x="255" y="627" width="46" height="17"/>
    </entry>
    <entry id="35" name="hsa:89869" type="gene"
        link="http://www.kegg.jp/dbget-bin/www_bget?hsa:89869">
        <graphics name="PLCZ1, NYD-SP27, PLC-zeta-1, PLCzeta, SPGF17" fgcolor="#000000" bgcolor="#BFFFBF"
             type="rectangle" x="1129" y="263" width="46" height="17"/>
    </entry>
    <entry id="36" name="cpd:C01245" type="compound"
        link="http://www.kegg.jp/dbget-bin/www_bget?C01245">
        <graphics name="C01245" fgcolor="#000000" bgcolor="#FFFFFF"
             type="circle" x="1129" y="302" width="8" height="8"/>
    </entry>
    <entry id="37" name="hsa:3708 hsa:3709 hsa:3710" type="gene"
        link="http://www.kegg.jp/dbget-bin/www_bget?hsa:3708+hsa:3709+hsa:3710">
        <graphics name="ITPR1, ACV, CLA4, INSP3R1, IP3R, IP3R1, PPP1R94, SCA15, SCA16, SCA29..." fgcolor="#000000" bgcolor="#BFFFBF"
             type="rectangle" x="1130" y="341" width="46" height="17"/>
    </entry>
    <entry id="38" name="cpd:C00076" type="compound"
        link="http://www.kegg.jp/dbget-bin/www_bget?C00076">
        <graphics name="C00076" fgcolor="#000000" bgcolor="#FFFFFF"
             type="circle" x="1129" y="379" width="8" height="8"/>
    </entry>
    <entry id="39" name="hsa:163688 hsa:51806 hsa:801 hsa:805 hsa:808 hsa:810 hsa:91860" type="gene"
        link="http://www.kegg.jp/dbget-bin/www_bget?hsa:163688+hsa:51806+hsa:801+hsa:805+hsa:808+hsa:810+hsa:91860">
        <graphics name="CALML6, CAGLP..." fgcolor="#000000" bgcolor="#BFFFBF"
             type="rectangle" x="1129" y="418" width="46" height="17"/>
    </entry>
    <entry id="40" name="hsa:5530 hsa:5532 hsa:5533 hsa:5534 hsa:5535" type="gene"
        link="http://www.kegg.jp/dbget-bin/www_bget?hsa:5530+hsa:5532+hsa:5533+hsa:5534+hsa:5535">
        <graphics name="PPP3CA, CALN, CALNA, CALNA1, CCN1, CNA1, IECEE, IECEE1, PPP2B..." fgcolor="#000000" bgcolor="#BFFFBF"
             type="rectangle" x="1066" y="466" width="46" height="17"/>
    </entry>
    <entry id="41" name="hsa:132864 hsa:22849 hsa:64506 hsa:80315" type="gene"
        link="http://www.kegg.jp/dbget-bin/www_bget?hsa:132864+hsa:22849+hsa:64506+hsa:80315">
        <graphics name="CPEB2, CPE-BP2, CPEB-2, hCPEB-2..." fgcolor="#000000" bgcolor="#BFFFBF"
             type="rectangle" x="278" y="237" width="46" height="17"/>
    </entry>
    <entry id="42" name="hsa:132864 hsa:22849 hsa:64506 hsa:80315" type="gene"
        link="http://www.kegg.jp/dbget-bin/www_bget?hsa:132864+hsa:22849+hsa:64506+hsa:80315">
        <graphics name="CPEB2, CPE-BP2, CPEB-2, hCPEB-2..." fgcolor="#000000" bgcolor="#BFFFBF"
             type="rectangle" x="786" y="295" width="46" height="17"/>
    </entry>
    <entry id="43" name="hsa:5347" type="gene"
        link="http://www.kegg.jp/dbget-bin/www_bget?hsa:5347">
        <graphics name="PLK1, PLK, STPK13" fgcolor="#000000" bgcolor="#BFFFBF"
             type="rectangle" x="842" y="249" width="46" height="17"/>
    </entry>
    <entry id="44" name="hsa:6500 hsa:8454 hsa:9978" type="gene"
        link="http://www.kegg.jp/dbget-bin/www_bget?hsa:6500+hsa:8454+hsa:9978">
        <graphics name="SKP1, EMC19, OCP-II, OCP2, SKP1A, TCEB1L, p19A..." fgcolor="#000000" bgcolor="#BFFFBF"
             type="rectangle" x="703" y="488" width="46" height="17"/>
    </entry>
    <entry id="45" name="hsa:23291 hsa:8945" type="gene"
        link="http://www.kegg.jp/dbget-bin/www_bget?hsa:23291+hsa:8945">
        <graphics name="FBXW11, BTRC2, BTRCP2, FBW1B, FBXW1B, Fbw11, Hos..." fgcolor="#000000" bgcolor="#BFFFBF"
             type="rectangle" x="703" y="505" width="46" height="17"/>
    </entry>
    <entry id="46" name="hsa:5566 hsa:5567 hsa:5568" type="gene"
        link="http://www.kegg.jp/dbget-bin/www_bget?hsa:5566+hsa:5567+hsa:5568">
        <graphics name="PRKACA, PKACA, PPNAD4..." fgcolor="#000000" bgcolor="#BFFFBF"
             type="rectangle" x="157" y="257" width="46" height="17"/>
    </entry>
    <entry id="47" name="hsa:107 hsa:108 hsa:109 hsa:111 hsa:112 hsa:113 hsa:114 hsa:115 hsa:196883" type="gene"
        link="http://www.kegg.jp/dbget-bin/www_bget?hsa:107+hsa:108+hsa:109+hsa:111+hsa:112+hsa:113+hsa:114+hsa:115+hsa:196883">
        <graphics name="ADCY1, AC1, DFNB44..." fgcolor="#000000" bgcolor="#BFFFBF"
             type="rectangle" x="157" y="191" width="46" height="17"/>
    </entry>
    <entry id="48" name="cpd:C00575" type="compound"
        link="http://www.kegg.jp/dbget-bin/www_bget?C00575">
        <graphics name="C00575" fgcolor="#000000" bgcolor="#FFFFFF"
             type="circle" x="157" y="225" width="8" height="8"/>
    </entry>
    <entry id="49" name="hsa:10971 hsa:7529 hsa:7531 hsa:7532 hsa:7533 hsa:7534" type="gene"
        link="http://www.kegg.jp/dbget-bin/www_bget?hsa:10971+hsa:7529+hsa:7531+hsa:7532+hsa:7533+hsa:7534">
        <graphics name="YWHAQ, 14-3-3, 1C5, HS1..." fgcolor="#000000" bgcolor="#BFFFBF"
             type="rectangle" x="434" y="578" width="46" height="17"/>
    </entry>
    <entry id="50" name="hsa:5499 hsa:5500 hsa:5501" type="gene"
        link="http://www.kegg.jp/dbget-bin/www_bget?hsa:5499+hsa:5500+hsa:5501">
        <graphics name="PPP1CA, PP-1A, PP1A, PP1alpha, PPP1A..." fgcolor="#000000" bgcolor="#BFFFBF"
             type="rectangle" x="561" y="483" width="46" height="17"/>
    </entry>
    <entry id="51" name="hsa:6300" type="gene"
        link="http://www.kegg.jp/dbget-bin/www_bget?hsa:6300">
        <graphics name="MAPK12, ERK-6, ERK3, ERK6, MAPK_12, P38GAMMA, PRKM12, SAPK-3, SAPK3" fgcolor="#000000" bgcolor="#BFFFBF"
             type="rectangle" x="526" y="459" width="46" height="17"/>
    </entry>
    <entry id="52" name="hsa:5347" type="gene"
        link="http://www.kegg.jp/dbget-bin/www_bget?hsa:5347">
        <graphics name="PLK1, PLK, STPK13" fgcolor="#000000" bgcolor="#BFFFBF"
             type="rectangle" x="578" y="516" width="46" height="17"/>
    </entry>
    <entry id="53" name="hsa:9700" type="gene"
        link="http://www.kegg.jp/dbget-bin/www_bget?hsa:9700">
        <graphics name="ESPL1, ESP1, SEPA" fgcolor="#000000" bgcolor="#BFFFBF"
             type="rectangle" x="653" y="722" width="46" height="17"/>
    </entry>
    <entry id="54" name="hsa:9700" type="gene"
        link="http://www.kegg.jp/dbget-bin/www_bget?hsa:9700">
        <graphics name="ESPL1, ESP1, SEPA" fgcolor="#000000" bgcolor="#BFFFBF"
             type="rectangle" x="1007" y="722" width="46" height="17"/>
    </entry>
    <entry id="55" name="hsa:27127 hsa:8243" type="gene"
        link="http://www.kegg.jp/dbget-bin/www_bget?hsa:27127+hsa:8243">
        <graphics name="SMC1B, SMC1BETA, SMC1L2..." fgcolor="#000000" bgcolor="#BFFFBF"
             type="rectangle" x="630" y="803" width="46" height="17"/>
    </entry>
    <entry id="56" name="hsa:9985" type="gene"
        link="http://www.kegg.jp/dbget-bin/www_bget?hsa:9985">
        <graphics name="REC8, HR21spB, REC8L1, Rec8p" fgcolor="#000000" bgcolor="#BFFFBF"
             type="rectangle" x="653" y="769" width="46" height="17"/>
    </entry>
    <entry id="57" name="hsa:10734" type="gene"
        link="http://www.kegg.jp/dbget-bin/www_bget?hsa:10734">
        <graphics name="STAG3" fgcolor="#000000" bgcolor="#BFFFBF"
             type="rectangle" x="653" y="786" width="46" height="17"/>
    </entry>
    <entry id="58" name="hsa:27127 hsa:8243" type="gene"
        link="http://www.kegg.jp/dbget-bin/www_bget?hsa:27127+hsa:8243">
        <graphics name="SMC1B, SMC1BETA, SMC1L2..." fgcolor="#000000" bgcolor="#BFFFBF"
             type="rectangle" x="984" y="803" width="46" height="17"/>
    </entry>
    <entry id="59" name="hsa:9985" type="gene"
        link="http://www.kegg.jp/dbget-bin/www_bget?hsa:9985">
        <graphics name="REC8, HR21spB, REC8L1, Rec8p" fgcolor="#000000" bgcolor="#BFFFBF"
             type="rectangle" x="1007" y="769" width="46" height="17"/>
    </entry>
    <entry id="60" name="hsa:10734" type="gene"
        link="http://www.kegg.jp/dbget-bin/www_bget?hsa:10734">
        <graphics name="STAG3" fgcolor="#000000" bgcolor="#BFFFBF"
             type="rectangle" x="1007" y="786" width="46" height="17"/>
    </entry>
    <entry id="61" name="hsa:151648" type="gene"
        link="http://www.kegg.jp/dbget-bin/www_bget?hsa:151648">
        <graphics name="SGO1, CAID, NY-BR-85, SGO, SGOL1" fgcolor="#000000" bgcolor="#BFFFBF"
             type="rectangle" x="950" y="683" width="46" height="17"/>
    </entry>
    <entry id="62" name="hsa:5525 hsa:5526 hsa:5527 hsa:5528 hsa:5529" type="gene"
        link="http://www.kegg.jp/dbget-bin/www_bget?hsa:5525+hsa:5526+hsa:5527+hsa:5528+hsa:5529">
        <graphics name="PPP2R5A, B56A, B56alpha, PR61A..." fgcolor="#000000" bgcolor="#BFFFBF"
             type="rectangle" x="950" y="722" width="46" height="17"/>
    </entry>
    <entry id="63" name="hsa:5515 hsa:5516 hsa:5518 hsa:5519" type="gene"
        link="http://www.kegg.jp/dbget-bin/www_bget?hsa:5515+hsa:5516+hsa:5518+hsa:5519">
        <graphics name="PPP2CA, PP2Ac, PP2CA, PP2Calpha, RP-C..." fgcolor="#000000" bgcolor="#BFFFBF"
             type="rectangle" x="950" y="739" width="46" height="17"/>
    </entry>
    <entry id="65" name="hsa:9126" type="gene"
        link="http://www.kegg.jp/dbget-bin/www_bget?hsa:9126">
        <graphics name="SMC3, BAM, BMH, CDLS3, CSPG6, HCAP, SMC3L1" fgcolor="#000000" bgcolor="#BFFFBF"
             type="rectangle" x="676" y="803" width="46" height="17"/>
    </entry>
    <entry id="66" name="hsa:5515 hsa:5516 hsa:5518 hsa:5519" type="gene"
        link="http://www.kegg.jp/dbget-bin/www_bget?hsa:5515+hsa:5516+hsa:5518+hsa:5519">
        <graphics name="PPP2CA, PP2Ac, PP2CA, PP2Calpha, RP-C..." fgcolor="#000000" bgcolor="#BFFFBF"
             type="rectangle" x="1094" y="490" width="46" height="17"/>
    </entry>
    <entry id="67" name="hsa:5241" type="gene"
        link="http://www.kegg.jp/dbget-bin/www_bget?hsa:5241">
        <graphics name="PGR, NR3C3, PR" fgcolor="#000000" bgcolor="#BFFFBF"
             type="rectangle" x="206" y="154" width="46" height="17"/>
    </entry>
    <entry id="68" name="hsa:367" type="gene"
        link="http://www.kegg.jp/dbget-bin/www_bget?hsa:367">
        <graphics name="AR, AIS, AR8, DHTR, HUMARA, HYSP1, KD, NR3C4, SBMA, SMAX1, TFM" fgcolor="#000000" bgcolor="#BFFFBF"
             type="rectangle" x="255" y="154" width="46" height="17"/>
    </entry>
    <entry id="69" name="hsa:3480" type="gene"
        link="http://www.kegg.jp/dbget-bin/www_bget?hsa:3480">
        <graphics name="IGF1R, CD221, IGFIR, IGFR, JTK13" fgcolor="#000000" bgcolor="#BFFFBF"
             type="rectangle" x="98" y="154" width="46" height="17"/>
    </entry>
    <entry id="70" name="hsa:3630" type="gene"
        link="http://www.kegg.jp/dbget-bin/www_bget?hsa:3630">
        <graphics name="INS, IDDM, IDDM1, IDDM2, ILPR, IRDN, MODY10" fgcolor="#000000" bgcolor="#BFFFBF"
             type="rectangle" x="73" y="103" width="46" height="17"/>
    </entry>
    <entry id="71" name="hsa:3479" type="gene"
        link="http://www.kegg.jp/dbget-bin/www_bget?hsa:3479">
        <graphics name="IGF1, IGF, IGF-I, IGFI, MGF" fgcolor="#000000" bgcolor="#BFFFBF"
             type="rectangle" x="123" y="103" width="46" height="17"/>
    </entry>
    <entry id="72" name="hsa:100310812 hsa:100505767 hsa:100996746 hsa:102723555 hsa:102723849 hsa:245711 hsa:285955 hsa:387778 hsa:388333 hsa:441272 hsa:441273 hsa:442590 hsa:729597" type="gene"
        link="http://www.kegg.jp/dbget-bin/www_bget?hsa:100310812+hsa:100505767+hsa:100996746+hsa:102723555+hsa:102723849+hsa:245711+hsa:285955+hsa:387778+hsa:388333+hsa:441272+hsa:441273+hsa:442590+hsa:729597">
        <graphics name="SPDYE2B, SPDYE2L..." fgcolor="#000000" bgcolor="#BFFFBF"
             type="rectangle" x="431" y="433" width="46" height="17"/>
    </entry>
    <entry id="73" name="hsa:983" type="gene"
        link="http://www.kegg.jp/dbget-bin/www_bget?hsa:983">
        <graphics name="CDK1, CDC2, CDC28A, P34CDC2" fgcolor="#000000" bgcolor="#BFFFBF"
             type="rectangle" x="431" y="450" width="46" height="17"/>
    </entry>
    <entry id="74" name="hsa:1017" type="gene"
        link="http://www.kegg.jp/dbget-bin/www_bget?hsa:1017">
        <graphics name="CDK2, CDKN2, p33(CDK2)" fgcolor="#000000" bgcolor="#BFFFBF"
             type="rectangle" x="487" y="436" width="46" height="17"/>
    </entry>
    <entry id="75" name="hsa:9748" type="gene"
        link="http://www.kegg.jp/dbget-bin/www_bget?hsa:9748">
        <graphics name="SLK, LOSK, STK2, bA16H23.1, se20-9" fgcolor="#000000" bgcolor="#BFFFBF"
             type="rectangle" x="578" y="556" width="46" height="17"/>
    </entry>
    <entry id="76" name="path:hsa04914" type="map"
        link="http://www.kegg.jp/dbget-bin/www_bget?hsa04914">
        <graphics name="Progesterone-mediated oocyte maturation" fgcolor="#000000" bgcolor="#FFFFFF"
             type="roundrectangle" x="423" y="114" width="139" height="34"/>
    </entry>
    <entry id="77" name="path:hsa04120" type="map"
        link="http://www.kegg.jp/dbget-bin/www_bget?hsa04120">
        <graphics name="Ubiquitin mediated proteolysis" fgcolor="#000000" bgcolor="#FFFFFF"
             type="roundrectangle" x="139" y="620" width="119" height="34"/>
    </entry>
    <entry id="78" name="path:hsa04010" type="map"
        link="http://www.kegg.jp/dbget-bin/www_bget?hsa04010">
        <graphics name="MAPK signaling pathway" fgcolor="#000000" bgcolor="#FFFFFF"
             type="roundrectangle" x="357" y="278" width="111" height="34"/>
    </entry>
    <entry id="79" name="hsa:699" type="gene"
        link="http://www.kegg.jp/dbget-bin/www_bget?hsa:699">
        <graphics name="BUB1, BUB1A, BUB1L, hBUB1" fgcolor="#000000" bgcolor="#BFFFBF"
             type="rectangle" x="860" y="500" width="46" height="17"/>
    </entry>
    <entry id="80" name="hsa:995" type="gene"
        link="http://www.kegg.jp/dbget-bin/www_bget?hsa:995">
        <graphics name="CDC25C, CDC25, PPP1R60" fgcolor="#000000" bgcolor="#BFFFBF"
             type="rectangle" x="1204" y="636" width="46" height="17"/>
    </entry>
    <entry id="81" name="hsa:9126" type="gene"
        link="http://www.kegg.jp/dbget-bin/www_bget?hsa:9126">
        <graphics name="SMC3, BAM, BMH, CDLS3, CSPG6, HCAP, SMC3L1" fgcolor="#000000" bgcolor="#BFFFBF"
             type="rectangle" x="1030" y="803" width="46" height="17"/>
    </entry>
    <entry id="82" name="undefined" type="group">
        <graphics fgcolor="#000000" bgcolor="#FFFFFF"
             type="rectangle" x="431" y="441" width="46" height="34"/>
        <component id="72"/>
        <component id="73"/>
    </entry>
    <entry id="83" name="undefined" type="group">
        <graphics fgcolor="#000000" bgcolor="#FFFFFF"
             type="rectangle" x="437" y="705" width="46" height="33"/>
        <component id="2"/>
        <component id="4"/>
    </entry>
    <entry id="84" name="undefined" type="group">
        <graphics fgcolor="#000000" bgcolor="#FFFFFF"
             type="rectangle" x="210" y="496" width="46" height="34"/>
        <component id="23"/>
        <component id="28"/>
    </entry>
    <entry id="85" name="undefined" type="group">
        <graphics fgcolor="#000000" bgcolor="#FFFFFF"
             type="rectangle" x="255" y="618" width="46" height="34"/>
        <component id="33"/>
        <component id="34"/>
    </entry>
    <entry id="86" name="undefined" type="group">
        <graphics fgcolor="#000000" bgcolor="#FFFFFF"
             type="rectangle" x="653" y="618" width="46" height="34"/>
        <component id="11"/>
        <component id="12"/>
    </entry>
    <entry id="87" name="undefined" type="group">
        <graphics fgcolor="#000000" bgcolor="#FFFFFF"
             type="rectangle" x="703" y="496" width="46" height="34"/>
        <component id="44"/>
        <component id="45"/>
    </entry>
    <entry id="88" name="undefined" type="group">
        <graphics fgcolor="#000000" bgcolor="#FFFFFF"
             type="rectangle" x="1007" y="548" width="46" height="34"/>
        <component id="18"/>
        <component id="27"/>
    </entry>
    <entry id="89" name="undefined" type="group">
        <graphics fgcolor="#000000" bgcolor="#FFFFFF"
             type="rectangle" x="1007" y="621" width="46" height="34"/>
        <component id="20"/>
        <component id="21"/>
    </entry>
    <entry id="90" name="undefined" type="group">
        <graphics fgcolor="#000000" bgcolor="#FFFFFF"
             type="rectangle" x="1207" y="504" width="46" height="34"/>
        <component id="17"/>
        <component id="29"/>
    </entry>
    <entry id="91" name="undefined" type="group">
        <graphics fgcolor="#000000" bgcolor="#FFFFFF"
             type="rectangle" x="950" y="730" width="46" height="34"/>
        <component id="62"/>
        <component id="63"/>
    </entry>
    <entry id="92" name="undefined" type="group">
        <graphics fgcolor="#000000" bgcolor="#FFFFFF"
             type="rectangle" x="786" y="703" width="46" height="34"/>
        <component id="14"/>
        <component id="15"/>
    </entry>
    <relation entry1="1" entry2="8" type="PPrel">
        <subtype name="activation" value="--&gt;"/>
        <subtype name="phosphorylation" value="+p"/>
    </relation>
    <relation entry1="8" entry2="7" type="PPrel">
        <subtype name="activation" value="--&gt;"/>
        <subtype name="phosphorylation" value="+p"/>
    </relation>
    <relation entry1="7" entry2="6" type="PPrel">
        <subtype name="activation" value="--&gt;"/>
        <subtype name="phosphorylation" value="+p"/>
    </relation>
    <relation entry1="6" entry2="79" type="PPrel">
        <subtype name="activation" value="--&gt;"/>
        <subtype name="phosphorylation" value="+p"/>
    </relation>
    <relation entry1="6" entry2="5" type="PPrel">
        <subtype name="inhibition" value="--|"/>
        <subtype name="phosphorylation" value="+p"/>
    </relation>
    <relation entry1="5" entry2="2" type="PPrel">
        <subtype name="inhibition" value="--|"/>
        <subtype name="phosphorylation" value="+p"/>
    </relation>
    <relation entry1="79" entry2="3" type="PPrel">
        <subtype name="activation" value="--&gt;"/>
    </relation>
    <relation entry1="70" entry2="69" type="PPrel">
        <subtype name="activation" value="--&gt;"/>
    </relation>
    <relation entry1="71" entry2="69" type="PPrel">
        <subtype name="activation" value="--&gt;"/>
    </relation>
    <relation entry1="9" entry2="67" type="PCrel">
    </relation>
    <relation entry1="9" entry2="68" type="PCrel">
    </relation>
    <relation entry1="47" entry2="46" type="ECrel">
        <subtype name="compound" value="48"/>
    </relation>
    <relation entry1="67" entry2="46" type="ECrel">
        <subtype name="compound" value="48"/>
    </relation>
    <relation entry1="68" entry2="46" type="ECrel">
        <subtype name="compound" value="48"/>
    </relation>
    <relation entry1="69" entry2="46" type="ECrel">
        <subtype name="compound" value="48"/>
    </relation>
    <relation entry1="9" entry2="32" type="PCrel">
    </relation>
    <relation entry1="32" entry2="41" type="PPrel">
        <subtype name="activation" value="--&gt;"/>
        <subtype name="phosphorylation" value="+p"/>
    </relation>
    <relation entry1="32" entry2="42" type="PPrel">
        <subtype name="activation" value="--&gt;"/>
        <subtype name="phosphorylation" value="+p"/>
    </relation>
    <relation entry1="43" entry2="42" type="PPrel">
        <subtype name="activation" value="--&gt;"/>
        <subtype name="phosphorylation" value="+p"/>
    </relation>
    <relation entry1="82" entry2="25" type="PPrel">
        <subtype name="activation" value="--&gt;"/>
        <subtype name="phosphorylation" value="+p"/>
    </relation>
    <relation entry1="74" entry2="25" type="PPrel">
        <subtype name="activation" value="--&gt;"/>
        <subtype name="phosphorylation" value="+p"/>
    </relation>
    <relation entry1="51" entry2="25" type="PPrel">
        <subtype name="activation" value="--&gt;"/>
        <subtype name="phosphorylation" value="+p"/>
    </relation>
    <relation entry1="50" entry2="25" type="PPrel">
        <subtype name="activation" value="--&gt;"/>
        <subtype name="dephosphorylation" value="-p"/>
    </relation>
    <relation entry1="52" entry2="25" type="PPrel">
        <subtype name="activation" value="--&gt;"/>
        <subtype name="phosphorylation" value="+p"/>
    </relation>
    <relation entry1="83" entry2="75" type="PPrel">
        <subtype name="activation" value="--&gt;"/>
        <subtype name="phosphorylation" value="+p"/>
    </relation>
    <relation entry1="75" entry2="52" type="PPrel">
        <subtype name="activation" value="--&gt;"/>
        <subtype name="phosphorylation" value="+p"/>
    </relation>
    <relation entry1="83" entry2="25" type="PPrel">
        <subtype name="activation" value="--&gt;"/>
        <subtype name="phosphorylation" value="+p"/>
    </relation>
    <relation entry1="46" entry2="25" type="PPrel">
        <subtype name="inhibition" value="--|"/>
        <subtype name="phosphorylation" value="+p"/>
    </relation>
    <relation entry1="84" entry2="16" type="PPrel">
        <subtype name="inhibition" value="--|"/>
    </relation>
    <relation entry1="16" entry2="34" type="PPrel">
        <subtype name="inhibition" value="--|"/>
    </relation>
    <relation entry1="85" entry2="4" type="PPrel">
        <subtype name="inhibition" value="--|"/>
        <subtype name="ubiquitination" value="+u"/>
    </relation>
    <relation entry1="86" entry2="4" type="PPrel">
        <subtype name="inhibition" value="--|"/>
        <subtype name="ubiquitination" value="+u"/>
    </relation>
    <relation entry1="86" entry2="13" type="PPrel">
        <subtype name="inhibition" value="--|"/>
        <subtype name="ubiquitination" value="+u"/>
    </relation>
    <relation entry1="13" entry2="53" type="PPrel">
        <subtype name="inhibition" value="--|"/>
    </relation>
    <relation entry1="53" entry2="56" type="PPrel">
        <subtype name="inhibition" value="--|"/>
    </relation>
    <relation entry1="83" entry2="42" type="PPrel">
        <subtype name="activation" value="--&gt;"/>
        <subtype name="phosphorylation" value="+p"/>
    </relation>
    <relation entry1="87" entry2="26" type="PPrel">
        <subtype name="inhibition" value="--|"/>
    </relation>
    <relation entry1="26" entry2="12" type="PPrel">
        <subtype name="inhibition" value="--|"/>
    </relation>
    <relation entry1="3" entry2="20" type="PPrel">
        <subtype name="inhibition" value="--|"/>
        <subtype name="phosphorylation" value="+p"/>
    </relation>
    <relation entry1="88" entry2="20" type="PPrel">
        <subtype name="inhibition" value="--|"/>
        <subtype name="phosphorylation" value="+p"/>
    </relation>
    <relation entry1="35" entry2="37" type="ECrel">
        <subtype name="compound" value="36"/>
    </relation>
    <relation entry1="37" entry2="39" type="ECrel">
        <subtype name="compound" value="38"/>
    </relation>
    <relation entry1="39" entry2="40" type="PPrel">
        <subtype name="activation" value="--&gt;"/>
    </relation>
    <relation entry1="39" entry2="30" type="PPrel">
        <subtype name="activation" value="--&gt;"/>
    </relation>
    <relation entry1="40" entry2="89" type="PPrel">
        <subtype name="activation" value="--&gt;"/>
        <subtype name="dephosphorylation" value="-p"/>
    </relation>
    <relation entry1="66" entry2="19" type="PPrel">
        <subtype name="activation" value="--&gt;"/>
        <subtype name="dephosphorylation" value="-p"/>
    </relation>
    <relation entry1="30" entry2="19" type="PPrel">
        <subtype name="inhibition" value="--|"/>
        <subtype name="phosphorylation" value="+p"/>
    </relation>
    <relation entry1="31" entry2="19" type="PPrel">
        <subtype name="inhibition" value="--|"/>
        <subtype name="phosphorylation" value="+p"/>
    </relation>
    <relation entry1="90" entry2="19" type="PPrel">
        <subtype name="inhibition" value="--|"/>
    </relation>
    <relation entry1="30" entry2="80" type="PPrel">
        <subtype name="inhibition" value="--|"/>
        <subtype name="phosphorylation" value="+p"/>
    </relation>
    <relation entry1="19" entry2="21" type="PPrel">
        <subtype name="inhibition" value="--|"/>
    </relation>
    <relation entry1="89" entry2="22" type="PPrel">
        <subtype name="inhibition" value="--|"/>
        <subtype name="ubiquitination" value="+u"/>
    </relation>
    <relation entry1="89" entry2="14" type="PPrel">
        <subtype name="inhibition" value="--|"/>
        <subtype name="ubiquitination" value="+u"/>
    </relation>
    <relation entry1="79" entry2="61" type="PPrel">
        <subtype name="indirect effect" value="..&gt;"/>
    </relation>
    <relation entry1="61" entry2="91" type="PPrel">
        <subtype name="binding/association" value="---"/>
    </relation>
    <relation entry1="91" entry2="59" type="PPrel">
        <subtype name="activation" value="--&gt;"/>
    </relation>
    <relation entry1="22" entry2="54" type="PPrel">
        <subtype name="inhibition" value="--|"/>
    </relation>
    <relation entry1="54" entry2="59" type="PPrel">
        <subtype name="inhibition" value="--|"/>
    </relation>
    <relation entry1="92" entry2="19" type="PPrel">
        <subtype name="inhibition" value="--|"/>
        <subtype name="phosphorylation" value="+p"/>
    </relation>
    <relation entry1="49" entry2="25" type="PPrel">
        <subtype name="dissociation" value="-+-"/>
    </relation>
    <relation entry1="25" entry2="2" type="PPrel">
        <subtype name="activation" value="--&gt;"/>
        <subtype name="dephosphorylation" value="-p"/>
    </relation>
    <relation entry1="1" entry2="5" type="PPrel">
        <subtype name="inhibition" value="--|"/>
        <subtype name="phosphorylation" value="+p"/>
    </relation>
</pathway>
