<?xml version="1.0"?>
<!DOCTYPE pathway SYSTEM "http://www.kegg.jp/kegg/xml/KGML_v0.7.2_.dtd">
<!-- Creation date: Dec 21, 2018 11:45:40 +0900 (GMT+9) -->
<pathway name="path:hsa05169" org="hsa" number="05169"
         title="Epstein-Barr virus infection"
         image="http://www.kegg.jp/kegg/pathway/hsa/hsa05169.png"
         link="http://www.kegg.jp/kegg-bin/show_pathway?hsa05169">
    <entry id="1" name="ko:K19450" type="ortholog"
        link="http://www.kegg.jp/dbget-bin/www_bget?K19450">
        <graphics name="K19450" fgcolor="#000000" bgcolor="#FFFFFF"
             type="rectangle" x="180" y="131" width="46" height="17"/>
    </entry>
    <entry id="2" name="ko:K19451 ko:K19452" type="ortholog"
        link="http://www.kegg.jp/dbget-bin/www_bget?K19451+K19452">
        <graphics name="K19451..." fgcolor="#000000" bgcolor="#FFFFFF"
             type="rectangle" x="180" y="151" width="46" height="17"/>
    </entry>
    <entry id="3" name="ko:K19453" type="ortholog"
        link="http://www.kegg.jp/dbget-bin/www_bget?K19453">
        <graphics name="K19453" fgcolor="#000000" bgcolor="#FFFFFF"
             type="rectangle" x="180" y="177" width="46" height="17"/>
    </entry>
    <entry id="4" name="hsa:1380" type="gene"
        link="http://www.kegg.jp/dbget-bin/www_bget?hsa:1380">
        <graphics name="CR2, C3DR, CD21, CR, CVID7, SLEB9" fgcolor="#000000" bgcolor="#BFFFBF"
             type="rectangle" x="264" y="118" width="46" height="17"/>
    </entry>
    <entry id="5" name="hsa:3108 hsa:3109 hsa:3111 hsa:3112 hsa:3113 hsa:3115 hsa:3117 hsa:3118 hsa:3119 hsa:3122 hsa:3123 hsa:3125 hsa:3126 hsa:3127" type="gene"
        link="http://www.kegg.jp/dbget-bin/www_bget?hsa:3108+hsa:3109+hsa:3111+hsa:3112+hsa:3113+hsa:3115+hsa:3117+hsa:3118+hsa:3119+hsa:3122+hsa:3123+hsa:3125+hsa:3126+hsa:3127">
        <graphics name="HLA-DMA, D6S222E, DMA, HLADM, RING6..." fgcolor="#000000" bgcolor="#BFFFBF"
             type="rectangle" x="264" y="177" width="46" height="17"/>
    </entry>
    <entry id="6" name="ko:K19457" type="ortholog"
        link="http://www.kegg.jp/dbget-bin/www_bget?K19457">
        <graphics name="K19457" fgcolor="#000000" bgcolor="#FFFFFF"
             type="rectangle" x="959" y="737" width="46" height="17"/>
    </entry>
    <entry id="7" name="path:hsa05169" type="map"
        link="http://www.kegg.jp/dbget-bin/www_bget?hsa05169">
        <graphics name="TITLE:Epstein-Barr virus infection" fgcolor="#000000" bgcolor="#FFFFFF"
             type="roundrectangle" x="171" y="58" width="262" height="25"/>
    </entry>
    <entry id="8" name="hsa:11317 hsa:3516" type="gene"
        link="http://www.kegg.jp/dbget-bin/www_bget?hsa:11317+hsa:3516">
        <graphics name="RBPJL, RBPL, RBPSUHL, SUHL..." fgcolor="#000000" bgcolor="#BFFFBF"
             type="rectangle" x="1087" y="740" width="46" height="17"/>
    </entry>
    <entry id="9" name="hsa:22938" type="gene"
        link="http://www.kegg.jp/dbget-bin/www_bget?hsa:22938">
        <graphics name="SNW1, Bx42, FUN20, NCOA-62, PRPF45, Prp45, SKIIP, SKIP, SKIP1" fgcolor="#000000" bgcolor="#BFFFBF"
             type="rectangle" x="959" y="758" width="46" height="17"/>
    </entry>
    <entry id="10" name="hsa:9612" type="gene"
        link="http://www.kegg.jp/dbget-bin/www_bget?hsa:9612">
        <graphics name="NCOR2, CTG26, N-CoR2, SMAP270, SMRT, SMRTE, SMRTE-tau, TNRC14, TRAC, TRAC-1, TRAC1" fgcolor="#000000" bgcolor="#BFFFBF"
             type="rectangle" x="981" y="686" width="46" height="17"/>
    </entry>
    <entry id="11" name="ko:K19458" type="ortholog"
        link="http://www.kegg.jp/dbget-bin/www_bget?K19458">
        <graphics name="K19458" fgcolor="#000000" bgcolor="#FFFFFF"
             type="rectangle" x="1015" y="826" width="46" height="17"/>
    </entry>
    <entry id="12" name="ko:K19459" type="ortholog"
        link="http://www.kegg.jp/dbget-bin/www_bget?K19459">
        <graphics name="K19459" fgcolor="#000000" bgcolor="#FFFFFF"
             type="rectangle" x="1299" y="704" width="46" height="17"/>
    </entry>
    <entry id="13" name="hsa:2208" type="gene"
        link="http://www.kegg.jp/dbget-bin/www_bget?hsa:2208">
        <graphics name="FCER2, BLAST-2, CD23, CD23A, CLEC4J, FCE2, IGEBF" fgcolor="#000000" bgcolor="#BFFFBF"
             type="rectangle" x="1299" y="772" width="46" height="17"/>
    </entry>
    <entry id="14" name="hsa:4609" type="gene"
        link="http://www.kegg.jp/dbget-bin/www_bget?hsa:4609">
        <graphics name="MYC, MRTL, MYCC, bHLHe39, c-Myc" fgcolor="#000000" bgcolor="#BFFFBF"
             type="rectangle" x="1299" y="793" width="46" height="17"/>
    </entry>
    <entry id="15" name="hsa:1380" type="gene"
        link="http://www.kegg.jp/dbget-bin/www_bget?hsa:1380">
        <graphics name="CR2, C3DR, CD21, CR, CVID7, SLEB9" fgcolor="#000000" bgcolor="#BFFFBF"
             type="rectangle" x="1299" y="751" width="46" height="17"/>
    </entry>
    <entry id="16" name="hsa:3065 hsa:3066" type="gene"
        link="http://www.kegg.jp/dbget-bin/www_bget?hsa:3065+hsa:3066">
        <graphics name="HDAC1, GON-10, HD1, RPD3, RPD3L1..." fgcolor="#000000" bgcolor="#BFFFBF"
             type="rectangle" x="1027" y="669" width="46" height="17"/>
    </entry>
    <entry id="17" name="ko:K19458" type="ortholog"
        link="http://www.kegg.jp/dbget-bin/www_bget?K19458">
        <graphics name="K19458" fgcolor="#000000" bgcolor="#FFFFFF"
             type="rectangle" x="1156" y="1202" width="46" height="17"/>
    </entry>
    <entry id="18" name="hsa:1027" type="gene"
        link="http://www.kegg.jp/dbget-bin/www_bget?hsa:1027">
        <graphics name="CDKN1B, CDKN4, KIP1, MEN1B, MEN4, P27KIP1" fgcolor="#000000" bgcolor="#BFFFBF"
             type="rectangle" x="979" y="1276" width="46" height="17"/>
    </entry>
    <entry id="19" name="hsa:6502" type="gene"
        link="http://www.kegg.jp/dbget-bin/www_bget?hsa:6502">
        <graphics name="SKP2, FBL1, FBXL1, FLB1, p45" fgcolor="#000000" bgcolor="#BFFFBF"
             type="rectangle" x="1148" y="1251" width="46" height="17"/>
    </entry>
    <entry id="20" name="hsa:5925" type="gene"
        link="http://www.kegg.jp/dbget-bin/www_bget?hsa:5925">
        <graphics name="RB1, OSRC, PPP1R130, RB, p105-Rb, pRb, pp110" fgcolor="#000000" bgcolor="#BFFFBF"
             type="rectangle" x="1148" y="1290" width="46" height="17"/>
    </entry>
    <entry id="21" name="ko:K19461" type="ortholog"
        link="http://www.kegg.jp/dbget-bin/www_bget?K19461">
        <graphics name="K19461" fgcolor="#000000" bgcolor="#FFFFFF"
             type="rectangle" x="903" y="882" width="46" height="17"/>
    </entry>
    <entry id="22" name="hsa:7874" type="gene"
        link="http://www.kegg.jp/dbget-bin/www_bget?hsa:7874">
        <graphics name="USP7, HAUSP, TEF1" fgcolor="#000000" bgcolor="#BFFFBF"
             type="rectangle" x="978" y="883" width="46" height="17"/>
    </entry>
    <entry id="23" name="hsa:7157" type="gene"
        link="http://www.kegg.jp/dbget-bin/www_bget?hsa:7157">
        <graphics name="TP53, BCC7, BMFS5, LFS1, P53, TRP53" fgcolor="#000000" bgcolor="#BFFFBF"
             type="rectangle" x="1017" y="929" width="46" height="17"/>
    </entry>
    <entry id="24" name="ko:K19459" type="ortholog"
        link="http://www.kegg.jp/dbget-bin/www_bget?K19459">
        <graphics name="K19459" fgcolor="#000000" bgcolor="#FFFFFF"
             type="rectangle" x="264" y="1053" width="46" height="17"/>
    </entry>
    <entry id="25" name="hsa:8717" type="gene"
        link="http://www.kegg.jp/dbget-bin/www_bget?hsa:8717">
        <graphics name="TRADD, Hs.89862" fgcolor="#000000" bgcolor="#BFFFBF"
             type="rectangle" x="379" y="1054" width="46" height="17"/>
    </entry>
    <entry id="26" name="hsa:8737" type="gene"
        link="http://www.kegg.jp/dbget-bin/www_bget?hsa:8737">
        <graphics name="RIPK1, IMD57, RIP, RIP-1, RIP1" fgcolor="#000000" bgcolor="#BFFFBF"
             type="rectangle" x="490" y="1169" width="46" height="17"/>
    </entry>
    <entry id="27" name="hsa:7187 hsa:7188" type="gene"
        link="http://www.kegg.jp/dbget-bin/www_bget?hsa:7187+hsa:7188">
        <graphics name="TRAF3, CAP-1, CAP1, CD40bp, CRAF1, IIAE5, LAP1, RNF118..." fgcolor="#000000" bgcolor="#BFFFBF"
             type="rectangle" x="379" y="995" width="46" height="17"/>
    </entry>
    <entry id="28" name="hsa:4792 hsa:4793 hsa:4794" type="gene"
        link="http://www.kegg.jp/dbget-bin/www_bget?hsa:4792+hsa:4793+hsa:4794">
        <graphics name="NFKBIA, IKBA, MAD-3, NFKBI..." fgcolor="#000000" bgcolor="#BFFFBF"
             type="rectangle" x="679" y="1061" width="46" height="17"/>
    </entry>
    <entry id="29" name="hsa:9020" type="gene"
        link="http://www.kegg.jp/dbget-bin/www_bget?hsa:9020">
        <graphics name="MAP3K14, FTDCR1B, HS, HSNIK, NIK" fgcolor="#000000" bgcolor="#BFFFBF"
             type="rectangle" x="490" y="995" width="46" height="17"/>
    </entry>
    <entry id="30" name="hsa:1147" type="gene"
        link="http://www.kegg.jp/dbget-bin/www_bget?hsa:1147">
        <graphics name="CHUK, IKBKA, IKK-alpha, IKK1, IKKA, NFKBIKA, TCF16" fgcolor="#000000" bgcolor="#BFFFBF"
             type="rectangle" x="582" y="995" width="46" height="17"/>
    </entry>
    <entry id="31" name="hsa:4790 hsa:5970" type="gene"
        link="http://www.kegg.jp/dbget-bin/www_bget?hsa:4790+hsa:5970">
        <graphics name="NFKB1, CVID12, EBP-1, KBF1, NF-kB1, NF-kappa-B1, NF-kappaB, NFKB-p105, NFKB-p50, NFkappaB, p105, p50..." fgcolor="#000000" bgcolor="#BFFFBF"
             type="rectangle" x="679" y="1030" width="46" height="17"/>
    </entry>
    <entry id="32" name="hsa:7189" type="gene"
        link="http://www.kegg.jp/dbget-bin/www_bget?hsa:7189">
        <graphics name="TRAF6, MGC:3310, RNF85" fgcolor="#000000" bgcolor="#BFFFBF"
             type="rectangle" x="490" y="1041" width="46" height="17"/>
    </entry>
    <entry id="33" name="hsa:10454 hsa:23118" type="gene"
        link="http://www.kegg.jp/dbget-bin/www_bget?hsa:10454+hsa:23118">
        <graphics name="TAB1, 3'-Tab1, MAP3K7IP1..." fgcolor="#000000" bgcolor="#BFFFBF"
             type="rectangle" x="490" y="1058" width="46" height="17"/>
    </entry>
    <entry id="34" name="hsa:4791 hsa:5971" type="gene"
        link="http://www.kegg.jp/dbget-bin/www_bget?hsa:4791+hsa:5971">
        <graphics name="NFKB2, CVID10, H2TF1, LYT-10, LYT10, NF-kB2, p100, p49/p100, p52..." fgcolor="#000000" bgcolor="#BFFFBF"
             type="rectangle" x="679" y="995" width="46" height="17"/>
    </entry>
    <entry id="35" name="hsa:2208" type="gene"
        link="http://www.kegg.jp/dbget-bin/www_bget?hsa:2208">
        <graphics name="FCER2, BLAST-2, CD23, CD23A, CLEC4J, FCE2, IGEBF" fgcolor="#000000" bgcolor="#BFFFBF"
             type="rectangle" x="1004" y="1037" width="46" height="17"/>
    </entry>
    <entry id="36" name="hsa:377841 hsa:953 hsa:956" type="gene"
        link="http://www.kegg.jp/dbget-bin/www_bget?hsa:377841+hsa:953+hsa:956">
        <graphics name="ENTPD8, E-NTPDase, GLSR2492, NTPDase-8, UNQ2492..." fgcolor="#000000" bgcolor="#BFFFBF"
             type="rectangle" x="1054" y="1037" width="46" height="17"/>
    </entry>
    <entry id="37" name="hsa:958" type="gene"
        link="http://www.kegg.jp/dbget-bin/www_bget?hsa:958">
        <graphics name="CD40, Bp50, CDW40, TNFRSF5, p50" fgcolor="#000000" bgcolor="#BFFFBF"
             type="rectangle" x="1004" y="1060" width="46" height="17"/>
    </entry>
    <entry id="38" name="hsa:960" type="gene"
        link="http://www.kegg.jp/dbget-bin/www_bget?hsa:960">
        <graphics name="CD44, CDW44, CSPG8, ECMR-III, HCELL, HUTCH-I, IN, LHR, MC56, MDU2, MDU3, MIC4, Pgp1" fgcolor="#000000" bgcolor="#BFFFBF"
             type="rectangle" x="1055" y="1060" width="46" height="17"/>
    </entry>
    <entry id="39" name="hsa:3683" type="gene"
        link="http://www.kegg.jp/dbget-bin/www_bget?hsa:3683">
        <graphics name="ITGAL, CD11A, LFA-1, LFA1A" fgcolor="#000000" bgcolor="#BFFFBF"
             type="rectangle" x="1004" y="1082" width="46" height="17"/>
    </entry>
    <entry id="40" name="hsa:965" type="gene"
        link="http://www.kegg.jp/dbget-bin/www_bget?hsa:965">
        <graphics name="CD58, LFA-3, LFA3, ag3" fgcolor="#000000" bgcolor="#BFFFBF"
             type="rectangle" x="1055" y="1082" width="46" height="17"/>
    </entry>
    <entry id="41" name="hsa:3383" type="gene"
        link="http://www.kegg.jp/dbget-bin/www_bget?hsa:3383">
        <graphics name="ICAM1, BB2, CD54, P3.58" fgcolor="#000000" bgcolor="#BFFFBF"
             type="rectangle" x="1004" y="1105" width="46" height="17"/>
    </entry>
    <entry id="42" name="hsa:596" type="gene"
        link="http://www.kegg.jp/dbget-bin/www_bget?hsa:596">
        <graphics name="BCL2, Bcl-2, PPP1R50" fgcolor="#000000" bgcolor="#BFFFBF"
             type="rectangle" x="1055" y="1137" width="46" height="17"/>
    </entry>
    <entry id="43" name="hsa:7128" type="gene"
        link="http://www.kegg.jp/dbget-bin/www_bget?hsa:7128">
        <graphics name="TNFAIP3, A20, AISBL, OTUD7C, TNFA1P2" fgcolor="#000000" bgcolor="#BFFFBF"
             type="rectangle" x="1004" y="1137" width="46" height="17"/>
    </entry>
    <entry id="44" name="hsa:6885" type="gene"
        link="http://www.kegg.jp/dbget-bin/www_bget?hsa:6885">
        <graphics name="MAP3K7, CSCF, FMD2, MEKK7, TAK1, TGF1a" fgcolor="#000000" bgcolor="#BFFFBF"
             type="rectangle" x="490" y="1075" width="46" height="17"/>
    </entry>
    <entry id="45" name="hsa:5609 hsa:6416" type="gene"
        link="http://www.kegg.jp/dbget-bin/www_bget?hsa:5609+hsa:6416">
        <graphics name="MAP2K7, JNKK2, MAPKK7, MEK, MEK_7, MKK7, PRKMK7, SAPKK-4, SAPKK4..." fgcolor="#000000" bgcolor="#BFFFBF"
             type="rectangle" x="582" y="1121" width="46" height="17"/>
    </entry>
    <entry id="46" name="hsa:5606 hsa:5608" type="gene"
        link="http://www.kegg.jp/dbget-bin/www_bget?hsa:5606+hsa:5608">
        <graphics name="MAP2K3, MAPKK3, MEK3, MKK3, PRKMK3, SAPKK-2, SAPKK2..." fgcolor="#000000" bgcolor="#BFFFBF"
             type="rectangle" x="582" y="1152" width="46" height="17"/>
    </entry>
    <entry id="47" name="hsa:5599 hsa:5601 hsa:5602" type="gene"
        link="http://www.kegg.jp/dbget-bin/www_bget?hsa:5599+hsa:5601+hsa:5602">
        <graphics name="MAPK8, JNK, JNK-46, JNK1, JNK1A2, JNK21B1/2, PRKM8, SAPK1, SAPK1c..." fgcolor="#000000" bgcolor="#BFFFBF"
             type="rectangle" x="679" y="1121" width="46" height="17"/>
    </entry>
    <entry id="48" name="hsa:1432 hsa:5600 hsa:5603 hsa:6300" type="gene"
        link="http://www.kegg.jp/dbget-bin/www_bget?hsa:1432+hsa:5600+hsa:5603+hsa:6300">
        <graphics name="MAPK14, CSBP, CSBP1, CSBP2, CSPB1, EXIP, Mxi2, PRKM14, PRKM15, RK, SAPK2A, p38, p38ALPHA..." fgcolor="#000000" bgcolor="#BFFFBF"
             type="rectangle" x="679" y="1152" width="46" height="17"/>
    </entry>
    <entry id="49" name="hsa:3725" type="gene"
        link="http://www.kegg.jp/dbget-bin/www_bget?hsa:3725">
        <graphics name="JUN, AP-1, AP1, c-Jun, p39" fgcolor="#000000" bgcolor="#BFFFBF"
             type="rectangle" x="856" y="1137" width="46" height="17"/>
    </entry>
    <entry id="50" name="hsa:3718" type="gene"
        link="http://www.kegg.jp/dbget-bin/www_bget?hsa:3718">
        <graphics name="JAK3, JAK-3, JAK3_HUMAN, JAKL, L-JAK, LJAK" fgcolor="#000000" bgcolor="#BFFFBF"
             type="rectangle" x="490" y="1216" width="46" height="17"/>
    </entry>
    <entry id="51" name="hsa:5290 hsa:5291 hsa:5293 hsa:5295 hsa:5296 hsa:8503" type="gene"
        link="http://www.kegg.jp/dbget-bin/www_bget?hsa:5290+hsa:5291+hsa:5293+hsa:5295+hsa:5296+hsa:8503">
        <graphics name="PIK3CA, CLAPO, CLOVE, CWS5, MCAP, MCM, MCMTC, PI3K, PI3K-alpha, p110-alpha..." fgcolor="#000000" bgcolor="#BFFFBF"
             type="rectangle" x="491" y="946" width="46" height="17"/>
    </entry>
    <entry id="52" name="hsa:10000 hsa:207 hsa:208" type="gene"
        link="http://www.kegg.jp/dbget-bin/www_bget?hsa:10000+hsa:207+hsa:208">
        <graphics name="AKT3, MPPH, MPPH2, PKB-GAMMA, PKBG, PRKBG, RAC-PK-gamma, RAC-gamma, STK-2..." fgcolor="#000000" bgcolor="#BFFFBF"
             type="rectangle" x="679" y="946" width="46" height="17"/>
    </entry>
    <entry id="53" name="cpd:C05981" type="compound"
        link="http://www.kegg.jp/dbget-bin/www_bget?C05981">
        <graphics name="C05981" fgcolor="#000000" bgcolor="#FFFFFF"
             type="circle" x="583" y="946" width="8" height="8"/>
    </entry>
    <entry id="54" name="ko:K19460" type="ortholog"
        link="http://www.kegg.jp/dbget-bin/www_bget?K19460">
        <graphics name="K19460" fgcolor="#000000" bgcolor="#FFFFFF"
             type="rectangle" x="264" y="1303" width="46" height="17"/>
    </entry>
    <entry id="55" name="hsa:4067" type="gene"
        link="http://www.kegg.jp/dbget-bin/www_bget?hsa:4067">
        <graphics name="LYN, JTK8, p53Lyn, p56Lyn" fgcolor="#000000" bgcolor="#BFFFBF"
             type="rectangle" x="379" y="1309" width="46" height="17"/>
    </entry>
    <entry id="56" name="hsa:6850" type="gene"
        link="http://www.kegg.jp/dbget-bin/www_bget?hsa:6850">
        <graphics name="SYK, p72-Syk" fgcolor="#000000" bgcolor="#BFFFBF"
             type="rectangle" x="379" y="1347" width="46" height="17"/>
    </entry>
    <entry id="57" name="hsa:102723407" type="gene"
        link="http://www.kegg.jp/dbget-bin/www_bget?hsa:102723407">
        <graphics name="IGH, IGH@, IGHV4, IGHV4-30, IGHV4-b, IGVH, IGVH4-39, IGVH4-b, IGVH4b, IgA, IgT, ighv" fgcolor="#000000" bgcolor="#BFFFBF"
             type="rectangle" x="264" y="1423" width="46" height="17"/>
    </entry>
    <entry id="58" name="ko:K23074" type="ortholog"
        link="http://www.kegg.jp/dbget-bin/www_bget?K23074">
        <graphics name="K23074" fgcolor="#000000" bgcolor="#FFFFFF"
             type="rectangle" x="264" y="1341" width="46" height="17"/>
    </entry>
    <entry id="59" name="cpd:C01245" type="compound"
        link="http://www.kegg.jp/dbget-bin/www_bget?C01245">
        <graphics name="C01245" fgcolor="#000000" bgcolor="#FFFFFF"
             type="circle" x="656" y="1424" width="8" height="8"/>
    </entry>
    <entry id="60" name="cpd:C00076" type="compound"
        link="http://www.kegg.jp/dbget-bin/www_bget?C00076">
        <graphics name="C00076" fgcolor="#000000" bgcolor="#FFFFFF"
             type="circle" x="720" y="1424" width="8" height="8"/>
    </entry>
    <entry id="61" name="hsa:5336" type="gene"
        link="http://www.kegg.jp/dbget-bin/www_bget?hsa:5336">
        <graphics name="PLCG2, APLAID, FCAS3, PLC-IV, PLC-gamma-2" fgcolor="#000000" bgcolor="#BFFFBF"
             type="rectangle" x="582" y="1425" width="46" height="17"/>
    </entry>
    <entry id="62" name="hsa:4734" type="gene"
        link="http://www.kegg.jp/dbget-bin/www_bget?hsa:4734">
        <graphics name="NEDD4, NEDD4-1, RPF1" fgcolor="#000000" bgcolor="#BFFFBF"
             type="rectangle" x="445" y="1267" width="46" height="17"/>
    </entry>
    <entry id="63" name="path:hsa04662" type="map"
        link="http://www.kegg.jp/dbget-bin/www_bget?hsa04662">
        <graphics name="B cell receptor signaling pathway" fgcolor="#000000" bgcolor="#FFFFFF"
             type="roundrectangle" x="176" y="1424" width="111" height="34"/>
    </entry>
    <entry id="64" name="path:hsa04020" type="map"
        link="http://www.kegg.jp/dbget-bin/www_bget?hsa04020">
        <graphics name="Calcium signaling pathway" fgcolor="#000000" bgcolor="#FFFFFF"
             type="roundrectangle" x="698" y="1392" width="126" height="34"/>
    </entry>
    <entry id="65" name="hsa:23586" type="gene"
        link="http://www.kegg.jp/dbget-bin/www_bget?hsa:23586">
        <graphics name="DDX58, RIG-I, RIGI, RLR-1, SGMRT2" fgcolor="#000000" bgcolor="#BFFFBF"
             type="rectangle" x="422" y="341" width="46" height="17"/>
    </entry>
    <entry id="66" name="hsa:29110" type="gene"
        link="http://www.kegg.jp/dbget-bin/www_bget?hsa:29110">
        <graphics name="TBK1, FTDALS4, IIAE8, NAK, T2K" fgcolor="#000000" bgcolor="#BFFFBF"
             type="rectangle" x="667" y="333" width="46" height="17"/>
    </entry>
    <entry id="67" name="hsa:4792 hsa:4793 hsa:4794" type="gene"
        link="http://www.kegg.jp/dbget-bin/www_bget?hsa:4792+hsa:4793+hsa:4794">
        <graphics name="NFKBIA, IKBA, MAD-3, NFKBI..." fgcolor="#000000" bgcolor="#BFFFBF"
             type="rectangle" x="751" y="265" width="46" height="17"/>
    </entry>
    <entry id="68" name="hsa:4790 hsa:5970" type="gene"
        link="http://www.kegg.jp/dbget-bin/www_bget?hsa:4790+hsa:5970">
        <graphics name="NFKB1, CVID12, EBP-1, KBF1, NF-kB1, NF-kappa-B1, NF-kappaB, NFKB-p105, NFKB-p50, NFkappaB, p105, p50..." fgcolor="#000000" bgcolor="#BFFFBF"
             type="rectangle" x="751" y="235" width="46" height="17"/>
    </entry>
    <entry id="69" name="hsa:3661" type="gene"
        link="http://www.kegg.jp/dbget-bin/www_bget?hsa:3661">
        <graphics name="IRF3, IIAE7" fgcolor="#000000" bgcolor="#BFFFBF"
             type="rectangle" x="751" y="359" width="46" height="17"/>
    </entry>
    <entry id="70" name="hsa:5610" type="gene"
        link="http://www.kegg.jp/dbget-bin/www_bget?hsa:5610">
        <graphics name="EIF2AK2, EIF2AK1, PKR, PPP1R83, PRKR" fgcolor="#000000" bgcolor="#BFFFBF"
             type="rectangle" x="409" y="392" width="46" height="17"/>
    </entry>
    <entry id="71" name="hsa:7431" type="gene"
        link="http://www.kegg.jp/dbget-bin/www_bget?hsa:7431">
        <graphics name="VIM" fgcolor="#000000" bgcolor="#BFFFBF"
             type="rectangle" x="1055" y="1105" width="46" height="17"/>
    </entry>
    <entry id="72" name="path:hsa04115" type="map"
        link="http://www.kegg.jp/dbget-bin/www_bget?hsa04115">
        <graphics name="p53 signaling pathway" fgcolor="#000000" bgcolor="#FFFFFF"
             type="roundrectangle" x="1085" y="888" width="120" height="25"/>
    </entry>
    <entry id="73" name="path:hsa04622" type="map"
        link="http://www.kegg.jp/dbget-bin/www_bget?hsa04622">
        <graphics name="RIG-I-like receptor signaling pathway" fgcolor="#000000" bgcolor="#FFFFFF"
             type="roundrectangle" x="459" y="306" width="119" height="34"/>
    </entry>
    <entry id="74" name="hsa:10213 hsa:11047 hsa:5700 hsa:5701 hsa:5702 hsa:5704 hsa:5705 hsa:5706 hsa:5707 hsa:5708 hsa:5709 hsa:5710 hsa:5713 hsa:5714 hsa:5717 hsa:5718 hsa:5719 hsa:7979 hsa:9861" type="gene"
        link="http://www.kegg.jp/dbget-bin/www_bget?hsa:10213+hsa:11047+hsa:5700+hsa:5701+hsa:5702+hsa:5704+hsa:5705+hsa:5706+hsa:5707+hsa:5708+hsa:5709+hsa:5710+hsa:5713+hsa:5714+hsa:5717+hsa:5718+hsa:5719+hsa:7979+hsa:9861">
        <graphics name="PSMD14, PAD1, POH1, RPN11..." fgcolor="#000000" bgcolor="#BFFFBF"
             type="rectangle" x="698" y="739" width="46" height="17"/>
    </entry>
    <entry id="75" name="path:hsa04010" type="map"
        link="http://www.kegg.jp/dbget-bin/www_bget?hsa04010">
        <graphics name="MAPK signaling pathway" fgcolor="#000000" bgcolor="#FFFFFF"
             type="roundrectangle" x="698" y="1182" width="126" height="34"/>
    </entry>
    <entry id="76" name="hsa:3105 hsa:3106 hsa:3107 hsa:3133 hsa:3134 hsa:3135" type="gene"
        link="http://www.kegg.jp/dbget-bin/www_bget?hsa:3105+hsa:3106+hsa:3107+hsa:3133+hsa:3134+hsa:3135">
        <graphics name="HLA-A, HLAA..." fgcolor="#000000" bgcolor="#BFFFBF"
             type="rectangle" x="543" y="812" width="46" height="17"/>
    </entry>
    <entry id="77" name="hsa:3105 hsa:3106 hsa:3107 hsa:3133 hsa:3134 hsa:3135" type="gene"
        link="http://www.kegg.jp/dbget-bin/www_bget?hsa:3105+hsa:3106+hsa:3107+hsa:3133+hsa:3134+hsa:3135">
        <graphics name="HLA-A, HLAA..." fgcolor="#000000" bgcolor="#BFFFBF"
             type="rectangle" x="264" y="812" width="46" height="17"/>
    </entry>
    <entry id="78" name="path:hsa04612" type="map"
        link="http://www.kegg.jp/dbget-bin/www_bget?hsa04612">
        <graphics name="Antigen processing and presentation" fgcolor="#000000" bgcolor="#FFFFFF"
             type="roundrectangle" x="463" y="885" width="114" height="34"/>
    </entry>
    <entry id="79" name="hsa:6890 hsa:6891" type="gene"
        link="http://www.kegg.jp/dbget-bin/www_bget?hsa:6890+hsa:6891">
        <graphics name="TAP1, ABC17, ABCB2, APT1, D6S114E, PSF-1, PSF1, RING4, TAP1*0102N, TAP1N..." fgcolor="#000000" bgcolor="#BFFFBF"
             type="rectangle" x="543" y="727" width="46" height="17"/>
    </entry>
    <entry id="80" name="hsa:6892" type="gene"
        link="http://www.kegg.jp/dbget-bin/www_bget?hsa:6892">
        <graphics name="TAPBP, NGS17, TAPA, TPN, TPSN" fgcolor="#000000" bgcolor="#BFFFBF"
             type="rectangle" x="543" y="744" width="46" height="17"/>
    </entry>
    <entry id="81" name="path:hsa03050" type="map"
        link="http://www.kegg.jp/dbget-bin/www_bget?hsa03050">
        <graphics name="Proteasome" fgcolor="#000000" bgcolor="#FFFFFF"
             type="roundrectangle" x="735" y="770" width="109" height="25"/>
    </entry>
    <entry id="82" name="hsa:2923" type="gene"
        link="http://www.kegg.jp/dbget-bin/www_bget?hsa:2923">
        <graphics name="PDIA3, ER60, ERp57, ERp60, ERp61, GRP57, GRP58, HEL-S-269, HEL-S-93n, HsT17083, P58, PI-PLC" fgcolor="#000000" bgcolor="#BFFFBF"
             type="rectangle" x="509" y="766" width="46" height="17"/>
    </entry>
    <entry id="83" name="hsa:811" type="gene"
        link="http://www.kegg.jp/dbget-bin/www_bget?hsa:811">
        <graphics name="CALR, CRT, HEL-S-99n, RO, SSA, cC1qR" fgcolor="#000000" bgcolor="#BFFFBF"
             type="rectangle" x="509" y="783" width="46" height="17"/>
    </entry>
    <entry id="84" name="hsa:567" type="gene"
        link="http://www.kegg.jp/dbget-bin/www_bget?hsa:567">
        <graphics name="B2M, IMD43" fgcolor="#000000" bgcolor="#BFFFBF"
             type="rectangle" x="509" y="838" width="46" height="17"/>
    </entry>
    <entry id="85" name="ko:K22974" type="ortholog"
        link="http://www.kegg.jp/dbget-bin/www_bget?K22974">
        <graphics name="K22974" fgcolor="#000000" bgcolor="#FFFFFF"
             type="rectangle" x="588" y="687" width="46" height="17"/>
    </entry>
    <entry id="86" name="ko:K21855" type="ortholog"
        link="http://www.kegg.jp/dbget-bin/www_bget?K21855">
        <graphics name="K21855" fgcolor="#000000" bgcolor="#FFFFFF"
             type="rectangle" x="1015" y="786" width="46" height="17"/>
    </entry>
    <entry id="87" name="ko:K21856" type="ortholog"
        link="http://www.kegg.jp/dbget-bin/www_bget?K21856">
        <graphics name="K21856" fgcolor="#000000" bgcolor="#FFFFFF"
             type="rectangle" x="1015" y="806" width="46" height="17"/>
    </entry>
    <entry id="88" name="hsa:25942" type="gene"
        link="http://www.kegg.jp/dbget-bin/www_bget?hsa:25942">
        <graphics name="SIN3A, WITKOS" fgcolor="#000000" bgcolor="#BFFFBF"
             type="rectangle" x="981" y="669" width="46" height="17"/>
    </entry>
    <entry id="89" name="hsa:8819" type="gene"
        link="http://www.kegg.jp/dbget-bin/www_bget?hsa:8819">
        <graphics name="SAP30" fgcolor="#000000" bgcolor="#BFFFBF"
             type="rectangle" x="1027" y="686" width="46" height="17"/>
    </entry>
    <entry id="90" name="hsa:9541" type="gene"
        link="http://www.kegg.jp/dbget-bin/www_bget?hsa:9541">
        <graphics name="CIR1, CIR" fgcolor="#000000" bgcolor="#BFFFBF"
             type="rectangle" x="1027" y="703" width="46" height="17"/>
    </entry>
    <entry id="91" name="ko:K19456" type="ortholog"
        link="http://www.kegg.jp/dbget-bin/www_bget?K19456">
        <graphics name="K19456" fgcolor="#000000" bgcolor="#FFFFFF"
             type="rectangle" x="893" y="708" width="46" height="17"/>
    </entry>
    <entry id="92" name="hsa:3280" type="gene"
        link="http://www.kegg.jp/dbget-bin/www_bget?hsa:3280">
        <graphics name="HES1, HES-1, HHL, HRY, bHLHb39" fgcolor="#000000" bgcolor="#BFFFBF"
             type="rectangle" x="1350" y="751" width="46" height="17"/>
    </entry>
    <entry id="93" name="hsa:864" type="gene"
        link="http://www.kegg.jp/dbget-bin/www_bget?hsa:864">
        <graphics name="RUNX3, AML2, CBFA3, PEBP2aC" fgcolor="#000000" bgcolor="#BFFFBF"
             type="rectangle" x="1350" y="772" width="46" height="17"/>
    </entry>
    <entry id="94" name="ko:K19461" type="ortholog"
        link="http://www.kegg.jp/dbget-bin/www_bget?K19461">
        <graphics name="K19461" fgcolor="#000000" bgcolor="#FFFFFF"
             type="rectangle" x="645" y="782" width="46" height="17"/>
    </entry>
    <entry id="95" name="ko:K19462" type="ortholog"
        link="http://www.kegg.jp/dbget-bin/www_bget?K19462">
        <graphics name="K19462" fgcolor="#000000" bgcolor="#FFFFFF"
             type="rectangle" x="904" y="927" width="46" height="17"/>
    </entry>
    <entry id="96" name="ko:K19458" type="ortholog"
        link="http://www.kegg.jp/dbget-bin/www_bget?K19458">
        <graphics name="K19458" fgcolor="#000000" bgcolor="#FFFFFF"
             type="rectangle" x="904" y="973" width="46" height="17"/>
    </entry>
    <entry id="97" name="hsa:4193" type="gene"
        link="http://www.kegg.jp/dbget-bin/www_bget?hsa:4193">
        <graphics name="MDM2, ACTFS, HDMX, hdm2" fgcolor="#000000" bgcolor="#BFFFBF"
             type="rectangle" x="977" y="973" width="46" height="17"/>
    </entry>
    <entry id="98" name="hsa:1026" type="gene"
        link="http://www.kegg.jp/dbget-bin/www_bget?hsa:1026">
        <graphics name="CDKN1A, CAP20, CDKN1, CIP1, MDA-6, P21, SDI1, WAF1, p21CIP1" fgcolor="#000000" bgcolor="#BFFFBF"
             type="rectangle" x="1173" y="909" width="46" height="17"/>
    </entry>
    <entry id="99" name="hsa:10912 hsa:1647 hsa:4616" type="gene"
        link="http://www.kegg.jp/dbget-bin/www_bget?hsa:10912+hsa:1647+hsa:4616">
        <graphics name="GADD45G, CR6, DDIT2, GADD45gamma, GRP17..." fgcolor="#000000" bgcolor="#BFFFBF"
             type="rectangle" x="1225" y="909" width="46" height="17"/>
    </entry>
    <entry id="100" name="hsa:581" type="gene"
        link="http://www.kegg.jp/dbget-bin/www_bget?hsa:581">
        <graphics name="BAX, BCL2L4" fgcolor="#000000" bgcolor="#BFFFBF"
             type="rectangle" x="1173" y="931" width="46" height="17"/>
    </entry>
    <entry id="101" name="hsa:578" type="gene"
        link="http://www.kegg.jp/dbget-bin/www_bget?hsa:578">
        <graphics name="BAK1, BAK, BAK-LIKE, BCL2L7, CDN1" fgcolor="#000000" bgcolor="#BFFFBF"
             type="rectangle" x="1225" y="931" width="46" height="17"/>
    </entry>
    <entry id="102" name="hsa:1643" type="gene"
        link="http://www.kegg.jp/dbget-bin/www_bget?hsa:1643">
        <graphics name="DDB2, DDBB, UV-DDB2, XPE" fgcolor="#000000" bgcolor="#BFFFBF"
             type="rectangle" x="1173" y="953" width="46" height="17"/>
    </entry>
    <entry id="103" name="hsa:51426" type="gene"
        link="http://www.kegg.jp/dbget-bin/www_bget?hsa:51426">
        <graphics name="POLK, DINB1, DINP, POLQ" fgcolor="#000000" bgcolor="#BFFFBF"
             type="rectangle" x="1225" y="953" width="46" height="17"/>
    </entry>
    <entry id="104" name="path:hsa04110" type="map"
        link="http://www.kegg.jp/dbget-bin/www_bget?hsa04110">
        <graphics name="Cell cycle" fgcolor="#000000" bgcolor="#FFFFFF"
             type="roundrectangle" x="1261" y="1304" width="110" height="25"/>
    </entry>
    <entry id="105" name="hsa:1026" type="gene"
        link="http://www.kegg.jp/dbget-bin/www_bget?hsa:1026">
        <graphics name="CDKN1A, CAP20, CDKN1, CIP1, MDA-6, P21, SDI1, WAF1, p21CIP1" fgcolor="#000000" bgcolor="#BFFFBF"
             type="rectangle" x="979" y="1298" width="46" height="17"/>
    </entry>
    <entry id="106" name="hsa:1017" type="gene"
        link="http://www.kegg.jp/dbget-bin/www_bget?hsa:1017">
        <graphics name="CDK2, CDKN2, p33(CDK2)" fgcolor="#000000" bgcolor="#BFFFBF"
             type="rectangle" x="1061" y="1320" width="46" height="17"/>
    </entry>
    <entry id="107" name="hsa:890 hsa:8900 hsa:898 hsa:9134" type="gene"
        link="http://www.kegg.jp/dbget-bin/www_bget?hsa:890+hsa:8900+hsa:898+hsa:9134">
        <graphics name="CCNA2, CCN1, CCNA..." fgcolor="#000000" bgcolor="#BFFFBF"
             type="rectangle" x="1061" y="1303" width="46" height="17"/>
    </entry>
    <entry id="108" name="hsa:1869 hsa:1870 hsa:1871" type="gene"
        link="http://www.kegg.jp/dbget-bin/www_bget?hsa:1869+hsa:1870+hsa:1871">
        <graphics name="E2F1, E2F-1, RBAP1, RBBP3, RBP3..." fgcolor="#000000" bgcolor="#BFFFBF"
             type="rectangle" x="1148" y="1330" width="46" height="17"/>
    </entry>
    <entry id="109" name="hsa:1019 hsa:1021" type="gene"
        link="http://www.kegg.jp/dbget-bin/www_bget?hsa:1019+hsa:1021">
        <graphics name="CDK4, CMM3, PSK-J3..." fgcolor="#000000" bgcolor="#BFFFBF"
             type="rectangle" x="1061" y="1260" width="46" height="17"/>
    </entry>
    <entry id="110" name="hsa:595 hsa:894 hsa:896" type="gene"
        link="http://www.kegg.jp/dbget-bin/www_bget?hsa:595+hsa:894+hsa:896">
        <graphics name="CCND1, BCL1, D11S287E, PRAD1, U21B31..." fgcolor="#000000" bgcolor="#BFFFBF"
             type="rectangle" x="1061" y="1243" width="46" height="17"/>
    </entry>
    <entry id="111" name="ko:K19458" type="ortholog"
        link="http://www.kegg.jp/dbget-bin/www_bget?K19458">
        <graphics name="K19458" fgcolor="#000000" bgcolor="#FFFFFF"
             type="rectangle" x="981" y="1359" width="46" height="17"/>
    </entry>
    <entry id="112" name="hsa:6502" type="gene"
        link="http://www.kegg.jp/dbget-bin/www_bget?hsa:6502">
        <graphics name="SKP2, FBL1, FBXL1, FLB1, p45" fgcolor="#000000" bgcolor="#BFFFBF"
             type="rectangle" x="911" y="1299" width="46" height="17"/>
    </entry>
    <entry id="113" name="hsa:7186" type="gene"
        link="http://www.kegg.jp/dbget-bin/www_bget?hsa:7186">
        <graphics name="TRAF2, MGC:45012, RNF117, TRAP, TRAP3" fgcolor="#000000" bgcolor="#BFFFBF"
             type="rectangle" x="490" y="1152" width="46" height="17"/>
    </entry>
    <entry id="114" name="hsa:6772" type="gene"
        link="http://www.kegg.jp/dbget-bin/www_bget?hsa:6772">
        <graphics name="STAT1, CANDF7, IMD31A, IMD31B, IMD31C, ISGF-3, STAT91" fgcolor="#000000" bgcolor="#BFFFBF"
             type="rectangle" x="582" y="1208" width="46" height="17"/>
    </entry>
    <entry id="115" name="path:hsa04064" type="map"
        link="http://www.kegg.jp/dbget-bin/www_bget?hsa04064">
        <graphics name="NF-kappa B signaling pathway" fgcolor="#000000" bgcolor="#FFFFFF"
             type="roundrectangle" x="698" y="1091" width="126" height="34"/>
    </entry>
    <entry id="116" name="hsa:6774" type="gene"
        link="http://www.kegg.jp/dbget-bin/www_bget?hsa:6774">
        <graphics name="STAT3, ADMIO, ADMIO1, APRF, HIES" fgcolor="#000000" bgcolor="#BFFFBF"
             type="rectangle" x="582" y="1225" width="46" height="17"/>
    </entry>
    <entry id="117" name="hsa:4067" type="gene"
        link="http://www.kegg.jp/dbget-bin/www_bget?hsa:4067">
        <graphics name="LYN, JTK8, p53Lyn, p56Lyn" fgcolor="#000000" bgcolor="#BFFFBF"
             type="rectangle" x="379" y="1402" width="46" height="17"/>
    </entry>
    <entry id="118" name="hsa:6850" type="gene"
        link="http://www.kegg.jp/dbget-bin/www_bget?hsa:6850">
        <graphics name="SYK, p72-Syk" fgcolor="#000000" bgcolor="#BFFFBF"
             type="rectangle" x="379" y="1448" width="46" height="17"/>
    </entry>
    <entry id="119" name="hsa:5290 hsa:5291 hsa:5293 hsa:5295 hsa:5296 hsa:8503" type="gene"
        link="http://www.kegg.jp/dbget-bin/www_bget?hsa:5290+hsa:5291+hsa:5293+hsa:5295+hsa:5296+hsa:8503">
        <graphics name="PIK3CA, CLAPO, CLOVE, CWS5, MCAP, MCM, MCMTC, PI3K, PI3K-alpha, p110-alpha..." fgcolor="#000000" bgcolor="#BFFFBF"
             type="rectangle" x="490" y="1325" width="46" height="17"/>
    </entry>
    <entry id="120" name="hsa:10000 hsa:207 hsa:208" type="gene"
        link="http://www.kegg.jp/dbget-bin/www_bget?hsa:10000+hsa:207+hsa:208">
        <graphics name="AKT3, MPPH, MPPH2, PKB-GAMMA, PKBG, PRKBG, RAC-PK-gamma, RAC-gamma, STK-2..." fgcolor="#000000" bgcolor="#BFFFBF"
             type="rectangle" x="679" y="1305" width="46" height="17"/>
    </entry>
    <entry id="121" name="cpd:C05981" type="compound"
        link="http://www.kegg.jp/dbget-bin/www_bget?C05981">
        <graphics name="C05981" fgcolor="#000000" bgcolor="#FFFFFF"
             type="circle" x="577" y="1304" width="8" height="8"/>
    </entry>
    <entry id="122" name="hsa:5879" type="gene"
        link="http://www.kegg.jp/dbget-bin/www_bget?hsa:5879">
        <graphics name="RAC1, MIG5, MRD48, Rac-1, TC-25, p21-Rac1" fgcolor="#000000" bgcolor="#BFFFBF"
             type="rectangle" x="582" y="1344" width="46" height="17"/>
    </entry>
    <entry id="123" name="hsa:695" type="gene"
        link="http://www.kegg.jp/dbget-bin/www_bget?hsa:695">
        <graphics name="BTK, AGMX1, AT, ATK, BPK, IGHD3, IMD1, PSCTK1, XLA" fgcolor="#000000" bgcolor="#BFFFBF"
             type="rectangle" x="490" y="1416" width="46" height="17"/>
    </entry>
    <entry id="124" name="hsa:29760" type="gene"
        link="http://www.kegg.jp/dbget-bin/www_bget?hsa:29760">
        <graphics name="BLNK, AGM4, BASH, BLNK-S, LY57, SLP-65, SLP65, bca" fgcolor="#000000" bgcolor="#BFFFBF"
             type="rectangle" x="490" y="1433" width="46" height="17"/>
    </entry>
    <entry id="125" name="hsa:57506" type="gene"
        link="http://www.kegg.jp/dbget-bin/www_bget?hsa:57506">
        <graphics name="MAVS, CARDIF, IPS-1, IPS1, VISA" fgcolor="#000000" bgcolor="#BFFFBF"
             type="rectangle" x="500" y="341" width="46" height="17"/>
    </entry>
    <entry id="126" name="hsa:9641" type="gene"
        link="http://www.kegg.jp/dbget-bin/www_bget?hsa:9641">
        <graphics name="IKBKE, IKK-E, IKK-i, IKKE, IKKI" fgcolor="#000000" bgcolor="#BFFFBF"
             type="rectangle" x="667" y="350" width="46" height="17"/>
    </entry>
    <entry id="127" name="hsa:3665" type="gene"
        link="http://www.kegg.jp/dbget-bin/www_bget?hsa:3665">
        <graphics name="IRF7, IMD39, IRF-7, IRF-7H, IRF7A, IRF7B, IRF7C, IRF7H" fgcolor="#000000" bgcolor="#BFFFBF"
             type="rectangle" x="751" y="325" width="46" height="17"/>
    </entry>
    <entry id="128" name="ko:K19455" type="ortholog"
        link="http://www.kegg.jp/dbget-bin/www_bget?K19455">
        <graphics name="K19455" fgcolor="#000000" bgcolor="#FFFFFF"
             type="rectangle" x="728" y="399" width="46" height="17"/>
    </entry>
    <entry id="129" name="hsa:3456" type="gene"
        link="http://www.kegg.jp/dbget-bin/www_bget?hsa:3456">
        <graphics name="IFNB1, IFB, IFF, IFN-beta, IFNB" fgcolor="#000000" bgcolor="#BFFFBF"
             type="rectangle" x="1027" y="342" width="46" height="17"/>
    </entry>
    <entry id="130" name="hsa:3439 hsa:3440 hsa:3441 hsa:3442 hsa:3443 hsa:3444 hsa:3445 hsa:3446 hsa:3447 hsa:3448 hsa:3449 hsa:3451 hsa:3452 hsa:3456" type="gene"
        link="http://www.kegg.jp/dbget-bin/www_bget?hsa:3439+hsa:3440+hsa:3441+hsa:3442+hsa:3443+hsa:3444+hsa:3445+hsa:3446+hsa:3447+hsa:3448+hsa:3449+hsa:3451+hsa:3452+hsa:3456">
        <graphics name="IFNA1, IFL, IFN, IFN-ALPHA, IFN-alphaD, IFNA13, IFNA@..." fgcolor="#000000" bgcolor="#BFFFBF"
             type="rectangle" x="174" y="603" width="46" height="17"/>
    </entry>
    <entry id="131" name="hsa:3454 hsa:3455" type="gene"
        link="http://www.kegg.jp/dbget-bin/www_bget?hsa:3454+hsa:3455">
        <graphics name="IFNAR1, AVP, IFN-alpha-REC, IFNAR, IFNBR, IFRC..." fgcolor="#000000" bgcolor="#BFFFBF"
             type="rectangle" x="264" y="603" width="46" height="17"/>
    </entry>
    <entry id="132" name="hsa:3716" type="gene"
        link="http://www.kegg.jp/dbget-bin/www_bget?hsa:3716">
        <graphics name="JAK1, JAK1A, JAK1B, JTK3" fgcolor="#000000" bgcolor="#BFFFBF"
             type="rectangle" x="422" y="593" width="46" height="17"/>
    </entry>
    <entry id="133" name="hsa:7297" type="gene"
        link="http://www.kegg.jp/dbget-bin/www_bget?hsa:7297">
        <graphics name="TYK2, IMD35, JTK1" fgcolor="#000000" bgcolor="#BFFFBF"
             type="rectangle" x="422" y="615" width="46" height="17"/>
    </entry>
    <entry id="134" name="hsa:6772" type="gene"
        link="http://www.kegg.jp/dbget-bin/www_bget?hsa:6772">
        <graphics name="STAT1, CANDF7, IMD31A, IMD31B, IMD31C, ISGF-3, STAT91" fgcolor="#000000" bgcolor="#BFFFBF"
             type="rectangle" x="667" y="597" width="46" height="17"/>
    </entry>
    <entry id="135" name="hsa:6773" type="gene"
        link="http://www.kegg.jp/dbget-bin/www_bget?hsa:6773">
        <graphics name="STAT2, IMD44, ISGF-3, P113, STAT113" fgcolor="#000000" bgcolor="#BFFFBF"
             type="rectangle" x="667" y="614" width="46" height="17"/>
    </entry>
    <entry id="136" name="ko:K19459" type="ortholog"
        link="http://www.kegg.jp/dbget-bin/www_bget?K19459">
        <graphics name="K19459" fgcolor="#000000" bgcolor="#FFFFFF"
             type="rectangle" x="264" y="668" width="46" height="17"/>
    </entry>
    <entry id="137" name="hsa:10379" type="gene"
        link="http://www.kegg.jp/dbget-bin/www_bget?hsa:10379">
        <graphics name="IRF9, IRF-9, ISGF3, ISGF3G, p48" fgcolor="#000000" bgcolor="#BFFFBF"
             type="rectangle" x="713" y="605" width="46" height="17"/>
    </entry>
    <entry id="138" name="hsa:3439 hsa:3440 hsa:3441 hsa:3442 hsa:3443 hsa:3444 hsa:3445 hsa:3446 hsa:3447 hsa:3448 hsa:3449 hsa:3451 hsa:3452" type="gene"
        link="http://www.kegg.jp/dbget-bin/www_bget?hsa:3439+hsa:3440+hsa:3441+hsa:3442+hsa:3443+hsa:3444+hsa:3445+hsa:3446+hsa:3447+hsa:3448+hsa:3449+hsa:3451+hsa:3452">
        <graphics name="IFNA1, IFL, IFN, IFN-ALPHA, IFN-alphaD, IFNA13, IFNA@..." fgcolor="#000000" bgcolor="#BFFFBF"
             type="rectangle" x="977" y="342" width="46" height="17"/>
    </entry>
    <entry id="139" name="hsa:7124" type="gene"
        link="http://www.kegg.jp/dbget-bin/www_bget?hsa:7124">
        <graphics name="TNF, DIF, TNF-alpha, TNFA, TNFSF2, TNLG1F" fgcolor="#000000" bgcolor="#BFFFBF"
             type="rectangle" x="977" y="234" width="46" height="17"/>
    </entry>
    <entry id="140" name="hsa:3569" type="gene"
        link="http://www.kegg.jp/dbget-bin/www_bget?hsa:3569">
        <graphics name="IL6, BSF-2, BSF2, CDF, HGF, HSF, IFN-beta-2, IFNB2, IL-6" fgcolor="#000000" bgcolor="#BFFFBF"
             type="rectangle" x="1027" y="234" width="46" height="17"/>
    </entry>
    <entry id="141" name="hsa:7189" type="gene"
        link="http://www.kegg.jp/dbget-bin/www_bget?hsa:7189">
        <graphics name="TRAF6, MGC:3310, RNF85" fgcolor="#000000" bgcolor="#BFFFBF"
             type="rectangle" x="588" y="247" width="46" height="17"/>
    </entry>
    <entry id="142" name="hsa:6885" type="gene"
        link="http://www.kegg.jp/dbget-bin/www_bget?hsa:6885">
        <graphics name="MAP3K7, CSCF, FMD2, MEKK7, TAK1, TGF1a" fgcolor="#000000" bgcolor="#BFFFBF"
             type="rectangle" x="588" y="280" width="46" height="17"/>
    </entry>
    <entry id="143" name="hsa:7187" type="gene"
        link="http://www.kegg.jp/dbget-bin/www_bget?hsa:7187">
        <graphics name="TRAF3, CAP-1, CAP1, CD40bp, CRAF1, IIAE5, LAP1, RNF118" fgcolor="#000000" bgcolor="#BFFFBF"
             type="rectangle" x="588" y="341" width="46" height="17"/>
    </entry>
    <entry id="144" name="hsa:7097" type="gene"
        link="http://www.kegg.jp/dbget-bin/www_bget?hsa:7097">
        <graphics name="TLR2, CD282, TIL4" fgcolor="#000000" bgcolor="#BFFFBF"
             type="rectangle" x="264" y="238" width="46" height="17"/>
    </entry>
    <entry id="145" name="hsa:5610" type="gene"
        link="http://www.kegg.jp/dbget-bin/www_bget?hsa:5610">
        <graphics name="EIF2AK2, EIF2AK1, PKR, PPP1R83, PRKR" fgcolor="#000000" bgcolor="#BFFFBF"
             type="rectangle" x="977" y="595" width="46" height="17"/>
    </entry>
    <entry id="146" name="hsa:4938 hsa:4939 hsa:4940" type="gene"
        link="http://www.kegg.jp/dbget-bin/www_bget?hsa:4938+hsa:4939+hsa:4940">
        <graphics name="OAS1, E18/E16, IFI-4, OIAS, OIASI..." fgcolor="#000000" bgcolor="#BFFFBF"
             type="rectangle" x="1027" y="595" width="46" height="17"/>
    </entry>
    <entry id="147" name="hsa:3665" type="gene"
        link="http://www.kegg.jp/dbget-bin/www_bget?hsa:3665">
        <graphics name="IRF7, IMD39, IRF-7, IRF-7H, IRF7A, IRF7B, IRF7C, IRF7H" fgcolor="#000000" bgcolor="#BFFFBF"
             type="rectangle" x="977" y="618" width="46" height="17"/>
    </entry>
    <entry id="148" name="hsa:3627" type="gene"
        link="http://www.kegg.jp/dbget-bin/www_bget?hsa:3627">
        <graphics name="CXCL10, C7, IFI10, INP10, IP-10, SCYB10, crg-2, gIP-10, mob-1" fgcolor="#000000" bgcolor="#BFFFBF"
             type="rectangle" x="1027" y="618" width="46" height="17"/>
    </entry>
    <entry id="149" name="hsa:9636" type="gene"
        link="http://www.kegg.jp/dbget-bin/www_bget?hsa:9636">
        <graphics name="ISG15, G1P2, IFI15, IMD38, IP17, UCRP, hUCRP" fgcolor="#000000" bgcolor="#BFFFBF"
             type="rectangle" x="1078" y="618" width="46" height="17"/>
    </entry>
    <entry id="150" name="hsa:4615" type="gene"
        link="http://www.kegg.jp/dbget-bin/www_bget?hsa:4615">
        <graphics name="MYD88, MYD88D" fgcolor="#000000" bgcolor="#BFFFBF"
             type="rectangle" x="422" y="238" width="46" height="17"/>
    </entry>
    <entry id="151" name="hsa:3654 hsa:51135" type="gene"
        link="http://www.kegg.jp/dbget-bin/www_bget?hsa:3654+hsa:51135">
        <graphics name="IRAK1, IRAK, pelle..." fgcolor="#000000" bgcolor="#BFFFBF"
             type="rectangle" x="500" y="238" width="46" height="17"/>
    </entry>
    <entry id="152" name="hsa:1147 hsa:3551 hsa:8517" type="gene"
        link="http://www.kegg.jp/dbget-bin/www_bget?hsa:1147+hsa:3551+hsa:8517">
        <graphics name="CHUK, IKBKA, IKK-alpha, IKK1, IKKA, NFKBIKA, TCF16..." fgcolor="#000000" bgcolor="#BFFFBF"
             type="rectangle" x="667" y="265" width="46" height="17"/>
    </entry>
    <entry id="153" name="path:hsa04620" type="map"
        link="http://www.kegg.jp/dbget-bin/www_bget?hsa04620">
        <graphics name="Toll-like receptor signaling pathway" fgcolor="#000000" bgcolor="#FFFFFF"
             type="roundrectangle" x="459" y="205" width="119" height="34"/>
    </entry>
    <entry id="154" name="ko:K19460 ko:K23074" type="ortholog"
        link="http://www.kegg.jp/dbget-bin/www_bget?K19460+K23074">
        <graphics name="K19460..." fgcolor="#000000" bgcolor="#FFFFFF"
             type="rectangle" x="264" y="643" width="46" height="17"/>
    </entry>
    <entry id="155" name="ko:K22972" type="ortholog"
        link="http://www.kegg.jp/dbget-bin/www_bget?K22972">
        <graphics name="K22972" fgcolor="#000000" bgcolor="#FFFFFF"
             type="rectangle" x="607" y="184" width="46" height="17"/>
    </entry>
    <entry id="156" name="hsa:8772" type="gene"
        link="http://www.kegg.jp/dbget-bin/www_bget?hsa:8772">
        <graphics name="FADD, GIG3, MORT1" fgcolor="#000000" bgcolor="#BFFFBF"
             type="rectangle" x="433" y="430" width="46" height="17"/>
    </entry>
    <entry id="157" name="hsa:836" type="gene"
        link="http://www.kegg.jp/dbget-bin/www_bget?hsa:836">
        <graphics name="CASP3, CPP32, CPP32B, SCA-1" fgcolor="#000000" bgcolor="#BFFFBF"
             type="rectangle" x="776" y="431" width="46" height="17"/>
    </entry>
    <entry id="158" name="hsa:841" type="gene"
        link="http://www.kegg.jp/dbget-bin/www_bget?hsa:841">
        <graphics name="CASP8, ALPS2B, CAP4, Casp-8, FLICE, MACH, MCH5" fgcolor="#000000" bgcolor="#BFFFBF"
             type="rectangle" x="512" y="431" width="46" height="17"/>
    </entry>
    <entry id="159" name="hsa:10018" type="gene"
        link="http://www.kegg.jp/dbget-bin/www_bget?hsa:10018">
        <graphics name="BCL2L11, BAM, BIM, BOD" fgcolor="#000000" bgcolor="#BFFFBF"
             type="rectangle" x="408" y="524" width="46" height="17"/>
    </entry>
    <entry id="160" name="hsa:355" type="gene"
        link="http://www.kegg.jp/dbget-bin/www_bget?hsa:355">
        <graphics name="FAS, ALPS1A, APO-1, APT1, CD95, FAS1, FASTM, TNFRSF6" fgcolor="#000000" bgcolor="#BFFFBF"
             type="rectangle" x="264" y="429" width="46" height="17"/>
    </entry>
    <entry id="161" name="ko:K19455" type="ortholog"
        link="http://www.kegg.jp/dbget-bin/www_bget?K19455">
        <graphics name="K19455" fgcolor="#000000" bgcolor="#FFFFFF"
             type="rectangle" x="598" y="573" width="46" height="17"/>
    </entry>
    <entry id="162" name="path:hsa04210" type="map"
        link="http://www.kegg.jp/dbget-bin/www_bget?hsa04210">
        <graphics name="Apoptosis" fgcolor="#000000" bgcolor="#FFFFFF"
             type="roundrectangle" x="635" y="467" width="109" height="25"/>
    </entry>
    <entry id="163" name="hsa:596" type="gene"
        link="http://www.kegg.jp/dbget-bin/www_bget?hsa:596">
        <graphics name="BCL2, Bcl-2, PPP1R50" fgcolor="#000000" bgcolor="#BFFFBF"
             type="rectangle" x="475" y="524" width="46" height="17"/>
    </entry>
    <entry id="164" name="hsa:578 hsa:581" type="gene"
        link="http://www.kegg.jp/dbget-bin/www_bget?hsa:578+hsa:581">
        <graphics name="BAK1, BAK, BAK-LIKE, BCL2L7, CDN1..." fgcolor="#000000" bgcolor="#BFFFBF"
             type="rectangle" x="544" y="524" width="46" height="17"/>
    </entry>
    <entry id="165" name="hsa:54205" type="gene"
        link="http://www.kegg.jp/dbget-bin/www_bget?hsa:54205">
        <graphics name="CYCS, CYC, HCS, THC4" fgcolor="#000000" bgcolor="#BFFFBF"
             type="rectangle" x="672" y="524" width="46" height="17"/>
    </entry>
    <entry id="166" name="hsa:317" type="gene"
        link="http://www.kegg.jp/dbget-bin/www_bget?hsa:317">
        <graphics name="APAF1, APAF-1, CED4" fgcolor="#000000" bgcolor="#BFFFBF"
             type="rectangle" x="744" y="524" width="46" height="17"/>
    </entry>
    <entry id="167" name="hsa:842" type="gene"
        link="http://www.kegg.jp/dbget-bin/www_bget?hsa:842">
        <graphics name="CASP9, APAF-3, APAF3, ICE-LAP6, MCH6, PPP1R56" fgcolor="#000000" bgcolor="#BFFFBF"
             type="rectangle" x="759" y="478" width="46" height="17"/>
    </entry>
    <entry id="168" name="ko:K19458" type="ortholog"
        link="http://www.kegg.jp/dbget-bin/www_bget?K19458">
        <graphics name="K19458" fgcolor="#000000" bgcolor="#FFFFFF"
             type="rectangle" x="330" y="515" width="46" height="17"/>
    </entry>
    <entry id="169" name="hsa:637" type="gene"
        link="http://www.kegg.jp/dbget-bin/www_bget?hsa:637">
        <graphics name="BID, FP497" fgcolor="#000000" bgcolor="#BFFFBF"
             type="rectangle" x="527" y="480" width="46" height="17"/>
    </entry>
    <entry id="170" name="ko:K19463" type="ortholog"
        link="http://www.kegg.jp/dbget-bin/www_bget?K19463">
        <graphics name="K19463" fgcolor="#000000" bgcolor="#FFFFFF"
             type="rectangle" x="444" y="458" width="46" height="17"/>
    </entry>
    <entry id="171" name="hsa:915 hsa:916 hsa:917 hsa:919" type="gene"
        link="http://www.kegg.jp/dbget-bin/www_bget?hsa:915+hsa:916+hsa:917+hsa:919">
        <graphics name="CD3D, CD3-DELTA, IMD19, T3D..." fgcolor="#000000" bgcolor="#BFFFBF"
             type="rectangle" x="181" y="812" width="46" height="17"/>
    </entry>
    <entry id="172" name="ko:K22975" type="ortholog"
        link="http://www.kegg.jp/dbget-bin/www_bget?K22975">
        <graphics name="K22975" fgcolor="#000000" bgcolor="#FFFFFF"
             type="rectangle" x="264" y="769" width="46" height="17"/>
    </entry>
    <entry id="173" name="hsa:10454 hsa:23118" type="gene"
        link="http://www.kegg.jp/dbget-bin/www_bget?hsa:10454+hsa:23118">
        <graphics name="TAB1, 3'-Tab1, MAP3K7IP1..." fgcolor="#000000" bgcolor="#BFFFBF"
             type="rectangle" x="588" y="264" width="46" height="17"/>
    </entry>
    <entry id="174" name="ko:K22973" type="ortholog"
        link="http://www.kegg.jp/dbget-bin/www_bget?K22973">
        <graphics name="K22973" fgcolor="#000000" bgcolor="#FFFFFF"
             type="rectangle" x="382" y="482" width="46" height="17"/>
    </entry>
    <entry id="175" name="hsa:930" type="gene"
        link="http://www.kegg.jp/dbget-bin/www_bget?hsa:930">
        <graphics name="CD19, B4, CVID3" fgcolor="#000000" bgcolor="#BFFFBF"
             type="rectangle" x="264" y="151" width="46" height="17"/>
    </entry>
    <entry id="176" name="path:hsa04630" type="map"
        link="http://www.kegg.jp/dbget-bin/www_bget?hsa04630">
        <graphics name="JAK-STAT signaling pathway" fgcolor="#000000" bgcolor="#FFFFFF"
             type="roundrectangle" x="697" y="1222" width="126" height="34"/>
    </entry>
    <entry id="177" name="hsa:1147 hsa:3551 hsa:8517" type="gene"
        link="http://www.kegg.jp/dbget-bin/www_bget?hsa:1147+hsa:3551+hsa:8517">
        <graphics name="CHUK, IKBKA, IKK-alpha, IKK1, IKKA, NFKBIKA, TCF16..." fgcolor="#000000" bgcolor="#BFFFBF"
             type="rectangle" x="582" y="1061" width="46" height="17"/>
    </entry>
    <entry id="178" name="undefined" type="group">
        <graphics fgcolor="#000000" bgcolor="#FFFFFF"
             type="rectangle" x="543" y="735" width="46" height="34"/>
        <component id="79"/>
        <component id="80"/>
    </entry>
    <entry id="179" name="undefined" type="group">
        <graphics fgcolor="#000000" bgcolor="#FFFFFF"
             type="rectangle" x="509" y="774" width="46" height="34"/>
        <component id="82"/>
        <component id="83"/>
    </entry>
    <entry id="180" name="undefined" type="group">
        <graphics fgcolor="#000000" bgcolor="#FFFFFF"
             type="rectangle" x="588" y="263" width="46" height="50"/>
        <component id="141"/>
        <component id="142"/>
        <component id="173"/>
    </entry>
    <entry id="181" name="undefined" type="group">
        <graphics fgcolor="#000000" bgcolor="#FFFFFF"
             type="rectangle" x="667" y="341" width="46" height="34"/>
        <component id="126"/>
        <component id="66"/>
    </entry>
    <entry id="182" name="undefined" type="group">
        <graphics fgcolor="#000000" bgcolor="#FFFFFF"
             type="rectangle" x="690" y="605" width="92" height="34"/>
        <component id="134"/>
        <component id="135"/>
        <component id="137"/>
    </entry>
    <entry id="183" name="undefined" type="group">
        <graphics fgcolor="#000000" bgcolor="#FFFFFF"
             type="rectangle" x="490" y="1424" width="46" height="34"/>
        <component id="123"/>
        <component id="124"/>
    </entry>
    <entry id="184" name="undefined" type="group">
        <graphics fgcolor="#000000" bgcolor="#FFFFFF"
             type="rectangle" x="1004" y="686" width="92" height="51"/>
        <component id="10"/>
        <component id="16"/>
        <component id="88"/>
        <component id="89"/>
        <component id="90"/>
    </entry>
    <entry id="185" name="undefined" type="group">
        <graphics fgcolor="#000000" bgcolor="#FFFFFF"
             type="rectangle" x="490" y="1160" width="46" height="34"/>
        <component id="113"/>
        <component id="26"/>
    </entry>
    <entry id="186" name="undefined" type="group">
        <graphics fgcolor="#000000" bgcolor="#FFFFFF"
             type="rectangle" x="1061" y="1251" width="46" height="34"/>
        <component id="109"/>
        <component id="110"/>
    </entry>
    <entry id="187" name="undefined" type="group">
        <graphics fgcolor="#000000" bgcolor="#FFFFFF"
             type="rectangle" x="1061" y="1311" width="46" height="34"/>
        <component id="106"/>
        <component id="107"/>
    </entry>
    <entry id="188" name="undefined" type="group">
        <graphics fgcolor="#000000" bgcolor="#FFFFFF"
             type="rectangle" x="490" y="1058" width="46" height="51"/>
        <component id="32"/>
        <component id="33"/>
        <component id="44"/>
    </entry>
    <entry id="189" name="undefined" type="group">
        <graphics fgcolor="#000000" bgcolor="#FFFFFF"
             type="rectangle" x="582" y="1216" width="46" height="34"/>
        <component id="114"/>
        <component id="116"/>
    </entry>
    <relation entry1="178" entry2="179" type="PPrel">
        <subtype name="binding/association" value="---"/>
    </relation>
    <relation entry1="179" entry2="76" type="PPrel">
        <subtype name="binding/association" value="---"/>
    </relation>
    <relation entry1="76" entry2="84" type="PPrel">
        <subtype name="binding/association" value="---"/>
    </relation>
    <relation entry1="144" entry2="150" type="PPrel">
        <subtype name="activation" value="--&gt;"/>
    </relation>
    <relation entry1="150" entry2="151" type="PPrel">
        <subtype name="activation" value="--&gt;"/>
    </relation>
    <relation entry1="151" entry2="173" type="PPrel">
        <subtype name="activation" value="--&gt;"/>
    </relation>
    <relation entry1="65" entry2="125" type="PPrel">
        <subtype name="activation" value="--&gt;"/>
    </relation>
    <relation entry1="125" entry2="180" type="PPrel">
        <subtype name="activation" value="--&gt;"/>
    </relation>
    <relation entry1="125" entry2="143" type="PPrel">
        <subtype name="activation" value="--&gt;"/>
    </relation>
    <relation entry1="143" entry2="181" type="PPrel">
        <subtype name="activation" value="--&gt;"/>
    </relation>
    <relation entry1="160" entry2="156" type="PPrel">
        <subtype name="activation" value="--&gt;"/>
    </relation>
    <relation entry1="70" entry2="156" type="PPrel">
        <subtype name="activation" value="--&gt;"/>
    </relation>
    <relation entry1="156" entry2="158" type="PPrel">
        <subtype name="activation" value="--&gt;"/>
    </relation>
    <relation entry1="158" entry2="157" type="PPrel">
        <subtype name="activation" value="--&gt;"/>
    </relation>
    <relation entry1="158" entry2="169" type="PPrel">
        <subtype name="activation" value="--&gt;"/>
    </relation>
    <relation entry1="169" entry2="164" type="PPrel">
        <subtype name="activation" value="--&gt;"/>
    </relation>
    <relation entry1="165" entry2="166" type="PPrel">
        <subtype name="activation" value="--&gt;"/>
    </relation>
    <relation entry1="166" entry2="167" type="PPrel">
        <subtype name="activation" value="--&gt;"/>
    </relation>
    <relation entry1="167" entry2="157" type="PPrel">
        <subtype name="activation" value="--&gt;"/>
    </relation>
    <relation entry1="130" entry2="131" type="PPrel">
        <subtype name="activation" value="--&gt;"/>
    </relation>
    <relation entry1="131" entry2="132" type="PPrel">
        <subtype name="activation" value="--&gt;"/>
    </relation>
    <relation entry1="131" entry2="133" type="PPrel">
        <subtype name="activation" value="--&gt;"/>
    </relation>
    <relation entry1="132" entry2="182" type="PPrel">
        <subtype name="activation" value="--&gt;"/>
    </relation>
    <relation entry1="133" entry2="182" type="PPrel">
        <subtype name="activation" value="--&gt;"/>
    </relation>
    <relation entry1="51" entry2="53" type="PCrel">
        <subtype name="activation" value="--&gt;"/>
    </relation>
    <relation entry1="53" entry2="52" type="PCrel">
        <subtype name="activation" value="--&gt;"/>
    </relation>
    <relation entry1="55" entry2="119" type="PPrel">
        <subtype name="activation" value="--&gt;"/>
    </relation>
    <relation entry1="56" entry2="119" type="PPrel">
        <subtype name="activation" value="--&gt;"/>
    </relation>
    <relation entry1="119" entry2="121" type="PCrel">
        <subtype name="activation" value="--&gt;"/>
    </relation>
    <relation entry1="121" entry2="120" type="PCrel">
        <subtype name="activation" value="--&gt;"/>
    </relation>
    <relation entry1="119" entry2="122" type="PPrel">
        <subtype name="activation" value="--&gt;"/>
    </relation>
    <relation entry1="57" entry2="117" type="PPrel">
        <subtype name="activation" value="--&gt;"/>
    </relation>
    <relation entry1="57" entry2="118" type="PPrel">
        <subtype name="activation" value="--&gt;"/>
    </relation>
    <relation entry1="117" entry2="183" type="PPrel">
        <subtype name="activation" value="--&gt;"/>
    </relation>
    <relation entry1="118" entry2="183" type="PPrel">
        <subtype name="activation" value="--&gt;"/>
    </relation>
    <relation entry1="183" entry2="61" type="PPrel">
        <subtype name="activation" value="--&gt;"/>
    </relation>
    <relation entry1="61" entry2="59" type="PCrel">
        <subtype name="activation" value="--&gt;"/>
    </relation>
    <relation entry1="184" entry2="8" type="PPrel">
        <subtype name="inhibition" value="--|"/>
    </relation>
    <relation entry1="97" entry2="23" type="PPrel">
        <subtype name="inhibition" value="--|"/>
        <subtype name="ubiquitination" value="+u"/>
    </relation>
    <relation entry1="112" entry2="18" type="PPrel">
        <subtype name="inhibition" value="--|"/>
        <subtype name="ubiquitination" value="+u"/>
    </relation>
    <relation entry1="62" entry2="55" type="PPrel">
        <subtype name="inhibition" value="--|"/>
        <subtype name="ubiquitination" value="+u"/>
    </relation>
    <relation entry1="62" entry2="56" type="PPrel">
        <subtype name="inhibition" value="--|"/>
        <subtype name="ubiquitination" value="+u"/>
    </relation>
    <relation entry1="22" entry2="23" type="PPrel">
        <subtype name="activation" value="--&gt;"/>
    </relation>
    <relation entry1="19" entry2="20" type="PPrel">
        <subtype name="activation" value="--&gt;"/>
        <subtype name="ubiquitination" value="+u"/>
    </relation>
    <relation entry1="180" entry2="152" type="PPrel">
        <subtype name="activation" value="--&gt;"/>
        <subtype name="phosphorylation" value="+p"/>
    </relation>
    <relation entry1="152" entry2="67" type="PPrel">
        <subtype name="activation" value="--&gt;"/>
        <subtype name="phosphorylation" value="+p"/>
    </relation>
    <relation entry1="181" entry2="127" type="PPrel">
        <subtype name="activation" value="--&gt;"/>
        <subtype name="phosphorylation" value="+p"/>
    </relation>
    <relation entry1="181" entry2="69" type="PPrel">
        <subtype name="activation" value="--&gt;"/>
        <subtype name="phosphorylation" value="+p"/>
    </relation>
    <relation entry1="29" entry2="30" type="PPrel">
        <subtype name="activation" value="--&gt;"/>
        <subtype name="phosphorylation" value="+p"/>
    </relation>
    <relation entry1="30" entry2="34" type="PPrel">
        <subtype name="activation" value="--&gt;"/>
        <subtype name="phosphorylation" value="+p"/>
    </relation>
    <relation entry1="44" entry2="177" type="PPrel">
        <subtype name="activation" value="--&gt;"/>
        <subtype name="phosphorylation" value="+p"/>
    </relation>
    <relation entry1="177" entry2="28" type="PPrel">
        <subtype name="activation" value="--&gt;"/>
        <subtype name="phosphorylation" value="+p"/>
    </relation>
    <relation entry1="44" entry2="45" type="PPrel">
        <subtype name="activation" value="--&gt;"/>
        <subtype name="phosphorylation" value="+p"/>
    </relation>
    <relation entry1="45" entry2="47" type="PPrel">
        <subtype name="activation" value="--&gt;"/>
        <subtype name="phosphorylation" value="+p"/>
    </relation>
    <relation entry1="46" entry2="48" type="PPrel">
        <subtype name="activation" value="--&gt;"/>
        <subtype name="phosphorylation" value="+p"/>
    </relation>
    <relation entry1="47" entry2="49" type="PPrel">
        <subtype name="activation" value="--&gt;"/>
        <subtype name="phosphorylation" value="+p"/>
    </relation>
    <relation entry1="48" entry2="49" type="PPrel">
        <subtype name="activation" value="--&gt;"/>
        <subtype name="phosphorylation" value="+p"/>
    </relation>
    <relation entry1="185" entry2="46" type="PPrel">
        <subtype name="activation" value="--&gt;"/>
    </relation>
    <relation entry1="186" entry2="20" type="PPrel">
        <subtype name="activation" value="--&gt;"/>
        <subtype name="phosphorylation" value="+p"/>
    </relation>
    <relation entry1="187" entry2="20" type="PPrel">
        <subtype name="activation" value="--&gt;"/>
        <subtype name="phosphorylation" value="+p"/>
    </relation>
    <relation entry1="20" entry2="108" type="PPrel">
        <subtype name="dissociation" value="-+-"/>
    </relation>
    <relation entry1="68" entry2="67" type="PPrel">
        <subtype name="dissociation" value="-+-"/>
    </relation>
    <relation entry1="164" entry2="165" type="PPrel">
        <subtype name="activation" value="--&gt;"/>
        <subtype name="indirect effect" value="..&gt;"/>
    </relation>
    <relation entry1="68" entry2="139" type="GErel">
        <subtype name="expression" value="--&gt;"/>
    </relation>
    <relation entry1="68" entry2="140" type="GErel">
        <subtype name="expression" value="--&gt;"/>
    </relation>
    <relation entry1="127" entry2="138" type="GErel">
        <subtype name="expression" value="--&gt;"/>
    </relation>
    <relation entry1="127" entry2="129" type="GErel">
        <subtype name="expression" value="--&gt;"/>
    </relation>
    <relation entry1="69" entry2="138" type="GErel">
        <subtype name="expression" value="--&gt;"/>
    </relation>
    <relation entry1="69" entry2="129" type="GErel">
        <subtype name="expression" value="--&gt;"/>
    </relation>
    <relation entry1="182" entry2="145" type="GErel">
        <subtype name="expression" value="--&gt;"/>
    </relation>
    <relation entry1="182" entry2="146" type="GErel">
        <subtype name="expression" value="--&gt;"/>
    </relation>
    <relation entry1="182" entry2="147" type="GErel">
        <subtype name="expression" value="--&gt;"/>
    </relation>
    <relation entry1="182" entry2="148" type="GErel">
        <subtype name="expression" value="--&gt;"/>
    </relation>
    <relation entry1="182" entry2="149" type="GErel">
        <subtype name="expression" value="--&gt;"/>
    </relation>
    <relation entry1="8" entry2="15" type="GErel">
        <subtype name="expression" value="--&gt;"/>
    </relation>
    <relation entry1="8" entry2="92" type="GErel">
        <subtype name="expression" value="--&gt;"/>
    </relation>
    <relation entry1="8" entry2="13" type="GErel">
        <subtype name="expression" value="--&gt;"/>
    </relation>
    <relation entry1="8" entry2="93" type="GErel">
        <subtype name="expression" value="--&gt;"/>
    </relation>
    <relation entry1="8" entry2="14" type="GErel">
        <subtype name="expression" value="--&gt;"/>
    </relation>
    <relation entry1="23" entry2="98" type="GErel">
        <subtype name="expression" value="--&gt;"/>
    </relation>
    <relation entry1="23" entry2="99" type="GErel">
        <subtype name="expression" value="--&gt;"/>
    </relation>
    <relation entry1="23" entry2="100" type="GErel">
        <subtype name="expression" value="--&gt;"/>
    </relation>
    <relation entry1="23" entry2="101" type="GErel">
        <subtype name="expression" value="--&gt;"/>
    </relation>
    <relation entry1="23" entry2="102" type="GErel">
        <subtype name="expression" value="--&gt;"/>
    </relation>
    <relation entry1="23" entry2="103" type="GErel">
        <subtype name="expression" value="--&gt;"/>
    </relation>
    <relation entry1="34" entry2="35" type="GErel">
        <subtype name="expression" value="--&gt;"/>
    </relation>
    <relation entry1="34" entry2="36" type="GErel">
        <subtype name="expression" value="--&gt;"/>
    </relation>
    <relation entry1="34" entry2="37" type="GErel">
        <subtype name="expression" value="--&gt;"/>
    </relation>
    <relation entry1="34" entry2="38" type="GErel">
        <subtype name="expression" value="--&gt;"/>
    </relation>
    <relation entry1="34" entry2="39" type="GErel">
        <subtype name="expression" value="--&gt;"/>
    </relation>
    <relation entry1="34" entry2="40" type="GErel">
        <subtype name="expression" value="--&gt;"/>
    </relation>
    <relation entry1="34" entry2="41" type="GErel">
        <subtype name="expression" value="--&gt;"/>
    </relation>
    <relation entry1="34" entry2="71" type="GErel">
        <subtype name="expression" value="--&gt;"/>
    </relation>
    <relation entry1="31" entry2="35" type="GErel">
        <subtype name="expression" value="--&gt;"/>
    </relation>
    <relation entry1="31" entry2="36" type="GErel">
        <subtype name="expression" value="--&gt;"/>
    </relation>
    <relation entry1="31" entry2="37" type="GErel">
        <subtype name="expression" value="--&gt;"/>
    </relation>
    <relation entry1="31" entry2="38" type="GErel">
        <subtype name="expression" value="--&gt;"/>
    </relation>
    <relation entry1="31" entry2="39" type="GErel">
        <subtype name="expression" value="--&gt;"/>
    </relation>
    <relation entry1="31" entry2="40" type="GErel">
        <subtype name="expression" value="--&gt;"/>
    </relation>
    <relation entry1="31" entry2="41" type="GErel">
        <subtype name="expression" value="--&gt;"/>
    </relation>
    <relation entry1="31" entry2="71" type="GErel">
        <subtype name="expression" value="--&gt;"/>
    </relation>
    <relation entry1="49" entry2="35" type="GErel">
        <subtype name="expression" value="--&gt;"/>
    </relation>
    <relation entry1="49" entry2="36" type="GErel">
        <subtype name="expression" value="--&gt;"/>
    </relation>
    <relation entry1="49" entry2="37" type="GErel">
        <subtype name="expression" value="--&gt;"/>
    </relation>
    <relation entry1="49" entry2="38" type="GErel">
        <subtype name="expression" value="--&gt;"/>
    </relation>
    <relation entry1="49" entry2="39" type="GErel">
        <subtype name="expression" value="--&gt;"/>
    </relation>
    <relation entry1="49" entry2="40" type="GErel">
        <subtype name="expression" value="--&gt;"/>
    </relation>
    <relation entry1="49" entry2="41" type="GErel">
        <subtype name="expression" value="--&gt;"/>
    </relation>
    <relation entry1="49" entry2="71" type="GErel">
        <subtype name="expression" value="--&gt;"/>
    </relation>
    <relation entry1="49" entry2="43" type="GErel">
        <subtype name="expression" value="--&gt;"/>
    </relation>
    <relation entry1="49" entry2="42" type="GErel">
        <subtype name="expression" value="--&gt;"/>
    </relation>
    <relation entry1="34" entry2="43" type="GErel">
        <subtype name="expression" value="--&gt;"/>
    </relation>
    <relation entry1="34" entry2="42" type="GErel">
        <subtype name="expression" value="--&gt;"/>
    </relation>
    <relation entry1="31" entry2="43" type="GErel">
        <subtype name="expression" value="--&gt;"/>
    </relation>
    <relation entry1="31" entry2="42" type="GErel">
        <subtype name="expression" value="--&gt;"/>
    </relation>
    <relation entry1="27" entry2="51" type="PPrel">
        <subtype name="activation" value="--&gt;"/>
        <subtype name="indirect effect" value="..&gt;"/>
    </relation>
    <relation entry1="27" entry2="29" type="PPrel">
        <subtype name="activation" value="--&gt;"/>
        <subtype name="indirect effect" value="..&gt;"/>
    </relation>
    <relation entry1="25" entry2="29" type="PPrel">
        <subtype name="activation" value="--&gt;"/>
        <subtype name="indirect effect" value="..&gt;"/>
    </relation>
    <relation entry1="25" entry2="188" type="PPrel">
        <subtype name="activation" value="--&gt;"/>
    </relation>
    <relation entry1="25" entry2="185" type="PPrel">
        <subtype name="activation" value="--&gt;"/>
    </relation>
    <relation entry1="50" entry2="189" type="PPrel">
        <subtype name="activation" value="--&gt;"/>
    </relation>
    <relation entry1="18" entry2="186" type="PPrel">
        <subtype name="inhibition" value="--|"/>
    </relation>
    <relation entry1="18" entry2="187" type="PPrel">
        <subtype name="inhibition" value="--|"/>
    </relation>
    <relation entry1="105" entry2="186" type="PPrel">
        <subtype name="inhibition" value="--|"/>
    </relation>
    <relation entry1="105" entry2="187" type="PPrel">
        <subtype name="inhibition" value="--|"/>
    </relation>
    <relation entry1="117" entry2="55" type="PPrel">
        <subtype name="activation" value="--&gt;"/>
        <subtype name="indirect effect" value="..&gt;"/>
    </relation>
    <relation entry1="118" entry2="56" type="PPrel">
        <subtype name="activation" value="--&gt;"/>
        <subtype name="indirect effect" value="..&gt;"/>
    </relation>
</pathway>
