<?xml version="1.0"?>
<!DOCTYPE pathway SYSTEM "http://www.kegg.jp/kegg/xml/KGML_v0.7.2_.dtd">
<!-- Creation date: Mar 14, 2018 15:22:20 +0900 (GMT+9) -->
<pathway name="path:hsa04144" org="hsa" number="04144"
         title="Endocytosis"
         image="http://www.kegg.jp/kegg/pathway/hsa/hsa04144.png"
         link="http://www.kegg.jp/kegg-bin/show_pathway?hsa04144">
    <entry id="1" name="path:hsa04144" type="map"
        link="http://www.kegg.jp/dbget-bin/www_bget?hsa04144">
        <graphics name="TITLE:Endocytosis" fgcolor="#000000" bgcolor="#FFFFFF"
             type="roundrectangle" x="100" y="58" width="120" height="25"/>
    </entry>
    <entry id="2" name="hsa:10254 hsa:8027" type="gene"
        link="http://www.kegg.jp/dbget-bin/www_bget?hsa:10254+hsa:8027">
        <graphics name="STAM2, Hbp, STAM2A, STAM2B..." fgcolor="#000000" bgcolor="#BFFFBF"
             type="rectangle" x="461" y="753" width="46" height="17"/>
    </entry>
    <entry id="3" name="hsa:9146" type="gene"
        link="http://www.kegg.jp/dbget-bin/www_bget?hsa:9146">
        <graphics name="HGS, HRS" fgcolor="#000000" bgcolor="#BFFFBF"
             type="rectangle" x="461" y="770" width="46" height="17"/>
    </entry>
    <entry id="4" name="cpd:C04549" type="compound"
        link="http://www.kegg.jp/dbget-bin/www_bget?C04549">
        <graphics name="C04549" fgcolor="#000000" bgcolor="#FFFFFF"
             type="circle" x="634" y="783" width="8" height="8"/>
    </entry>
    <entry id="5" name="cpd:C04549" type="compound"
        link="http://www.kegg.jp/dbget-bin/www_bget?C04549">
        <graphics name="C04549" fgcolor="#000000" bgcolor="#FFFFFF"
             type="circle" x="428" y="783" width="8" height="8"/>
    </entry>
    <entry id="6" name="hsa:10617" type="gene"
        link="http://www.kegg.jp/dbget-bin/www_bget?hsa:10617">
        <graphics name="STAMBP, AMSH, MICCAP" fgcolor="#000000" bgcolor="#BFFFBF"
             type="rectangle" x="1006" y="828" width="46" height="17"/>
    </entry>
    <entry id="7" name="hsa:9101" type="gene"
        link="http://www.kegg.jp/dbget-bin/www_bget?hsa:9101">
        <graphics name="USP8, HumORF8, PITA4, SPG59, UBPY" fgcolor="#000000" bgcolor="#BFFFBF"
             type="rectangle" x="1006" y="806" width="46" height="17"/>
    </entry>
    <entry id="8" name="path:hsa04142" type="map"
        link="http://www.kegg.jp/dbget-bin/www_bget?hsa04142">
        <graphics name="Lysosome" fgcolor="#000000" bgcolor="#FFFFFF"
             type="roundrectangle" x="677" y="950" width="104" height="26"/>
    </entry>
    <entry id="9" name="hsa:1759 hsa:1785 hsa:26052" type="gene"
        link="http://www.kegg.jp/dbget-bin/www_bget?hsa:1759+hsa:1785+hsa:26052">
        <graphics name="DNM1, DNM, EIEE31..." fgcolor="#000000" bgcolor="#BFFFBF"
             type="rectangle" x="270" y="181" width="46" height="17"/>
    </entry>
    <entry id="10" name="hsa:10193 hsa:11059 hsa:23327 hsa:23624 hsa:4193 hsa:4734 hsa:57154 hsa:64750 hsa:7189 hsa:83737 hsa:867 hsa:868" type="gene"
        link="http://www.kegg.jp/dbget-bin/www_bget?hsa:10193+hsa:11059+hsa:23327+hsa:23624+hsa:4193+hsa:4734+hsa:57154+hsa:64750+hsa:7189+hsa:83737+hsa:867+hsa:868">
        <graphics name="RNF41, FLRF, NRDP1, SBBI03..." fgcolor="#000000" bgcolor="#BFFFBF"
             type="rectangle" x="379" y="271" width="46" height="17"/>
    </entry>
    <entry id="11" name="hsa:3949" type="gene"
        link="http://www.kegg.jp/dbget-bin/www_bget?hsa:3949">
        <graphics name="LDLR, FH, FHC, LDLCQ2" fgcolor="#000000" bgcolor="#BFFFBF"
             type="rectangle" x="533" y="181" width="46" height="17"/>
    </entry>
    <entry id="12" name="hsa:1211 hsa:1212 hsa:1213 hsa:8218" type="gene"
        link="http://www.kegg.jp/dbget-bin/www_bget?hsa:1211+hsa:1212+hsa:1213+hsa:8218">
        <graphics name="CLTA, LCA..." fgcolor="#000000" bgcolor="#BFFFBF"
             type="rectangle" x="292" y="269" width="46" height="17"/>
    </entry>
    <entry id="13" name="hsa:1173 hsa:1175 hsa:160 hsa:161 hsa:163" type="gene"
        link="http://www.kegg.jp/dbget-bin/www_bget?hsa:1173+hsa:1175+hsa:160+hsa:161+hsa:163">
        <graphics name="AP2M1, AP50, CLAPM1, mu2..." fgcolor="#000000" bgcolor="#BFFFBF"
             type="rectangle" x="292" y="286" width="46" height="17"/>
    </entry>
    <entry id="14" name="hsa:89853 hsa:93343" type="gene"
        link="http://www.kegg.jp/dbget-bin/www_bget?hsa:89853+hsa:93343">
        <graphics name="MVB12B, C9orf28, FAM125B..." fgcolor="#000000" bgcolor="#BFFFBF"
             type="rectangle" x="547" y="753" width="46" height="17"/>
    </entry>
    <entry id="15" name="hsa:137492 hsa:155382 hsa:55048 hsa:79720" type="gene"
        link="http://www.kegg.jp/dbget-bin/www_bget?hsa:137492+hsa:155382+hsa:55048+hsa:79720">
        <graphics name="VPS37A, HCRP1, PQBP2, SPG53..." fgcolor="#000000" bgcolor="#BFFFBF"
             type="rectangle" x="593" y="770" width="46" height="17"/>
    </entry>
    <entry id="16" name="hsa:51160" type="gene"
        link="http://www.kegg.jp/dbget-bin/www_bget?hsa:51160">
        <graphics name="VPS28" fgcolor="#000000" bgcolor="#BFFFBF"
             type="rectangle" x="593" y="753" width="46" height="17"/>
    </entry>
    <entry id="17" name="hsa:3303 hsa:3304 hsa:3305 hsa:3306 hsa:3310 hsa:3312" type="gene"
        link="http://www.kegg.jp/dbget-bin/www_bget?hsa:3303+hsa:3304+hsa:3305+hsa:3306+hsa:3310+hsa:3312">
        <graphics name="HSPA1A, HEL-S-103, HSP70-1, HSP70-1A, HSP70.1, HSP70I, HSP72, HSPA1..." fgcolor="#000000" bgcolor="#BFFFBF"
             type="rectangle" x="385" y="467" width="46" height="17"/>
    </entry>
    <entry id="18" name="hsa:9829" type="gene"
        link="http://www.kegg.jp/dbget-bin/www_bget?hsa:9829">
        <graphics name="DNAJC6, DJC6, PARK19" fgcolor="#000000" bgcolor="#BFFFBF"
             type="rectangle" x="385" y="484" width="46" height="17"/>
    </entry>
    <entry id="19" name="hsa:51028" type="gene"
        link="http://www.kegg.jp/dbget-bin/www_bget?hsa:51028">
        <graphics name="VPS36, C13orf9, CGI-145, EAP45" fgcolor="#000000" bgcolor="#BFFFBF"
             type="rectangle" x="665" y="753" width="46" height="17"/>
    </entry>
    <entry id="20" name="hsa:7251" type="gene"
        link="http://www.kegg.jp/dbget-bin/www_bget?hsa:7251">
        <graphics name="TSG101, TSG10, VPS23" fgcolor="#000000" bgcolor="#BFFFBF"
             type="rectangle" x="547" y="770" width="46" height="17"/>
    </entry>
    <entry id="21" name="hsa:84313" type="gene"
        link="http://www.kegg.jp/dbget-bin/www_bget?hsa:84313">
        <graphics name="VPS25, DERP9, EAP20, FAP20" fgcolor="#000000" bgcolor="#BFFFBF"
             type="rectangle" x="711" y="760" width="46" height="17"/>
    </entry>
    <entry id="22" name="hsa:11267" type="gene"
        link="http://www.kegg.jp/dbget-bin/www_bget?hsa:11267">
        <graphics name="SNF8, Dot3, EAP30, VPS22" fgcolor="#000000" bgcolor="#BFFFBF"
             type="rectangle" x="665" y="770" width="46" height="17"/>
    </entry>
    <entry id="23" name="hsa:79643" type="gene"
        link="http://www.kegg.jp/dbget-bin/www_bget?hsa:79643">
        <graphics name="CHMP6, VPS20" fgcolor="#000000" bgcolor="#BFFFBF"
             type="rectangle" x="757" y="771" width="46" height="17"/>
    </entry>
    <entry id="24" name="hsa:100526767 hsa:51652" type="gene"
        link="http://www.kegg.jp/dbget-bin/www_bget?hsa:100526767+hsa:51652">
        <graphics name="RNF103-CHMP3, RNF103-VPS24..." fgcolor="#000000" bgcolor="#BFFFBF"
             type="rectangle" x="849" y="771" width="46" height="17"/>
    </entry>
    <entry id="25" name="hsa:128866 hsa:29082 hsa:92421" type="gene"
        link="http://www.kegg.jp/dbget-bin/www_bget?hsa:128866+hsa:29082+hsa:92421">
        <graphics name="CHMP4B, C20orf178, CHMP4A, CTPP3, CTRCT31, SNF7, SNF7-2, Shax1, VPS32B, Vps32-2, dJ553F4.4..." fgcolor="#000000" bgcolor="#BFFFBF"
             type="rectangle" x="803" y="771" width="46" height="17"/>
    </entry>
    <entry id="26" name="hsa:5119 hsa:57132" type="gene"
        link="http://www.kegg.jp/dbget-bin/www_bget?hsa:5119+hsa:57132">
        <graphics name="CHMP1A, CHMP1, PCH8, PCOLN3, PRSM1, VPS46-1, VPS46A..." fgcolor="#000000" bgcolor="#BFFFBF"
             type="rectangle" x="848" y="722" width="46" height="17"/>
    </entry>
    <entry id="27" name="hsa:25978 hsa:27243" type="gene"
        link="http://www.kegg.jp/dbget-bin/www_bget?hsa:25978+hsa:27243">
        <graphics name="CHMP2B, ALS17, CHMP2.5, DMT1, VPS2-2, VPS2B..." fgcolor="#000000" bgcolor="#BFFFBF"
             type="rectangle" x="849" y="754" width="46" height="17"/>
    </entry>
    <entry id="28" name="hsa:10015" type="gene"
        link="http://www.kegg.jp/dbget-bin/www_bget?hsa:10015">
        <graphics name="PDCD6IP, AIP1, ALIX, DRIP4, HP95" fgcolor="#000000" bgcolor="#BFFFBF"
             type="rectangle" x="630" y="730" width="46" height="17"/>
    </entry>
    <entry id="29" name="hsa:27183 hsa:9525" type="gene"
        link="http://www.kegg.jp/dbget-bin/www_bget?hsa:27183+hsa:9525">
        <graphics name="VPS4A, SKD1, SKD1A, SKD2, VPS4, VPS4-1..." fgcolor="#000000" bgcolor="#BFFFBF"
             type="rectangle" x="916" y="715" width="46" height="17"/>
    </entry>
    <entry id="30" name="hsa:51534" type="gene"
        link="http://www.kegg.jp/dbget-bin/www_bget?hsa:51534">
        <graphics name="VTA1, C6orf55, DRG-1, DRG1, HSPC228, LIP5, My012, SBP1" fgcolor="#000000" bgcolor="#BFFFBF"
             type="rectangle" x="916" y="731" width="46" height="17"/>
    </entry>
    <entry id="31" name="hsa:51510" type="gene"
        link="http://www.kegg.jp/dbget-bin/www_bget?hsa:51510">
        <graphics name="CHMP5, C9orf83, CGI-34, HSPC177, PNAS-2, SNF7DC2, Vps60" fgcolor="#000000" bgcolor="#BFFFBF"
             type="rectangle" x="793" y="709" width="46" height="17"/>
    </entry>
    <entry id="32" name="hsa:998" type="gene"
        link="http://www.kegg.jp/dbget-bin/www_bget?hsa:998">
        <graphics name="CDC42, CDC42Hs, G25K, TKS" fgcolor="#000000" bgcolor="#BFFFBF"
             type="rectangle" x="887" y="352" width="46" height="17"/>
    </entry>
    <entry id="33" name="hsa:5584 hsa:5590" type="gene"
        link="http://www.kegg.jp/dbget-bin/www_bget?hsa:5584+hsa:5590">
        <graphics name="PRKCI, DXS1179E, PKCI, nPKC-iota..." fgcolor="#000000" bgcolor="#BFFFBF"
             type="rectangle" x="887" y="335" width="46" height="17"/>
    </entry>
    <entry id="34" name="hsa:50855 hsa:84552 hsa:84612" type="gene"
        link="http://www.kegg.jp/dbget-bin/www_bget?hsa:50855+hsa:84552+hsa:84612">
        <graphics name="PARD6A, PAR-6A, PAR6, PAR6C, PAR6alpha, TAX40, TIP-40..." fgcolor="#000000" bgcolor="#BFFFBF"
             type="rectangle" x="842" y="352" width="46" height="17"/>
    </entry>
    <entry id="35" name="hsa:56288" type="gene"
        link="http://www.kegg.jp/dbget-bin/www_bget?hsa:56288">
        <graphics name="PARD3, ASIP, Baz, PAR3, PAR3alpha, PARD-3, PARD3A, PPP1R118, SE2-5L16, SE2-5LT1, SE2-5T2" fgcolor="#000000" bgcolor="#BFFFBF"
             type="rectangle" x="842" y="335" width="46" height="17"/>
    </entry>
    <entry id="36" name="hsa:382" type="gene"
        link="http://www.kegg.jp/dbget-bin/www_bget?hsa:382">
        <graphics name="ARF6" fgcolor="#000000" bgcolor="#BFFFBF"
             type="rectangle" x="880" y="101" width="46" height="17"/>
    </entry>
    <entry id="37" name="hsa:3265" type="gene"
        link="http://www.kegg.jp/dbget-bin/www_bget?hsa:3265">
        <graphics name="HRAS, C-BAS/HAS, C-H-RAS, C-HA-RAS1, CTLO, H-RASIDX, HAMSV, HRAS1, RASH1, p21ras" fgcolor="#000000" bgcolor="#BFFFBF"
             type="rectangle" x="933" y="123" width="46" height="17"/>
    </entry>
    <entry id="38" name="hsa:6714" type="gene"
        link="http://www.kegg.jp/dbget-bin/www_bget?hsa:6714">
        <graphics name="SRC, ASV, SRC1, THC6, c-SRC, p60-Src" fgcolor="#000000" bgcolor="#BFFFBF"
             type="rectangle" x="933" y="101" width="46" height="17"/>
    </entry>
    <entry id="39" name="hsa:8766 hsa:9230" type="gene"
        link="http://www.kegg.jp/dbget-bin/www_bget?hsa:8766+hsa:9230">
        <graphics name="RAB11A, YL8..." fgcolor="#000000" bgcolor="#BFFFBF"
             type="rectangle" x="758" y="399" width="46" height="17"/>
    </entry>
    <entry id="40" name="cpd:C05981" type="compound"
        link="http://www.kegg.jp/dbget-bin/www_bget?C05981">
        <graphics name="C05981" fgcolor="#000000" bgcolor="#FFFFFF"
             type="circle" x="1089" y="351" width="8" height="8"/>
    </entry>
    <entry id="41" name="path:hsa04060" type="map"
        link="http://www.kegg.jp/dbget-bin/www_bget?hsa04060">
        <graphics name="Cytokine-cytokine receptor interaction" fgcolor="#000000" bgcolor="#FFFFFF"
             type="roundrectangle" x="629" y="117" width="152" height="38"/>
    </entry>
    <entry id="42" name="hsa:7037" type="gene"
        link="http://www.kegg.jp/dbget-bin/www_bget?hsa:7037">
        <graphics name="TFRC, CD71, IMD46, T9, TFR, TFR1, TR, TRFR, p90" fgcolor="#000000" bgcolor="#BFFFBF"
             type="rectangle" x="143" y="181" width="46" height="17"/>
    </entry>
    <entry id="43" name="hsa:22905 hsa:29924 hsa:55040" type="gene"
        link="http://www.kegg.jp/dbget-bin/www_bget?hsa:22905+hsa:29924+hsa:55040">
        <graphics name="EPN2, EHB21..." fgcolor="#000000" bgcolor="#BFFFBF"
             type="rectangle" x="235" y="246" width="46" height="17"/>
    </entry>
    <entry id="44" name="hsa:2060 hsa:58513" type="gene"
        link="http://www.kegg.jp/dbget-bin/www_bget?hsa:2060+hsa:58513">
        <graphics name="EPS15, AF-1P, AF1P, MLLT5..." fgcolor="#000000" bgcolor="#BFFFBF"
             type="rectangle" x="235" y="263" width="46" height="17"/>
    </entry>
    <entry id="45" name="hsa:9101" type="gene"
        link="http://www.kegg.jp/dbget-bin/www_bget?hsa:9101">
        <graphics name="USP8, HumORF8, PITA4, SPG59, UBPY" fgcolor="#000000" bgcolor="#BFFFBF"
             type="rectangle" x="335" y="712" width="46" height="17"/>
    </entry>
    <entry id="46" name="hsa:5868 hsa:5869 hsa:5878" type="gene"
        link="http://www.kegg.jp/dbget-bin/www_bget?hsa:5868+hsa:5869+hsa:5878">
        <graphics name="RAB5A, RAB5..." fgcolor="#000000" bgcolor="#BFFFBF"
             type="rectangle" x="651" y="567" width="46" height="17"/>
    </entry>
    <entry id="47" name="hsa:382" type="gene"
        link="http://www.kegg.jp/dbget-bin/www_bget?hsa:382">
        <graphics name="ARF6" fgcolor="#000000" bgcolor="#BFFFBF"
             type="rectangle" x="931" y="593" width="46" height="17"/>
    </entry>
    <entry id="48" name="hsa:10617" type="gene"
        link="http://www.kegg.jp/dbget-bin/www_bget?hsa:10617">
        <graphics name="STAMBP, AMSH, MICCAP" fgcolor="#000000" bgcolor="#BFFFBF"
             type="rectangle" x="335" y="734" width="46" height="17"/>
    </entry>
    <entry id="49" name="hsa:26119" type="gene"
        link="http://www.kegg.jp/dbget-bin/www_bget?hsa:26119">
        <graphics name="LDLRAP1, ARH, ARH1, ARH2, FHCB1, FHCB2" fgcolor="#000000" bgcolor="#BFFFBF"
             type="rectangle" x="532" y="247" width="46" height="17"/>
    </entry>
    <entry id="50" name="hsa:1601" type="gene"
        link="http://www.kegg.jp/dbget-bin/www_bget?hsa:1601">
        <graphics name="DAB2, DOC-2, DOC2" fgcolor="#000000" bgcolor="#BFFFBF"
             type="rectangle" x="532" y="264" width="46" height="17"/>
    </entry>
    <entry id="51" name="hsa:1234 hsa:3577 hsa:3579 hsa:7852" type="gene"
        link="http://www.kegg.jp/dbget-bin/www_bget?hsa:1234+hsa:3577+hsa:3579+hsa:7852">
        <graphics name="CCR5, CC-CKR-5, CCCKR5, CCR-5, CD195, CKR-5, CKR5, CMKBR5, IDDM22..." fgcolor="#000000" bgcolor="#BFFFBF"
             type="rectangle" x="583" y="181" width="46" height="17"/>
    </entry>
    <entry id="52" name="hsa:1956 hsa:2261 hsa:2263 hsa:2264 hsa:3480 hsa:5156" type="gene"
        link="http://www.kegg.jp/dbget-bin/www_bget?hsa:1956+hsa:2261+hsa:2263+hsa:2264+hsa:3480+hsa:5156">
        <graphics name="EGFR, ERBB, ERBB1, HER1, NISBD2, PIG61, mENA..." fgcolor="#000000" bgcolor="#BFFFBF"
             type="rectangle" x="215" y="181" width="46" height="17"/>
    </entry>
    <entry id="53" name="hsa:30011" type="gene"
        link="http://www.kegg.jp/dbget-bin/www_bget?hsa:30011">
        <graphics name="SH3KBP1, CD2BP3, CIN85, GIG10, HSB-1, HSB1, MIG18" fgcolor="#000000" bgcolor="#BFFFBF"
             type="rectangle" x="184" y="263" width="46" height="17"/>
    </entry>
    <entry id="54" name="hsa:51100 hsa:56904 hsa:6455 hsa:6456 hsa:6457" type="gene"
        link="http://www.kegg.jp/dbget-bin/www_bget?hsa:51100+hsa:56904+hsa:6455+hsa:6456+hsa:6457">
        <graphics name="SH3GLB1, Bif-1, CGI-61, PPP1R70, dJ612B15.2..." fgcolor="#000000" bgcolor="#BFFFBF"
             type="rectangle" x="184" y="280" width="46" height="17"/>
    </entry>
    <entry id="55" name="hsa:131890 hsa:156 hsa:157 hsa:2868 hsa:2869 hsa:2870 hsa:6011" type="gene"
        link="http://www.kegg.jp/dbget-bin/www_bget?hsa:131890+hsa:156+hsa:157+hsa:2868+hsa:2869+hsa:2870+hsa:6011">
        <graphics name="GRK7, GPRK7..." fgcolor="#000000" bgcolor="#BFFFBF"
             type="rectangle" x="583" y="247" width="46" height="17"/>
    </entry>
    <entry id="56" name="hsa:408 hsa:409" type="gene"
        link="http://www.kegg.jp/dbget-bin/www_bget?hsa:408+hsa:409">
        <graphics name="ARRB1, ARB1, ARR1..." fgcolor="#000000" bgcolor="#BFFFBF"
             type="rectangle" x="583" y="264" width="46" height="17"/>
    </entry>
    <entry id="57" name="hsa:382" type="gene"
        link="http://www.kegg.jp/dbget-bin/www_bget?hsa:382">
        <graphics name="ARF6" fgcolor="#000000" bgcolor="#BFFFBF"
             type="rectangle" x="444" y="101" width="46" height="17"/>
    </entry>
    <entry id="58" name="hsa:22841 hsa:26056 hsa:80223" type="gene"
        link="http://www.kegg.jp/dbget-bin/www_bget?hsa:22841+hsa:26056+hsa:80223">
        <graphics name="RAB11FIP2, Rab11-FIP2, nRip11..." fgcolor="#000000" bgcolor="#BFFFBF"
             type="rectangle" x="804" y="399" width="46" height="17"/>
    </entry>
    <entry id="59" name="hsa:5337 hsa:5338" type="gene"
        link="http://www.kegg.jp/dbget-bin/www_bget?hsa:5337+hsa:5338">
        <graphics name="PLD1, CVDD..." fgcolor="#000000" bgcolor="#BFFFBF"
             type="rectangle" x="887" y="379" width="46" height="17"/>
    </entry>
    <entry id="60" name="hsa:5337 hsa:5338" type="gene"
        link="http://www.kegg.jp/dbget-bin/www_bget?hsa:5337+hsa:5338">
        <graphics name="PLD1, CVDD..." fgcolor="#000000" bgcolor="#BFFFBF"
             type="rectangle" x="445" y="144" width="46" height="17"/>
    </entry>
    <entry id="61" name="hsa:138429 hsa:23396 hsa:8394 hsa:8395" type="gene"
        link="http://www.kegg.jp/dbget-bin/www_bget?hsa:138429+hsa:23396+hsa:8394+hsa:8395">
        <graphics name="PIP5KL1, PIPKH..." fgcolor="#000000" bgcolor="#BFFFBF"
             type="rectangle" x="880" y="123" width="46" height="17"/>
    </entry>
    <entry id="62" name="hsa:138429 hsa:23396 hsa:8394 hsa:8395" type="gene"
        link="http://www.kegg.jp/dbget-bin/www_bget?hsa:138429+hsa:23396+hsa:8394+hsa:8395">
        <graphics name="PIP5KL1, PIPKH..." fgcolor="#000000" bgcolor="#BFFFBF"
             type="rectangle" x="445" y="123" width="46" height="17"/>
    </entry>
    <entry id="63" name="cpd:C04549" type="compound"
        link="http://www.kegg.jp/dbget-bin/www_bget?C04549">
        <graphics name="C04549" fgcolor="#000000" bgcolor="#FFFFFF"
             type="circle" x="612" y="595" width="8" height="8"/>
    </entry>
    <entry id="64" name="hsa:8411" type="gene"
        link="http://www.kegg.jp/dbget-bin/www_bget?hsa:8411">
        <graphics name="EEA1, MST105, MSTP105, ZFYVE2" fgcolor="#000000" bgcolor="#BFFFBF"
             type="rectangle" x="583" y="589" width="46" height="17"/>
    </entry>
    <entry id="65" name="hsa:9135" type="gene"
        link="http://www.kegg.jp/dbget-bin/www_bget?hsa:9135">
        <graphics name="RABEP1, RAB5EP, RABPT5" fgcolor="#000000" bgcolor="#BFFFBF"
             type="rectangle" x="650" y="545" width="46" height="17"/>
    </entry>
    <entry id="66" name="hsa:10564 hsa:10565 hsa:23096 hsa:23362 hsa:23550 hsa:27128 hsa:440073 hsa:5662 hsa:84249 hsa:8729 hsa:9265 hsa:9266 hsa:9267 hsa:9922" type="gene"
        link="http://www.kegg.jp/dbget-bin/www_bget?hsa:10564+hsa:10565+hsa:23096+hsa:23362+hsa:23550+hsa:27128+hsa:440073+hsa:5662+hsa:84249+hsa:8729+hsa:9265+hsa:9266+hsa:9267+hsa:9922">
        <graphics name="ARFGEF2, BIG2, PVNH2, dJ1164I10.1..." fgcolor="#000000" bgcolor="#BFFFBF"
             type="rectangle" x="170" y="554" width="46" height="17"/>
    </entry>
    <entry id="67" name="hsa:116983 hsa:116984 hsa:116985 hsa:116986 hsa:116987 hsa:116988 hsa:23527 hsa:26286 hsa:28964 hsa:50807 hsa:55616 hsa:55738 hsa:60682 hsa:64411 hsa:64744 hsa:84364 hsa:8853 hsa:9744 hsa:9815" type="gene"
        link="http://www.kegg.jp/dbget-bin/www_bget?hsa:116983+hsa:116984+hsa:116985+hsa:116986+hsa:116987+hsa:116988+hsa:23527+hsa:26286+hsa:28964+hsa:50807+hsa:55616+hsa:55738+hsa:60682+hsa:64411+hsa:64744+hsa:84364+hsa:8853+hsa:9744+hsa:9815">
        <graphics name="ACAP3, CENTB5..." fgcolor="#000000" bgcolor="#BFFFBF"
             type="rectangle" x="66" y="554" width="46" height="17"/>
    </entry>
    <entry id="68" name="path:hsa04070" type="map"
        link="http://www.kegg.jp/dbget-bin/www_bget?hsa04070">
        <graphics name="Phosphatidylinositol signaling system" fgcolor="#000000" bgcolor="#FFFFFF"
             type="roundrectangle" x="983" y="289" width="113" height="38"/>
    </entry>
    <entry id="69" name="hsa:30845" type="gene"
        link="http://www.kegg.jp/dbget-bin/www_bget?hsa:30845">
        <graphics name="EHD3, PAST3" fgcolor="#000000" bgcolor="#BFFFBF"
             type="rectangle" x="765" y="589" width="46" height="17"/>
    </entry>
    <entry id="70" name="hsa:10938" type="gene"
        link="http://www.kegg.jp/dbget-bin/www_bget?hsa:10938">
        <graphics name="EHD1, H-PAST, HPAST1, PAST, PAST1" fgcolor="#000000" bgcolor="#BFFFBF"
             type="rectangle" x="996" y="512" width="46" height="17"/>
    </entry>
    <entry id="71" name="hsa:5867" type="gene"
        link="http://www.kegg.jp/dbget-bin/www_bget?hsa:5867">
        <graphics name="RAB4A, HRES-1, HRES-1/RAB4, HRES1, RAB4" fgcolor="#000000" bgcolor="#BFFFBF"
             type="rectangle" x="708" y="545" width="46" height="17"/>
    </entry>
    <entry id="72" name="hsa:30844" type="gene"
        link="http://www.kegg.jp/dbget-bin/www_bget?hsa:30844">
        <graphics name="EHD4, PAST4" fgcolor="#000000" bgcolor="#BFFFBF"
             type="rectangle" x="651" y="589" width="46" height="17"/>
    </entry>
    <entry id="73" name="hsa:30846" type="gene"
        link="http://www.kegg.jp/dbget-bin/www_bget?hsa:30846">
        <graphics name="EHD2, PAST2" fgcolor="#000000" bgcolor="#BFFFBF"
             type="rectangle" x="293" y="315" width="46" height="17"/>
    </entry>
    <entry id="74" name="hsa:64145" type="gene"
        link="http://www.kegg.jp/dbget-bin/www_bget?hsa:64145">
        <graphics name="RBSN, Rabenosyn-5, ZFYVE20" fgcolor="#000000" bgcolor="#BFFFBF"
             type="rectangle" x="767" y="545" width="46" height="17"/>
    </entry>
    <entry id="75" name="hsa:10938" type="gene"
        link="http://www.kegg.jp/dbget-bin/www_bget?hsa:10938">
        <graphics name="EHD1, H-PAST, HPAST1, PAST, PAST1" fgcolor="#000000" bgcolor="#BFFFBF"
             type="rectangle" x="748" y="498" width="46" height="17"/>
    </entry>
    <entry id="76" name="hsa:80230" type="gene"
        link="http://www.kegg.jp/dbget-bin/www_bget?hsa:80230">
        <graphics name="RUFY1, RABIP4, ZFYVE12" fgcolor="#000000" bgcolor="#BFFFBF"
             type="rectangle" x="708" y="589" width="46" height="17"/>
    </entry>
    <entry id="77" name="hsa:11311" type="gene"
        link="http://www.kegg.jp/dbget-bin/www_bget?hsa:11311">
        <graphics name="VPS45, H1, H1VPS45, SCN5, VPS45A, VPS45B, VPS54A, VSP45, VSP45A" fgcolor="#000000" bgcolor="#BFFFBF"
             type="rectangle" x="824" y="545" width="46" height="17"/>
    </entry>
    <entry id="78" name="hsa:3105 hsa:3106 hsa:3107 hsa:3133 hsa:3134 hsa:3135" type="gene"
        link="http://www.kegg.jp/dbget-bin/www_bget?hsa:3105+hsa:3106+hsa:3107+hsa:3133+hsa:3134+hsa:3135">
        <graphics name="HLA-A, HLAA..." fgcolor="#000000" bgcolor="#BFFFBF"
             type="rectangle" x="931" y="182" width="46" height="17"/>
    </entry>
    <entry id="79" name="hsa:7879" type="gene"
        link="http://www.kegg.jp/dbget-bin/www_bget?hsa:7879">
        <graphics name="RAB7A, PRO2706, RAB7" fgcolor="#000000" bgcolor="#BFFFBF"
             type="rectangle" x="460" y="728" width="46" height="17"/>
    </entry>
    <entry id="80" name="hsa:5867" type="gene"
        link="http://www.kegg.jp/dbget-bin/www_bget?hsa:5867">
        <graphics name="RAB4A, HRES-1, HRES-1/RAB4, HRES1, RAB4" fgcolor="#000000" bgcolor="#BFFFBF"
             type="rectangle" x="497" y="399" width="46" height="17"/>
    </entry>
    <entry id="81" name="hsa:7879" type="gene"
        link="http://www.kegg.jp/dbget-bin/www_bget?hsa:7879">
        <graphics name="RAB7A, PRO2706, RAB7" fgcolor="#000000" bgcolor="#BFFFBF"
             type="rectangle" x="723" y="924" width="46" height="17"/>
    </entry>
    <entry id="82" name="hsa:7046 hsa:7048" type="gene"
        link="http://www.kegg.jp/dbget-bin/www_bget?hsa:7046+hsa:7048">
        <graphics name="TGFBR1, AAT5, ACVRLK4, ALK-5, ALK5, ESS1, LDS1, LDS1A, LDS2A, MSSE, SKR4, TBR-i, TBRI, TGFR-1, tbetaR-I..." fgcolor="#000000" bgcolor="#BFFFBF"
             type="rectangle" x="93" y="181" width="46" height="17"/>
    </entry>
    <entry id="83" name="hsa:9372 hsa:9765" type="gene"
        link="http://www.kegg.jp/dbget-bin/www_bget?hsa:9372+hsa:9765">
        <graphics name="ZFYVE9, MADHIP, NSP, PPP1R173, SARA, SMADIP..." fgcolor="#000000" bgcolor="#BFFFBF"
             type="rectangle" x="94" y="246" width="46" height="17"/>
    </entry>
    <entry id="84" name="hsa:4087 hsa:4088" type="gene"
        link="http://www.kegg.jp/dbget-bin/www_bget?hsa:4087+hsa:4088">
        <graphics name="SMAD2, JV18, JV18-1, MADH2, MADR2, hMAD-2, hSMAD2..." fgcolor="#000000" bgcolor="#BFFFBF"
             type="rectangle" x="43" y="262" width="46" height="17"/>
    </entry>
    <entry id="85" name="path:hsa04350" type="map"
        link="http://www.kegg.jp/dbget-bin/www_bget?hsa04350">
        <graphics name="TGF-beta signaling pathway" fgcolor="#000000" bgcolor="#FFFFFF"
             type="roundrectangle" x="65" y="319" width="101" height="38"/>
    </entry>
    <entry id="86" name="hsa:5371" type="gene"
        link="http://www.kegg.jp/dbget-bin/www_bget?hsa:5371">
        <graphics name="PML, MYL, PP8675, RNF71, TRIM19" fgcolor="#000000" bgcolor="#BFFFBF"
             type="rectangle" x="94" y="263" width="46" height="17"/>
    </entry>
    <entry id="87" name="hsa:857 hsa:858 hsa:859" type="gene"
        link="http://www.kegg.jp/dbget-bin/www_bget?hsa:857+hsa:858+hsa:859">
        <graphics name="CAV1, BSCL3, CGL3, LCCNS, MSTP085, PPH3, VIP21, CAV..." fgcolor="#000000" bgcolor="#BFFFBF"
             type="rectangle" x="1288" y="246" width="46" height="17"/>
    </entry>
    <entry id="88" name="hsa:3559 hsa:3560 hsa:3561" type="gene"
        link="http://www.kegg.jp/dbget-bin/www_bget?hsa:3559+hsa:3560+hsa:3561">
        <graphics name="IL2RA, CD25, IDDM10, IL2R, IMD41, TCGFR, p55..." fgcolor="#000000" bgcolor="#BFFFBF"
             type="rectangle" x="878" y="181" width="46" height="17"/>
    </entry>
    <entry id="89" name="hsa:387" type="gene"
        link="http://www.kegg.jp/dbget-bin/www_bget?hsa:387">
        <graphics name="RHOA, ARH12, ARHA, RHO12, RHOH12" fgcolor="#000000" bgcolor="#BFFFBF"
             type="rectangle" x="882" y="244" width="46" height="17"/>
    </entry>
    <entry id="90" name="hsa:23624 hsa:867 hsa:868" type="gene"
        link="http://www.kegg.jp/dbget-bin/www_bget?hsa:23624+hsa:867+hsa:868">
        <graphics name="CBLC, CBL-3, CBL-SL, RNF57..." fgcolor="#000000" bgcolor="#BFFFBF"
             type="rectangle" x="184" y="246" width="46" height="17"/>
    </entry>
    <entry id="91" name="hsa:5337 hsa:5338" type="gene"
        link="http://www.kegg.jp/dbget-bin/www_bget?hsa:5337+hsa:5338">
        <graphics name="PLD1, CVDD..." fgcolor="#000000" bgcolor="#BFFFBF"
             type="rectangle" x="881" y="144" width="46" height="17"/>
    </entry>
    <entry id="92" name="hsa:5868 hsa:5869 hsa:5878" type="gene"
        link="http://www.kegg.jp/dbget-bin/www_bget?hsa:5868+hsa:5869+hsa:5878">
        <graphics name="RAB5A, RAB5..." fgcolor="#000000" bgcolor="#BFFFBF"
             type="rectangle" x="1186" y="607" width="46" height="17"/>
    </entry>
    <entry id="93" name="hsa:6714" type="gene"
        link="http://www.kegg.jp/dbget-bin/www_bget?hsa:6714">
        <graphics name="SRC, ASV, SRC1, THC6, c-SRC, p60-Src" fgcolor="#000000" bgcolor="#BFFFBF"
             type="rectangle" x="1290" y="288" width="46" height="17"/>
    </entry>
    <entry id="94" name="hsa:2348 hsa:2350 hsa:2352 hsa:390243" type="gene"
        link="http://www.kegg.jp/dbget-bin/www_bget?hsa:2348+hsa:2350+hsa:2352+hsa:390243">
        <graphics name="FOLR1, FBP, FOLR..." fgcolor="#000000" bgcolor="#BFFFBF"
             type="rectangle" x="1119" y="182" width="46" height="17"/>
    </entry>
    <entry id="95" name="cpd:C05981" type="compound"
        link="http://www.kegg.jp/dbget-bin/www_bget?C05981">
        <graphics name="C05981" fgcolor="#000000" bgcolor="#FFFFFF"
             type="circle" x="1088" y="195" width="8" height="8"/>
    </entry>
    <entry id="96" name="cpd:C11556" type="compound"
        link="http://www.kegg.jp/dbget-bin/www_bget?C11556">
        <graphics name="C11556" fgcolor="#000000" bgcolor="#FFFFFF"
             type="circle" x="851" y="783" width="8" height="8"/>
    </entry>
    <entry id="97" name="cpd:C04637" type="compound"
        link="http://www.kegg.jp/dbget-bin/www_bget?C04637">
        <graphics name="C04637" fgcolor="#000000" bgcolor="#FFFFFF"
             type="circle" x="989" y="205" width="8" height="8"/>
    </entry>
    <entry id="98" name="cpd:C04637" type="compound"
        link="http://www.kegg.jp/dbget-bin/www_bget?C04637">
        <graphics name="C04637" fgcolor="#000000" bgcolor="#FFFFFF"
             type="circle" x="1088" y="329" width="8" height="8"/>
    </entry>
    <entry id="99" name="cpd:C04637" type="compound"
        link="http://www.kegg.jp/dbget-bin/www_bget?C04637">
        <graphics name="C04637" fgcolor="#000000" bgcolor="#FFFFFF"
             type="circle" x="449" y="194" width="8" height="8"/>
    </entry>
    <entry id="100" name="hsa:91782" type="gene"
        link="http://www.kegg.jp/dbget-bin/www_bget?hsa:91782">
        <graphics name="CHMP7" fgcolor="#000000" bgcolor="#BFFFBF"
             type="rectangle" x="794" y="739" width="46" height="17"/>
    </entry>
    <entry id="101" name="hsa:375 hsa:377 hsa:381 hsa:382" type="gene"
        link="http://www.kegg.jp/dbget-bin/www_bget?hsa:375+hsa:377+hsa:381+hsa:382">
        <graphics name="ARF1..." fgcolor="#000000" bgcolor="#BFFFBF"
             type="rectangle" x="104" y="509" width="46" height="17"/>
    </entry>
    <entry id="102" name="hsa:375 hsa:377 hsa:381 hsa:382" type="gene"
        link="http://www.kegg.jp/dbget-bin/www_bget?hsa:375+hsa:377+hsa:381+hsa:382">
        <graphics name="ARF1..." fgcolor="#000000" bgcolor="#BFFFBF"
             type="rectangle" x="104" y="627" width="46" height="17"/>
    </entry>
    <entry id="103" name="cpd:C00035" type="compound"
        link="http://www.kegg.jp/dbget-bin/www_bget?C00035">
        <graphics name="C00035" fgcolor="#000000" bgcolor="#FFFFFF"
             type="circle" x="134" y="508" width="8" height="8"/>
    </entry>
    <entry id="104" name="cpd:C00044" type="compound"
        link="http://www.kegg.jp/dbget-bin/www_bget?C00044">
        <graphics name="C00044" fgcolor="#000000" bgcolor="#FFFFFF"
             type="circle" x="134" y="627" width="8" height="8"/>
    </entry>
    <entry id="105" name="hsa:118813" type="gene"
        link="http://www.kegg.jp/dbget-bin/www_bget?hsa:118813">
        <graphics name="ZFYVE27, PROTRUDIN, SPG33" fgcolor="#000000" bgcolor="#BFFFBF"
             type="rectangle" x="758" y="459" width="46" height="17"/>
    </entry>
    <entry id="106" name="hsa:3798 hsa:3799 hsa:3800" type="gene"
        link="http://www.kegg.jp/dbget-bin/www_bget?hsa:3798+hsa:3799+hsa:3800">
        <graphics name="KIF5A, D12S1889, MY050, NEIMY, NKHC, SPG10..." fgcolor="#000000" bgcolor="#BFFFBF"
             type="rectangle" x="804" y="459" width="46" height="17"/>
    </entry>
    <entry id="107" name="hsa:100287171" type="gene"
        link="http://www.kegg.jp/dbget-bin/www_bget?hsa:100287171">
        <graphics name="WASHC1, FAM39E, WASH, WASH1" fgcolor="#000000" bgcolor="#BFFFBF"
             type="rectangle" x="363" y="648" width="46" height="17"/>
    </entry>
    <entry id="108" name="hsa:253725 hsa:387680" type="gene"
        link="http://www.kegg.jp/dbget-bin/www_bget?hsa:253725+hsa:387680">
        <graphics name="WASHC2C, FAM21A, FAM21C, VPEF..." fgcolor="#000000" bgcolor="#BFFFBF"
             type="rectangle" x="409" y="647" width="46" height="17"/>
    </entry>
    <entry id="109" name="hsa:51019" type="gene"
        link="http://www.kegg.jp/dbget-bin/www_bget?hsa:51019">
        <graphics name="WASHC3, CCDC53, CGI-116" fgcolor="#000000" bgcolor="#BFFFBF"
             type="rectangle" x="387" y="664" width="46" height="17"/>
    </entry>
    <entry id="110" name="hsa:23325" type="gene"
        link="http://www.kegg.jp/dbget-bin/www_bget?hsa:23325">
        <graphics name="WASHC4, KIAA1033, MRT43, SWIP" fgcolor="#000000" bgcolor="#BFFFBF"
             type="rectangle" x="409" y="614" width="46" height="17"/>
    </entry>
    <entry id="111" name="hsa:9897" type="gene"
        link="http://www.kegg.jp/dbget-bin/www_bget?hsa:9897">
        <graphics name="WASHC5, KIAA0196, RTSC, RTSC1, SPG8" fgcolor="#000000" bgcolor="#BFFFBF"
             type="rectangle" x="409" y="631" width="46" height="17"/>
    </entry>
    <entry id="112" name="hsa:829 hsa:830 hsa:93661" type="gene"
        link="http://www.kegg.jp/dbget-bin/www_bget?hsa:829+hsa:830+hsa:93661">
        <graphics name="CAPZA1, CAPPA1, CAPZ, CAZ1..." fgcolor="#000000" bgcolor="#BFFFBF"
             type="rectangle" x="339" y="622" width="46" height="17"/>
    </entry>
    <entry id="113" name="hsa:23111" type="gene"
        link="http://www.kegg.jp/dbget-bin/www_bget?hsa:23111">
        <graphics name="SPART, SPG20, TAHCCP1" fgcolor="#000000" bgcolor="#BFFFBF"
             type="rectangle" x="235" y="280" width="46" height="17"/>
    </entry>
    <entry id="114" name="hsa:832" type="gene"
        link="http://www.kegg.jp/dbget-bin/www_bget?hsa:832">
        <graphics name="CAPZB, CAPB, CAPPB, CAPZ" fgcolor="#000000" bgcolor="#BFFFBF"
             type="rectangle" x="339" y="605" width="46" height="17"/>
    </entry>
    <entry id="115" name="hsa:11021" type="gene"
        link="http://www.kegg.jp/dbget-bin/www_bget?hsa:11021">
        <graphics name="RAB35, H-ray, RAB1C, RAY" fgcolor="#000000" bgcolor="#BFFFBF"
             type="rectangle" x="551" y="399" width="46" height="17"/>
    </entry>
    <entry id="116" name="hsa:10890" type="gene"
        link="http://www.kegg.jp/dbget-bin/www_bget?hsa:10890">
        <graphics name="RAB10" fgcolor="#000000" bgcolor="#BFFFBF"
             type="rectangle" x="824" y="522" width="46" height="17"/>
    </entry>
    <entry id="117" name="hsa:8723" type="gene"
        link="http://www.kegg.jp/dbget-bin/www_bget?hsa:8723">
        <graphics name="SNX4, ATG24B" fgcolor="#000000" bgcolor="#BFFFBF"
             type="rectangle" x="824" y="567" width="46" height="17"/>
    </entry>
    <entry id="118" name="hsa:112936 hsa:9559" type="gene"
        link="http://www.kegg.jp/dbget-bin/www_bget?hsa:112936+hsa:9559">
        <graphics name="VPS26B, Pep8b..." fgcolor="#000000" bgcolor="#BFFFBF"
             type="rectangle" x="568" y="692" width="46" height="17"/>
    </entry>
    <entry id="119" name="hsa:11031 hsa:57403" type="gene"
        link="http://www.kegg.jp/dbget-bin/www_bget?hsa:11031+hsa:57403">
        <graphics name="RAB31, Rab22B..." fgcolor="#000000" bgcolor="#BFFFBF"
             type="rectangle" x="824" y="500" width="46" height="17"/>
    </entry>
    <entry id="120" name="hsa:51699" type="gene"
        link="http://www.kegg.jp/dbget-bin/www_bget?hsa:51699">
        <graphics name="VPS29, DC15, DC7, PEP11" fgcolor="#000000" bgcolor="#BFFFBF"
             type="rectangle" x="522" y="692" width="46" height="17"/>
    </entry>
    <entry id="121" name="hsa:55737" type="gene"
        link="http://www.kegg.jp/dbget-bin/www_bget?hsa:55737">
        <graphics name="VPS35, MEM3, PARK17" fgcolor="#000000" bgcolor="#BFFFBF"
             type="rectangle" x="614" y="692" width="46" height="17"/>
    </entry>
    <entry id="122" name="hsa:4218" type="gene"
        link="http://www.kegg.jp/dbget-bin/www_bget?hsa:4218">
        <graphics name="RAB8A, MEL, RAB8" fgcolor="#000000" bgcolor="#BFFFBF"
             type="rectangle" x="877" y="545" width="46" height="17"/>
    </entry>
    <entry id="123" name="hsa:84440 hsa:9727" type="gene"
        link="http://www.kegg.jp/dbget-bin/www_bget?hsa:84440+hsa:9727">
        <graphics name="RAB11FIP4, FIP4-Rab11, RAB11-FIP4..." fgcolor="#000000" bgcolor="#BFFFBF"
             type="rectangle" x="959" y="619" width="46" height="17"/>
    </entry>
    <entry id="124" name="hsa:8766 hsa:9230" type="gene"
        link="http://www.kegg.jp/dbget-bin/www_bget?hsa:8766+hsa:9230">
        <graphics name="RAB11A, YL8..." fgcolor="#000000" bgcolor="#BFFFBF"
             type="rectangle" x="982" y="593" width="46" height="17"/>
    </entry>
    <entry id="125" name="hsa:11021" type="gene"
        link="http://www.kegg.jp/dbget-bin/www_bget?hsa:11021">
        <graphics name="RAB35, H-ray, RAB1C, RAY" fgcolor="#000000" bgcolor="#BFFFBF"
             type="rectangle" x="877" y="567" width="46" height="17"/>
    </entry>
    <entry id="126" name="hsa:273 hsa:274" type="gene"
        link="http://www.kegg.jp/dbget-bin/www_bget?hsa:273+hsa:274">
        <graphics name="AMPH, AMPH1..." fgcolor="#000000" bgcolor="#BFFFBF"
             type="rectangle" x="184" y="327" width="46" height="17"/>
    </entry>
    <entry id="127" name="hsa:51324" type="gene"
        link="http://www.kegg.jp/dbget-bin/www_bget?hsa:51324">
        <graphics name="SPG21, ACP33, BM-019, GL010, MAST" fgcolor="#000000" bgcolor="#BFFFBF"
             type="rectangle" x="365" y="867" width="46" height="17"/>
    </entry>
    <entry id="128" name="hsa:10092 hsa:10093 hsa:10094 hsa:10095 hsa:10109 hsa:10552 hsa:81873" type="gene"
        link="http://www.kegg.jp/dbget-bin/www_bget?hsa:10092+hsa:10093+hsa:10094+hsa:10095+hsa:10109+hsa:10552+hsa:81873">
        <graphics name="ARPC5, ARC16, dJ127C7.3, p16-Arc..." fgcolor="#000000" bgcolor="#BFFFBF"
             type="rectangle" x="304" y="648" width="46" height="17"/>
    </entry>
    <entry id="129" name="hsa:29934 hsa:8724" type="gene"
        link="http://www.kegg.jp/dbget-bin/www_bget?hsa:29934+hsa:8724">
        <graphics name="SNX12..." fgcolor="#000000" bgcolor="#BFFFBF"
             type="rectangle" x="523" y="716" width="45" height="17"/>
    </entry>
    <entry id="130" name="path:hsa04130" type="map"
        link="http://www.kegg.jp/dbget-bin/www_bget?hsa04130">
        <graphics name="SNARE interactions in vesicular transport" fgcolor="#000000" bgcolor="#FFFFFF"
             type="roundrectangle" x="283" y="850" width="110" height="38"/>
    </entry>
    <entry id="131" name="hsa:6642 hsa:6643" type="gene"
        link="http://www.kegg.jp/dbget-bin/www_bget?hsa:6642+hsa:6643">
        <graphics name="SNX1, HsT17379, VPS5..." fgcolor="#000000" bgcolor="#BFFFBF"
             type="rectangle" x="423" y="912" width="46" height="17"/>
    </entry>
    <entry id="132" name="hsa:254122 hsa:27131 hsa:58533" type="gene"
        link="http://www.kegg.jp/dbget-bin/www_bget?hsa:254122+hsa:27131+hsa:58533">
        <graphics name="SNX32, SNX6B..." fgcolor="#000000" bgcolor="#BFFFBF"
             type="rectangle" x="469" y="912" width="46" height="17"/>
    </entry>
    <entry id="133" name="hsa:3482" type="gene"
        link="http://www.kegg.jp/dbget-bin/www_bget?hsa:3482">
        <graphics name="IGF2R, CD222, CI-M6PR, CIMPR, M6P-R, M6P/IGF2R, MPR_300, MPR1, MPR300, MPRI" fgcolor="#000000" bgcolor="#BFFFBF"
             type="rectangle" x="402" y="889" width="46" height="17"/>
    </entry>
    <entry id="134" name="hsa:7454 hsa:8976" type="gene"
        link="http://www.kegg.jp/dbget-bin/www_bget?hsa:7454+hsa:8976">
        <graphics name="WAS, IMD2, SCNX, THC, THC1, WASP, WASPA..." fgcolor="#000000" bgcolor="#BFFFBF"
             type="rectangle" x="413" y="329" width="46" height="17"/>
    </entry>
    <entry id="135" name="hsa:147179 hsa:644150 hsa:7456" type="gene"
        link="http://www.kegg.jp/dbget-bin/www_bget?hsa:147179+hsa:644150+hsa:7456">
        <graphics name="WIPF2, WICH, WIRE..." fgcolor="#000000" bgcolor="#BFFFBF"
             type="rectangle" x="413" y="358" width="46" height="17"/>
    </entry>
    <entry id="136" name="hsa:10092 hsa:10093 hsa:10094 hsa:10095 hsa:10109 hsa:10552 hsa:81873" type="gene"
        link="http://www.kegg.jp/dbget-bin/www_bget?hsa:10092+hsa:10093+hsa:10094+hsa:10095+hsa:10109+hsa:10552+hsa:81873">
        <graphics name="ARPC5, ARC16, dJ127C7.3, p16-Arc..." fgcolor="#000000" bgcolor="#BFFFBF"
             type="rectangle" x="472" y="329" width="46" height="17"/>
    </entry>
    <entry id="137" name="hsa:9798" type="gene"
        link="http://www.kegg.jp/dbget-bin/www_bget?hsa:9798">
        <graphics name="IST1, OLC1, KIAA0174" fgcolor="#000000" bgcolor="#BFFFBF"
             type="rectangle" x="847" y="698" width="46" height="17"/>
    </entry>
    <entry id="138" name="hsa:7314" type="gene"
        link="http://www.kegg.jp/dbget-bin/www_bget?hsa:7314">
        <graphics name="UBB, HEL-S-50" fgcolor="#000000" bgcolor="#BFFFBF"
             type="rectangle" x="265" y="407" width="46" height="17"/>
    </entry>
    <entry id="139" name="undefined" type="group">
        <graphics fgcolor="#000000" bgcolor="#FFFFFF"
             type="rectangle" x="583" y="255" width="46" height="34"/>
        <component id="55"/>
        <component id="56"/>
    </entry>
    <entry id="140" name="undefined" type="group">
        <graphics fgcolor="#000000" bgcolor="#FFFFFF"
             type="rectangle" x="235" y="254" width="46" height="34"/>
        <component id="43"/>
        <component id="44"/>
    </entry>
    <entry id="141" name="undefined" type="group">
        <graphics fgcolor="#000000" bgcolor="#FFFFFF"
             type="rectangle" x="184" y="263" width="46" height="51"/>
        <component id="53"/>
        <component id="54"/>
        <component id="90"/>
    </entry>
    <entry id="142" name="undefined" type="group">
        <graphics fgcolor="#000000" bgcolor="#FFFFFF"
             type="rectangle" x="532" y="255" width="46" height="34"/>
        <component id="49"/>
        <component id="50"/>
    </entry>
    <entry id="143" name="undefined" type="group">
        <graphics fgcolor="#000000" bgcolor="#FFFFFF"
             type="rectangle" x="916" y="723" width="46" height="33"/>
        <component id="29"/>
        <component id="30"/>
    </entry>
    <entry id="144" name="undefined" type="group">
        <graphics fgcolor="#000000" bgcolor="#FFFFFF"
             type="rectangle" x="292" y="277" width="46" height="34"/>
        <component id="12"/>
        <component id="13"/>
    </entry>
    <relation entry1="10" entry2="52" type="PPrel">
        <subtype name="ubiquitination" value="+u"/>
    </relation>
    <relation entry1="139" entry2="51" type="PPrel">
        <subtype name="phosphorylation" value="+p"/>
    </relation>
    <relation entry1="140" entry2="52" type="PPrel">
        <subtype name="binding/association" value="---"/>
    </relation>
    <relation entry1="141" entry2="52" type="PPrel">
        <subtype name="binding/association" value="---"/>
    </relation>
    <relation entry1="142" entry2="11" type="PPrel">
        <subtype name="binding/association" value="---"/>
    </relation>
    <relation entry1="74" entry2="71" type="PPrel">
        <subtype name="binding/association" value="---"/>
    </relation>
    <relation entry1="71" entry2="76" type="PPrel">
        <subtype name="binding/association" value="---"/>
    </relation>
    <relation entry1="69" entry2="74" type="PPrel">
        <subtype name="binding/association" value="---"/>
    </relation>
    <relation entry1="74" entry2="75" type="PPrel">
        <subtype name="binding/association" value="---"/>
    </relation>
    <relation entry1="75" entry2="58" type="PPrel">
        <subtype name="binding/association" value="---"/>
    </relation>
    <relation entry1="58" entry2="39" type="PPrel">
        <subtype name="binding/association" value="---"/>
    </relation>
    <relation entry1="14" entry2="28" type="PPrel">
        <subtype name="binding/association" value="---"/>
    </relation>
    <relation entry1="25" entry2="28" type="PPrel">
        <subtype name="binding/association" value="---"/>
    </relation>
    <relation entry1="3" entry2="2" type="PPrel">
        <subtype name="binding/association" value="---"/>
    </relation>
    <relation entry1="29" entry2="30" type="PPrel">
        <subtype name="binding/association" value="---"/>
    </relation>
    <relation entry1="26" entry2="143" type="PPrel">
        <subtype name="binding/association" value="---"/>
    </relation>
    <relation entry1="31" entry2="29" type="PPrel">
        <subtype name="binding/association" value="---"/>
    </relation>
    <relation entry1="26" entry2="27" type="PPrel">
        <subtype name="binding/association" value="---"/>
    </relation>
    <relation entry1="100" entry2="25" type="PPrel">
        <subtype name="binding/association" value="---"/>
    </relation>
    <relation entry1="82" entry2="84" type="PPrel">
        <subtype name="phosphorylation" value="+p"/>
    </relation>
    <relation entry1="144" entry2="73" type="PPrel">
        <subtype name="binding/association" value="---"/>
    </relation>
    <relation entry1="93" entry2="87" type="PPrel">
        <subtype name="phosphorylation" value="+p"/>
    </relation>
    <relation entry1="89" entry2="88" type="PPrel">
        <subtype name="binding/association" value="---"/>
    </relation>
    <relation entry1="77" entry2="74" type="PPrel">
        <subtype name="binding/association" value="---"/>
    </relation>
</pathway>
