<?xml version="1.0"?>
<!DOCTYPE pathway SYSTEM "http://www.kegg.jp/kegg/xml/KGML_v0.7.2_.dtd">
<!-- Creation date: Sep 7, 2016 11:15:28 +0900 (GMT+9) -->
<pathway name="path:hsa04918" org="hsa" number="04918"
         title="Thyroid hormone synthesis"
         image="http://www.kegg.jp/kegg/pathway/hsa/hsa04918.png"
         link="http://www.kegg.jp/kegg-bin/show_pathway?hsa04918">
    <entry id="1" name="path:hsa04918" type="map"
        link="http://www.kegg.jp/dbget-bin/www_bget?hsa04918">
        <graphics name="TITLE:Thyroid hormone synthesis" fgcolor="#000000" bgcolor="#FFFFFF"
             type="roundrectangle" x="171" y="58" width="261" height="25"/>
    </entry>
    <entry id="2" name="path:hsa04530" type="map"
        link="http://www.kegg.jp/dbget-bin/www_bget?hsa04530">
        <graphics name="Tight junction" fgcolor="#000000" bgcolor="#FFFFFF"
             type="roundrectangle" x="667" y="157" width="115" height="25"/>
    </entry>
    <entry id="3" name="hsa:5566 hsa:5567 hsa:5568" type="gene"
        link="http://www.kegg.jp/dbget-bin/www_bget?hsa:5566+hsa:5567+hsa:5568">
        <graphics name="PRKACA, PKACA, PPNAD4..." fgcolor="#000000" bgcolor="#BFFFBF"
             type="rectangle" x="505" y="331" width="46" height="17"/>
    </entry>
    <entry id="4" name="hsa:1081 hsa:7252" type="gene"
        link="http://www.kegg.jp/dbget-bin/www_bget?hsa:1081+hsa:7252">
        <graphics name="CGA, CG-ALPHA, FSHA, GPHA1, GPHa, HCG, LHA, TSHA..." fgcolor="#000000" bgcolor="#BFFFBF"
             type="rectangle" x="161" y="356" width="46" height="17"/>
    </entry>
    <entry id="5" name="hsa:7253" type="gene"
        link="http://www.kegg.jp/dbget-bin/www_bget?hsa:7253">
        <graphics name="TSHR, CHNG1, LGR3, hTSHR-I" fgcolor="#000000" bgcolor="#BFFFBF"
             type="rectangle" x="244" y="357" width="46" height="17"/>
    </entry>
    <entry id="6" name="hsa:2776" type="gene"
        link="http://www.kegg.jp/dbget-bin/www_bget?hsa:2776">
        <graphics name="GNAQ, CMC1, G-ALPHA-q, GAQ, SWS" fgcolor="#000000" bgcolor="#BFFFBF"
             type="rectangle" x="312" y="386" width="46" height="17"/>
    </entry>
    <entry id="7" name="hsa:23236 hsa:5330 hsa:5331 hsa:5332" type="gene"
        link="http://www.kegg.jp/dbget-bin/www_bget?hsa:23236+hsa:5330+hsa:5331+hsa:5332">
        <graphics name="PLCB1, EIEE12, PI-PLC, PLC-154, PLC-I, PLC-beta-1, PLC154, PLCB1A, PLCB1B..." fgcolor="#000000" bgcolor="#BFFFBF"
             type="rectangle" x="387" y="386" width="46" height="17"/>
    </entry>
    <entry id="8" name="hsa:2778" type="gene"
        link="http://www.kegg.jp/dbget-bin/www_bget?hsa:2778">
        <graphics name="GNAS, AHO, C20orf45, GNAS1, GPSA, GSA, GSP, NESP, POH, SCG6, SgVI" fgcolor="#000000" bgcolor="#BFFFBF"
             type="rectangle" x="312" y="331" width="46" height="17"/>
    </entry>
    <entry id="9" name="hsa:107 hsa:108 hsa:109 hsa:111 hsa:112 hsa:113 hsa:114 hsa:115 hsa:196883" type="gene"
        link="http://www.kegg.jp/dbget-bin/www_bget?hsa:107+hsa:108+hsa:109+hsa:111+hsa:112+hsa:113+hsa:114+hsa:115+hsa:196883">
        <graphics name="ADCY1, AC1, DFNB44..." fgcolor="#000000" bgcolor="#BFFFBF"
             type="rectangle" x="388" y="331" width="46" height="17"/>
    </entry>
    <entry id="10" name="hsa:7038" type="gene"
        link="http://www.kegg.jp/dbget-bin/www_bget?hsa:7038">
        <graphics name="TG, AITD3, TGN" fgcolor="#000000" bgcolor="#BFFFBF"
             type="rectangle" x="676" y="430" width="46" height="17"/>
    </entry>
    <entry id="11" name="hsa:6528" type="gene"
        link="http://www.kegg.jp/dbget-bin/www_bget?hsa:6528">
        <graphics name="SLC5A5, NIS, TDH1" fgcolor="#000000" bgcolor="#BFFFBF"
             type="rectangle" x="244" y="556" width="46" height="17"/>
    </entry>
    <entry id="12" name="hsa:23439 hsa:476 hsa:477 hsa:478 hsa:480 hsa:481 hsa:482 hsa:483 hsa:486" type="gene"
        link="http://www.kegg.jp/dbget-bin/www_bget?hsa:23439+hsa:476+hsa:477+hsa:478+hsa:480+hsa:481+hsa:482+hsa:483+hsa:486">
        <graphics name="ATP1B4..." fgcolor="#000000" bgcolor="#BFFFBF"
             type="rectangle" x="245" y="654" width="46" height="17"/>
    </entry>
    <entry id="13" name="hsa:5172" type="gene"
        link="http://www.kegg.jp/dbget-bin/www_bget?hsa:5172">
        <graphics name="SLC26A4, DFNB4, EVA, PDS, TDH2B" fgcolor="#000000" bgcolor="#BFFFBF"
             type="rectangle" x="770" y="556" width="46" height="17"/>
    </entry>
    <entry id="14" name="hsa:50506" type="gene"
        link="http://www.kegg.jp/dbget-bin/www_bget?hsa:50506">
        <graphics name="DUOX2, LNOX2, NOXEF2, P138-TOX, TDH6, THOX2" fgcolor="#000000" bgcolor="#BFFFBF"
             type="rectangle" x="770" y="645" width="46" height="17"/>
    </entry>
    <entry id="15" name="hsa:7173" type="gene"
        link="http://www.kegg.jp/dbget-bin/www_bget?hsa:7173">
        <graphics name="TPO, MSA, TDH2A, TPX" fgcolor="#000000" bgcolor="#BFFFBF"
             type="rectangle" x="770" y="592" width="46" height="17"/>
    </entry>
    <entry id="16" name="hsa:389434" type="gene"
        link="http://www.kegg.jp/dbget-bin/www_bget?hsa:389434">
        <graphics name="IYD, C6orf71, DEHAL1, IYD-1, TDH4" fgcolor="#000000" bgcolor="#BFFFBF"
             type="rectangle" x="409" y="627" width="46" height="17"/>
    </entry>
    <entry id="17" name="cpd:C00165" type="compound"
        link="http://www.kegg.jp/dbget-bin/www_bget?C00165">
        <graphics name="C00165" fgcolor="#000000" bgcolor="#FFFFFF"
             type="circle" x="446" y="386" width="8" height="8"/>
    </entry>
    <entry id="18" name="cpd:C01245" type="compound"
        link="http://www.kegg.jp/dbget-bin/www_bget?C01245">
        <graphics name="C01245" fgcolor="#000000" bgcolor="#FFFFFF"
             type="circle" x="446" y="424" width="8" height="8"/>
    </entry>
    <entry id="19" name="cpd:C00575" type="compound"
        link="http://www.kegg.jp/dbget-bin/www_bget?C00575">
        <graphics name="C00575" fgcolor="#000000" bgcolor="#FFFFFF"
             type="circle" x="445" y="331" width="8" height="8"/>
    </entry>
    <entry id="20" name="hsa:5578 hsa:5579 hsa:5582" type="gene"
        link="http://www.kegg.jp/dbget-bin/www_bget?hsa:5578+hsa:5579+hsa:5582">
        <graphics name="PRKCA, AAG6, PKC-alpha, PKCA, PRKACA..." fgcolor="#000000" bgcolor="#BFFFBF"
             type="rectangle" x="505" y="386" width="46" height="17"/>
    </entry>
    <entry id="21" name="hsa:7270" type="gene"
        link="http://www.kegg.jp/dbget-bin/www_bget?hsa:7270">
        <graphics name="TTF1, TTF-1, TTF-I" fgcolor="#000000" bgcolor="#BFFFBF"
             type="rectangle" x="602" y="326" width="46" height="17"/>
    </entry>
    <entry id="22" name="hsa:8458" type="gene"
        link="http://www.kegg.jp/dbget-bin/www_bget?hsa:8458">
        <graphics name="TTF2, HuF2, ZGRF6" fgcolor="#000000" bgcolor="#BFFFBF"
             type="rectangle" x="602" y="349" width="46" height="17"/>
    </entry>
    <entry id="23" name="hsa:7849" type="gene"
        link="http://www.kegg.jp/dbget-bin/www_bget?hsa:7849">
        <graphics name="PAX8" fgcolor="#000000" bgcolor="#BFFFBF"
             type="rectangle" x="602" y="373" width="46" height="17"/>
    </entry>
    <entry id="24" name="hsa:10488 hsa:1385 hsa:1386 hsa:1388 hsa:148327 hsa:468 hsa:64764 hsa:84699 hsa:90993 hsa:9586" type="gene"
        link="http://www.kegg.jp/dbget-bin/www_bget?hsa:10488+hsa:1385+hsa:1386+hsa:1388+hsa:148327+hsa:468+hsa:64764+hsa:84699+hsa:90993+hsa:9586">
        <graphics name="CREB3, LUMAN, LZIP, sLZIP..." fgcolor="#000000" bgcolor="#BFFFBF"
             type="rectangle" x="602" y="396" width="46" height="17"/>
    </entry>
    <entry id="25" name="cpd:C01330" type="compound"
        link="http://www.kegg.jp/dbget-bin/www_bget?C01330">
        <graphics name="C01330" fgcolor="#000000" bgcolor="#FFFFFF"
             type="circle" x="306" y="561" width="8" height="8"/>
    </entry>
    <entry id="26" name="cpd:C00708" type="compound"
        link="http://www.kegg.jp/dbget-bin/www_bget?C00708">
        <graphics name="C00708" fgcolor="#000000" bgcolor="#FFFFFF"
             type="circle" x="171" y="551" width="8" height="8"/>
    </entry>
    <entry id="27" name="cpd:C00708" type="compound"
        link="http://www.kegg.jp/dbget-bin/www_bget?C00708">
        <graphics name="C00708" fgcolor="#000000" bgcolor="#FFFFFF"
             type="circle" x="832" y="554" width="8" height="8"/>
    </entry>
    <entry id="28" name="hsa:7038" type="gene"
        link="http://www.kegg.jp/dbget-bin/www_bget?hsa:7038">
        <graphics name="TG, AITD3, TGN" fgcolor="#000000" bgcolor="#BFFFBF"
             type="rectangle" x="935" y="698" width="46" height="17"/>
    </entry>
    <entry id="29" name="cpd:C02515" type="compound"
        link="http://www.kegg.jp/dbget-bin/www_bget?C02515">
        <graphics name="C02515" fgcolor="#000000" bgcolor="#FFFFFF"
             type="circle" x="907" y="667" width="8" height="8"/>
    </entry>
    <entry id="30" name="cpd:C01060" type="compound"
        link="http://www.kegg.jp/dbget-bin/www_bget?C01060">
        <graphics name="C01060" fgcolor="#000000" bgcolor="#FFFFFF"
             type="circle" x="961" y="667" width="8" height="8"/>
    </entry>
    <entry id="31" name="hsa:7038" type="gene"
        link="http://www.kegg.jp/dbget-bin/www_bget?hsa:7038">
        <graphics name="TG, AITD3, TGN" fgcolor="#000000" bgcolor="#BFFFBF"
             type="rectangle" x="935" y="782" width="46" height="17"/>
    </entry>
    <entry id="32" name="cpd:C02515" type="compound"
        link="http://www.kegg.jp/dbget-bin/www_bget?C02515">
        <graphics name="C02515" fgcolor="#000000" bgcolor="#FFFFFF"
             type="circle" x="907" y="753" width="8" height="8"/>
    </entry>
    <entry id="33" name="cpd:C01060" type="compound"
        link="http://www.kegg.jp/dbget-bin/www_bget?C01060">
        <graphics name="C01060" fgcolor="#000000" bgcolor="#FFFFFF"
             type="circle" x="961" y="753" width="8" height="8"/>
    </entry>
    <entry id="34" name="cpd:C01829" type="compound"
        link="http://www.kegg.jp/dbget-bin/www_bget?C01829">
        <graphics name="C01829" fgcolor="#000000" bgcolor="#FFFFFF"
             type="circle" x="961" y="812" width="8" height="8"/>
    </entry>
    <entry id="35" name="cpd:C02465" type="compound"
        link="http://www.kegg.jp/dbget-bin/www_bget?C02465">
        <graphics name="C02465" fgcolor="#000000" bgcolor="#FFFFFF"
             type="circle" x="907" y="812" width="8" height="8"/>
    </entry>
    <entry id="36" name="hsa:7038" type="gene"
        link="http://www.kegg.jp/dbget-bin/www_bget?hsa:7038">
        <graphics name="TG, AITD3, TGN" fgcolor="#000000" bgcolor="#BFFFBF"
             type="rectangle" x="453" y="786" width="46" height="17"/>
    </entry>
    <entry id="37" name="cpd:C02515" type="compound"
        link="http://www.kegg.jp/dbget-bin/www_bget?C02515">
        <graphics name="C02515" fgcolor="#000000" bgcolor="#FFFFFF"
             type="circle" x="425" y="757" width="8" height="8"/>
    </entry>
    <entry id="38" name="cpd:C01060" type="compound"
        link="http://www.kegg.jp/dbget-bin/www_bget?C01060">
        <graphics name="C01060" fgcolor="#000000" bgcolor="#FFFFFF"
             type="circle" x="479" y="754" width="8" height="8"/>
    </entry>
    <entry id="39" name="cpd:C01829" type="compound"
        link="http://www.kegg.jp/dbget-bin/www_bget?C01829">
        <graphics name="C01829" fgcolor="#000000" bgcolor="#FFFFFF"
             type="circle" x="479" y="813" width="8" height="8"/>
    </entry>
    <entry id="40" name="cpd:C02465" type="compound"
        link="http://www.kegg.jp/dbget-bin/www_bget?C02465">
        <graphics name="C02465" fgcolor="#000000" bgcolor="#FFFFFF"
             type="circle" x="430" y="816" width="8" height="8"/>
    </entry>
    <entry id="41" name="cpd:C02465" type="compound"
        link="http://www.kegg.jp/dbget-bin/www_bget?C02465">
        <graphics name="C02465" fgcolor="#000000" bgcolor="#FFFFFF"
             type="circle" x="309" y="829" width="8" height="8"/>
    </entry>
    <entry id="42" name="cpd:C01829" type="compound"
        link="http://www.kegg.jp/dbget-bin/www_bget?C01829">
        <graphics name="C01829" fgcolor="#000000" bgcolor="#FFFFFF"
             type="circle" x="309" y="806" width="8" height="8"/>
    </entry>
    <entry id="43" name="cpd:C02465" type="compound"
        link="http://www.kegg.jp/dbget-bin/www_bget?C02465">
        <graphics name="C02465" fgcolor="#000000" bgcolor="#FFFFFF"
             type="circle" x="183" y="829" width="8" height="8"/>
    </entry>
    <entry id="44" name="cpd:C01829" type="compound"
        link="http://www.kegg.jp/dbget-bin/www_bget?C01829">
        <graphics name="C01829" fgcolor="#000000" bgcolor="#FFFFFF"
             type="circle" x="183" y="806" width="8" height="8"/>
    </entry>
    <entry id="45" name="cpd:C02515" type="compound"
        link="http://www.kegg.jp/dbget-bin/www_bget?C02515">
        <graphics name="C02515" fgcolor="#000000" bgcolor="#FFFFFF"
             type="circle" x="420" y="660" width="8" height="8"/>
    </entry>
    <entry id="46" name="cpd:C01060" type="compound"
        link="http://www.kegg.jp/dbget-bin/www_bget?C01060">
        <graphics name="C01060" fgcolor="#000000" bgcolor="#FFFFFF"
             type="circle" x="454" y="661" width="8" height="8"/>
    </entry>
    <entry id="47" name="path:hsa00350" type="map"
        link="http://www.kegg.jp/dbget-bin/www_bget?hsa00350">
        <graphics name="Tyrosine metabolism" fgcolor="#000000" bgcolor="#FFFFFF"
             type="roundrectangle" x="1047" y="692" width="127" height="25"/>
    </entry>
    <entry id="48" name="path:hsa04142" type="map"
        link="http://www.kegg.jp/dbget-bin/www_bget?hsa04142">
        <graphics name="Lysosome" fgcolor="#000000" bgcolor="#FFFFFF"
             type="roundrectangle" x="558" y="813" width="84" height="25"/>
    </entry>
    <entry id="49" name="cpd:C01330" type="compound"
        link="http://www.kegg.jp/dbget-bin/www_bget?C01330">
        <graphics name="C01330" fgcolor="#000000" bgcolor="#FFFFFF"
             type="circle" x="169" y="650" width="8" height="8"/>
    </entry>
    <entry id="50" name="cpd:C00238" type="compound"
        link="http://www.kegg.jp/dbget-bin/www_bget?C00238">
        <graphics name="C00238" fgcolor="#000000" bgcolor="#FFFFFF"
             type="circle" x="302" y="655" width="8" height="8"/>
    </entry>
    <entry id="51" name="cpd:C00708" type="compound"
        link="http://www.kegg.jp/dbget-bin/www_bget?C00708">
        <graphics name="C00708" fgcolor="#000000" bgcolor="#FFFFFF"
             type="circle" x="438" y="581" width="8" height="8"/>
    </entry>
    <entry id="52" name="hsa:405753" type="gene"
        link="http://www.kegg.jp/dbget-bin/www_bget?hsa:405753">
        <graphics name="DUOXA2, SIMNIPHOM, TDH5" fgcolor="#000000" bgcolor="#BFFFBF"
             type="rectangle" x="771" y="697" width="46" height="17"/>
    </entry>
    <entry id="53" name="cpd:C00005" type="compound"
        link="http://www.kegg.jp/dbget-bin/www_bget?C00005">
        <graphics name="C00005" fgcolor="#000000" bgcolor="#FFFFFF"
             type="circle" x="727" y="670" width="8" height="8"/>
    </entry>
    <entry id="54" name="cpd:C00006" type="compound"
        link="http://www.kegg.jp/dbget-bin/www_bget?C00006">
        <graphics name="C00006" fgcolor="#000000" bgcolor="#FFFFFF"
             type="circle" x="725" y="624" width="8" height="8"/>
    </entry>
    <entry id="55" name="cpd:C00007" type="compound"
        link="http://www.kegg.jp/dbget-bin/www_bget?C00007">
        <graphics name="C00007" fgcolor="#000000" bgcolor="#FFFFFF"
             type="circle" x="813" y="671" width="8" height="8"/>
    </entry>
    <entry id="56" name="cpd:C00027" type="compound"
        link="http://www.kegg.jp/dbget-bin/www_bget?C00027">
        <graphics name="C00027" fgcolor="#000000" bgcolor="#FFFFFF"
             type="circle" x="816" y="623" width="8" height="8"/>
    </entry>
    <entry id="57" name="hsa:7173" type="gene"
        link="http://www.kegg.jp/dbget-bin/www_bget?hsa:7173">
        <graphics name="TPO, MSA, TDH2A, TPX" fgcolor="#000000" bgcolor="#BFFFBF"
             type="rectangle" x="903" y="593" width="46" height="17"/>
    </entry>
    <entry id="58" name="cpd:C00027" type="compound"
        link="http://www.kegg.jp/dbget-bin/www_bget?C00027">
        <graphics name="C00027" fgcolor="#000000" bgcolor="#FFFFFF"
             type="circle" x="915" y="624" width="8" height="8"/>
    </entry>
    <entry id="59" name="hsa:3708 hsa:3709 hsa:3710" type="gene"
        link="http://www.kegg.jp/dbget-bin/www_bget?hsa:3708+hsa:3709+hsa:3710">
        <graphics name="ITPR1, ACV, CLA4, INSP3R1, IP3R, IP3R1, PPP1R94, SCA15, SCA16, SCA29..." fgcolor="#000000" bgcolor="#BFFFBF"
             type="rectangle" x="502" y="467" width="46" height="17"/>
    </entry>
    <entry id="60" name="cpd:C00076" type="compound"
        link="http://www.kegg.jp/dbget-bin/www_bget?C00076">
        <graphics name="C00076" fgcolor="#000000" bgcolor="#FFFFFF"
             type="circle" x="499" y="428" width="8" height="8"/>
    </entry>
    <entry id="61" name="hsa:7173" type="gene"
        link="http://www.kegg.jp/dbget-bin/www_bget?hsa:7173">
        <graphics name="TPO, MSA, TDH2A, TPX" fgcolor="#000000" bgcolor="#BFFFBF"
             type="rectangle" x="905" y="737" width="46" height="17"/>
    </entry>
    <entry id="62" name="cpd:C00027" type="compound"
        link="http://www.kegg.jp/dbget-bin/www_bget?C00027">
        <graphics name="C00027" fgcolor="#000000" bgcolor="#FFFFFF"
             type="circle" x="907" y="715" width="8" height="8"/>
    </entry>
    <entry id="63" name="path:hsa04020" type="map"
        link="http://www.kegg.jp/dbget-bin/www_bget?hsa04020">
        <graphics name="Calcium signaling pathway" fgcolor="#000000" bgcolor="#FFFFFF"
             type="roundrectangle" x="383" y="464" width="112" height="34"/>
    </entry>
    <entry id="64" name="hsa:7038" type="gene"
        link="http://www.kegg.jp/dbget-bin/www_bget?hsa:7038">
        <graphics name="TG, AITD3, TGN" fgcolor="#000000" bgcolor="#BFFFBF"
             type="rectangle" x="674" y="506" width="46" height="17"/>
    </entry>
    <entry id="65" name="hsa:7038" type="gene"
        link="http://www.kegg.jp/dbget-bin/www_bget?hsa:7038">
        <graphics name="TG, AITD3, TGN" fgcolor="#000000" bgcolor="#BFFFBF"
             type="rectangle" x="674" y="523" width="46" height="17"/>
    </entry>
    <entry id="66" name="hsa:3309" type="gene"
        link="http://www.kegg.jp/dbget-bin/www_bget?hsa:3309">
        <graphics name="HSPA5, BIP, GRP78, HEL-S-89n, MIF2" fgcolor="#000000" bgcolor="#BFFFBF"
             type="rectangle" x="643" y="456" width="46" height="17"/>
    </entry>
    <entry id="67" name="hsa:7184" type="gene"
        link="http://www.kegg.jp/dbget-bin/www_bget?hsa:7184">
        <graphics name="HSP90B1, ECGP, GP96, GRP94, HEL-S-125m, HEL35, TRA1" fgcolor="#000000" bgcolor="#BFFFBF"
             type="rectangle" x="643" y="478" width="46" height="17"/>
    </entry>
    <entry id="68" name="hsa:821" type="gene"
        link="http://www.kegg.jp/dbget-bin/www_bget?hsa:821">
        <graphics name="CANX, CNX, IP90, P90" fgcolor="#000000" bgcolor="#BFFFBF"
             type="rectangle" x="708" y="456" width="46" height="17"/>
    </entry>
    <entry id="69" name="hsa:9601" type="gene"
        link="http://www.kegg.jp/dbget-bin/www_bget?hsa:9601">
        <graphics name="PDIA4, ERP70, ERP72, ERp-72" fgcolor="#000000" bgcolor="#BFFFBF"
             type="rectangle" x="708" y="478" width="46" height="17"/>
    </entry>
    <entry id="70" name="path:hsa04146" type="map"
        link="http://www.kegg.jp/dbget-bin/www_bget?hsa04146">
        <graphics name="Peroxisome" fgcolor="#000000" bgcolor="#FFFFFF"
             type="roundrectangle" x="530" y="575" width="84" height="25"/>
    </entry>
    <entry id="71" name="hsa:7038" type="gene"
        link="http://www.kegg.jp/dbget-bin/www_bget?hsa:7038">
        <graphics name="TG, AITD3, TGN" fgcolor="#000000" bgcolor="#BFFFBF"
             type="rectangle" x="540" y="614" width="46" height="17"/>
    </entry>
    <entry id="72" name="hsa:7038" type="gene"
        link="http://www.kegg.jp/dbget-bin/www_bget?hsa:7038">
        <graphics name="TG, AITD3, TGN" fgcolor="#000000" bgcolor="#BFFFBF"
             type="rectangle" x="549" y="637" width="46" height="17"/>
    </entry>
    <entry id="73" name="hsa:4036" type="gene"
        link="http://www.kegg.jp/dbget-bin/www_bget?hsa:4036">
        <graphics name="LRP2, DBS, GP330" fgcolor="#000000" bgcolor="#BFFFBF"
             type="rectangle" x="768" y="818" width="46" height="17"/>
    </entry>
    <entry id="74" name="hsa:7038" type="gene"
        link="http://www.kegg.jp/dbget-bin/www_bget?hsa:7038">
        <graphics name="TG, AITD3, TGN" fgcolor="#000000" bgcolor="#BFFFBF"
             type="rectangle" x="935" y="844" width="46" height="17"/>
    </entry>
    <entry id="75" name="hsa:4036" type="gene"
        link="http://www.kegg.jp/dbget-bin/www_bget?hsa:4036">
        <graphics name="LRP2, DBS, GP330" fgcolor="#000000" bgcolor="#BFFFBF"
             type="rectangle" x="683" y="818" width="46" height="17"/>
    </entry>
    <entry id="76" name="hsa:7038" type="gene"
        link="http://www.kegg.jp/dbget-bin/www_bget?hsa:7038">
        <graphics name="TG, AITD3, TGN" fgcolor="#000000" bgcolor="#BFFFBF"
             type="rectangle" x="683" y="845" width="46" height="17"/>
    </entry>
    <entry id="77" name="hsa:7038" type="gene"
        link="http://www.kegg.jp/dbget-bin/www_bget?hsa:7038">
        <graphics name="TG, AITD3, TGN" fgcolor="#000000" bgcolor="#BFFFBF"
             type="rectangle" x="168" y="896" width="46" height="17"/>
    </entry>
    <entry id="78" name="path:hsa00480" type="map"
        link="http://www.kegg.jp/dbget-bin/www_bget?hsa00480">
        <graphics name="Glutathione metabolism" fgcolor="#000000" bgcolor="#FFFFFF"
             type="roundrectangle" x="578" y="679" width="134" height="25"/>
    </entry>
    <entry id="79" name="cpd:C00027" type="compound"
        link="http://www.kegg.jp/dbget-bin/www_bget?C00027">
        <graphics name="C00027" fgcolor="#000000" bgcolor="#FFFFFF"
             type="circle" x="720" y="765" width="8" height="8"/>
    </entry>
    <entry id="80" name="cpd:C00001" type="compound"
        link="http://www.kegg.jp/dbget-bin/www_bget?C00001">
        <graphics name="C00001" fgcolor="#000000" bgcolor="#FFFFFF"
             type="circle" x="719" y="714" width="8" height="8"/>
    </entry>
    <entry id="81" name="cpd:C00051" type="compound"
        link="http://www.kegg.jp/dbget-bin/www_bget?C00051">
        <graphics name="C00051" fgcolor="#000000" bgcolor="#FFFFFF"
             type="circle" x="675" y="714" width="8" height="8"/>
    </entry>
    <entry id="82" name="cpd:C00127" type="compound"
        link="http://www.kegg.jp/dbget-bin/www_bget?C00127">
        <graphics name="C00127" fgcolor="#000000" bgcolor="#FFFFFF"
             type="circle" x="675" y="765" width="8" height="8"/>
    </entry>
    <entry id="83" name="cpd:C00005" type="compound"
        link="http://www.kegg.jp/dbget-bin/www_bget?C00005">
        <graphics name="C00005" fgcolor="#000000" bgcolor="#FFFFFF"
             type="circle" x="631" y="765" width="8" height="8"/>
    </entry>
    <entry id="84" name="cpd:C00006" type="compound"
        link="http://www.kegg.jp/dbget-bin/www_bget?C00006">
        <graphics name="C00006" fgcolor="#000000" bgcolor="#FFFFFF"
             type="circle" x="629" y="714" width="8" height="8"/>
    </entry>
    <entry id="85" name="cpd:C00092" type="compound"
        link="http://www.kegg.jp/dbget-bin/www_bget?C00092">
        <graphics name="C00092" fgcolor="#000000" bgcolor="#FFFFFF"
             type="circle" x="585" y="714" width="8" height="8"/>
    </entry>
    <entry id="86" name="cpd:C00117 cpd:C00231" type="compound"
        link="http://www.kegg.jp/dbget-bin/www_bget?C00117+C00231">
        <graphics name="C00117..." fgcolor="#000000" bgcolor="#FFFFFF"
             type="circle" x="586" y="765" width="8" height="8"/>
    </entry>
    <entry id="87" name="hsa:257202 hsa:2876 hsa:2877 hsa:2878 hsa:2880 hsa:2882 hsa:493869" type="gene"
        link="http://www.kegg.jp/dbget-bin/www_bget?hsa:257202+hsa:2876+hsa:2877+hsa:2878+hsa:2880+hsa:2882+hsa:493869">
        <graphics name="GPX6, GPX5p, GPXP3, GPx-6, GSHPx-6, dJ1186N24, dJ1186N24.1..." fgcolor="#000000" bgcolor="#BFFFBF"
             type="rectangle" x="703" y="738" width="46" height="17"/>
    </entry>
    <entry id="88" name="hsa:432 hsa:433" type="gene"
        link="http://www.kegg.jp/dbget-bin/www_bget?hsa:432+hsa:433">
        <graphics name="ASGR1, ASGPR, ASGPR1, CLEC4H1, HL-1..." fgcolor="#000000" bgcolor="#BFFFBF"
             type="rectangle" x="628" y="528" width="46" height="17"/>
    </entry>
    <entry id="89" name="hsa:2936" type="gene"
        link="http://www.kegg.jp/dbget-bin/www_bget?hsa:2936">
        <graphics name="GSR, HEL-75, HEL-S-122m" fgcolor="#000000" bgcolor="#BFFFBF"
             type="rectangle" x="652" y="738" width="46" height="17"/>
    </entry>
    <entry id="90" name="cpd:C00708" type="compound"
        link="http://www.kegg.jp/dbget-bin/www_bget?C00708">
        <graphics name="C00708" fgcolor="#000000" bgcolor="#FFFFFF"
             type="circle" x="940" y="453" width="8" height="8"/>
    </entry>
    <entry id="91" name="cpd:C02465 cpd:C01829" type="compound"
        link="http://www.kegg.jp/dbget-bin/www_bget?C02465+C01829">
        <graphics name="C02465..." fgcolor="#000000" bgcolor="#FFFFFF"
             type="circle" x="1114" y="285" width="8" height="8"/>
    </entry>
    <entry id="92" name="hsa:213" type="gene"
        link="http://www.kegg.jp/dbget-bin/www_bget?hsa:213">
        <graphics name="ALB, ANALBA, FDAH, PRO0883, PRO0903, PRO1341" fgcolor="#000000" bgcolor="#BFFFBF"
             type="rectangle" x="74" y="731" width="46" height="17"/>
    </entry>
    <entry id="93" name="hsa:7276" type="gene"
        link="http://www.kegg.jp/dbget-bin/www_bget?hsa:7276">
        <graphics name="TTR, CTS, CTS1, HEL111, HsT2651, PALB, TBPA" fgcolor="#000000" bgcolor="#BFFFBF"
             type="rectangle" x="74" y="756" width="46" height="17"/>
    </entry>
    <entry id="94" name="hsa:6906" type="gene"
        link="http://www.kegg.jp/dbget-bin/www_bget?hsa:6906">
        <graphics name="SERPINA7, TBG" fgcolor="#000000" bgcolor="#BFFFBF"
             type="rectangle" x="74" y="781" width="46" height="17"/>
    </entry>
    <entry id="95" name="hsa:213" type="gene"
        link="http://www.kegg.jp/dbget-bin/www_bget?hsa:213">
        <graphics name="ALB, ANALBA, FDAH, PRO0883, PRO0903, PRO1341" fgcolor="#000000" bgcolor="#BFFFBF"
             type="rectangle" x="74" y="828" width="46" height="17"/>
    </entry>
    <entry id="96" name="hsa:7276" type="gene"
        link="http://www.kegg.jp/dbget-bin/www_bget?hsa:7276">
        <graphics name="TTR, CTS, CTS1, HEL111, HsT2651, PALB, TBPA" fgcolor="#000000" bgcolor="#BFFFBF"
             type="rectangle" x="74" y="853" width="46" height="17"/>
    </entry>
    <entry id="97" name="hsa:6906" type="gene"
        link="http://www.kegg.jp/dbget-bin/www_bget?hsa:6906">
        <graphics name="SERPINA7, TBG" fgcolor="#000000" bgcolor="#BFFFBF"
             type="rectangle" x="74" y="878" width="46" height="17"/>
    </entry>
    <entry id="98" name="cpd:C01829" type="compound"
        link="http://www.kegg.jp/dbget-bin/www_bget?C01829">
        <graphics name="C01829" fgcolor="#000000" bgcolor="#FFFFFF"
             type="circle" x="113" y="731" width="8" height="8"/>
    </entry>
    <entry id="99" name="cpd:C01829" type="compound"
        link="http://www.kegg.jp/dbget-bin/www_bget?C01829">
        <graphics name="C01829" fgcolor="#000000" bgcolor="#FFFFFF"
             type="circle" x="113" y="755" width="8" height="8"/>
    </entry>
    <entry id="100" name="cpd:C01829" type="compound"
        link="http://www.kegg.jp/dbget-bin/www_bget?C01829">
        <graphics name="C01829" fgcolor="#000000" bgcolor="#FFFFFF"
             type="circle" x="113" y="781" width="8" height="8"/>
    </entry>
    <entry id="101" name="cpd:C02465" type="compound"
        link="http://www.kegg.jp/dbget-bin/www_bget?C02465">
        <graphics name="C02465" fgcolor="#000000" bgcolor="#FFFFFF"
             type="circle" x="113" y="828" width="8" height="8"/>
    </entry>
    <entry id="102" name="cpd:C02465" type="compound"
        link="http://www.kegg.jp/dbget-bin/www_bget?C02465">
        <graphics name="C02465" fgcolor="#000000" bgcolor="#FFFFFF"
             type="circle" x="113" y="852" width="8" height="8"/>
    </entry>
    <entry id="103" name="cpd:C02465" type="compound"
        link="http://www.kegg.jp/dbget-bin/www_bget?C02465">
        <graphics name="C02465" fgcolor="#000000" bgcolor="#FFFFFF"
             type="circle" x="113" y="878" width="8" height="8"/>
    </entry>
    <relation entry1="4" entry2="5" type="PPrel">
        <subtype name="activation" value="--&gt;"/>
    </relation>
    <relation entry1="5" entry2="8" type="PPrel">
        <subtype name="activation" value="--&gt;"/>
    </relation>
    <relation entry1="8" entry2="9" type="PPrel">
        <subtype name="activation" value="--&gt;"/>
    </relation>
    <relation entry1="9" entry2="19" type="PCrel">
        <subtype name="activation" value="--&gt;"/>
    </relation>
    <relation entry1="19" entry2="3" type="PCrel">
        <subtype name="activation" value="--&gt;"/>
    </relation>
    <relation entry1="3" entry2="21" type="PPrel">
        <subtype name="activation" value="--&gt;"/>
    </relation>
    <relation entry1="3" entry2="22" type="PPrel">
        <subtype name="activation" value="--&gt;"/>
    </relation>
    <relation entry1="3" entry2="23" type="PPrel">
        <subtype name="activation" value="--&gt;"/>
    </relation>
    <relation entry1="3" entry2="24" type="PPrel">
        <subtype name="activation" value="--&gt;"/>
    </relation>
    <relation entry1="5" entry2="6" type="PPrel">
        <subtype name="activation" value="--&gt;"/>
    </relation>
    <relation entry1="6" entry2="7" type="PPrel">
        <subtype name="activation" value="--&gt;"/>
    </relation>
    <relation entry1="7" entry2="17" type="PCrel">
        <subtype name="activation" value="--&gt;"/>
    </relation>
    <relation entry1="17" entry2="20" type="PCrel">
        <subtype name="activation" value="--&gt;"/>
    </relation>
    <relation entry1="20" entry2="21" type="PPrel">
        <subtype name="activation" value="--&gt;"/>
    </relation>
    <relation entry1="20" entry2="22" type="PPrel">
        <subtype name="activation" value="--&gt;"/>
    </relation>
    <relation entry1="20" entry2="23" type="PPrel">
        <subtype name="activation" value="--&gt;"/>
    </relation>
    <relation entry1="20" entry2="24" type="PPrel">
        <subtype name="activation" value="--&gt;"/>
    </relation>
    <relation entry1="7" entry2="18" type="PCrel">
        <subtype name="activation" value="--&gt;"/>
    </relation>
    <relation entry1="18" entry2="59" type="PCrel">
        <subtype name="activation" value="--&gt;"/>
    </relation>
    <relation entry1="21" entry2="10" type="GErel">
        <subtype name="expression" value="--&gt;"/>
    </relation>
    <relation entry1="22" entry2="10" type="GErel">
        <subtype name="expression" value="--&gt;"/>
    </relation>
    <relation entry1="23" entry2="10" type="GErel">
        <subtype name="expression" value="--&gt;"/>
    </relation>
    <relation entry1="24" entry2="10" type="GErel">
        <subtype name="expression" value="--&gt;"/>
    </relation>
    <relation entry1="88" entry2="65" type="PPrel">
        <subtype name="binding/association" value="---"/>
    </relation>
    <relation entry1="52" entry2="14" type="PPrel">
        <subtype name="activation" value="--&gt;"/>
    </relation>
    <relation entry1="29" entry2="28" type="PCrel">
        <subtype name="binding/association" value="---"/>
    </relation>
    <relation entry1="30" entry2="28" type="PCrel">
        <subtype name="binding/association" value="---"/>
    </relation>
    <relation entry1="32" entry2="31" type="PCrel">
        <subtype name="binding/association" value="---"/>
    </relation>
    <relation entry1="33" entry2="31" type="PCrel">
        <subtype name="binding/association" value="---"/>
    </relation>
    <relation entry1="35" entry2="31" type="PCrel">
        <subtype name="binding/association" value="---"/>
    </relation>
    <relation entry1="34" entry2="31" type="PCrel">
        <subtype name="binding/association" value="---"/>
    </relation>
    <relation entry1="37" entry2="36" type="PCrel">
        <subtype name="binding/association" value="---"/>
    </relation>
    <relation entry1="38" entry2="36" type="PCrel">
        <subtype name="binding/association" value="---"/>
    </relation>
    <relation entry1="40" entry2="36" type="PCrel">
        <subtype name="binding/association" value="---"/>
    </relation>
    <relation entry1="39" entry2="36" type="PCrel">
        <subtype name="binding/association" value="---"/>
    </relation>
    <relation entry1="75" entry2="76" type="PPrel">
        <subtype name="binding/association" value="---"/>
    </relation>
</pathway>
