<?xml version="1.0"?>
<!DOCTYPE pathway SYSTEM "http://www.kegg.jp/kegg/xml/KGML_v0.7.2_.dtd">
<!-- Creation date: Jan 29, 2019 17:21:02 +0900 (GMT+9) -->
<pathway name="path:hsa04931" org="hsa" number="04931"
         title="Insulin resistance"
         image="http://www.kegg.jp/kegg/pathway/hsa/hsa04931.png"
         link="http://www.kegg.jp/kegg-bin/show_pathway?hsa04931">
    <entry id="1" name="hsa:5599 hsa:5601 hsa:5602" type="gene"
        link="http://www.kegg.jp/dbget-bin/www_bget?hsa:5599+hsa:5601+hsa:5602">
        <graphics name="MAPK8, JNK, JNK-46, JNK1, JNK1A2, JNK21B1/2, PRKM8, SAPK1, SAPK1c..." fgcolor="#000000" bgcolor="#BFFFBF"
             type="rectangle" x="526" y="305" width="46" height="17"/>
    </entry>
    <entry id="2" name="hsa:7124" type="gene"
        link="http://www.kegg.jp/dbget-bin/www_bget?hsa:7124">
        <graphics name="TNF, DIF, TNF-alpha, TNFA, TNFSF2, TNLG1F" fgcolor="#000000" bgcolor="#BFFFBF"
             type="rectangle" x="235" y="316" width="46" height="17"/>
    </entry>
    <entry id="3" name="cpd:C00162" type="compound"
        link="http://www.kegg.jp/dbget-bin/www_bget?C00162">
        <graphics name="C00162" fgcolor="#000000" bgcolor="#FFFFFF"
             type="circle" x="254" y="597" width="8" height="8"/>
    </entry>
    <entry id="4" name="hsa:7132" type="gene"
        link="http://www.kegg.jp/dbget-bin/www_bget?hsa:7132">
        <graphics name="TNFRSF1A, CD120a, FPF, TBP1, TNF-R, TNF-R-I, TNF-R55, TNFAR, TNFR1, TNFR55, TNFR60, p55, p55-R, p60" fgcolor="#000000" bgcolor="#BFFFBF"
             type="rectangle" x="321" y="316" width="46" height="17"/>
    </entry>
    <entry id="5" name="hsa:10998 hsa:10999 hsa:11000 hsa:11001 hsa:28965 hsa:376497" type="gene"
        link="http://www.kegg.jp/dbget-bin/www_bget?hsa:10998+hsa:10999+hsa:11000+hsa:11001+hsa:28965+hsa:376497">
        <graphics name="SLC27A5, ACSB, ACSVL6, BACS, BAL, FACVL3, FATP-5, FATP5, VLACSR, VLCS-H2, VLCSH2..." fgcolor="#000000" bgcolor="#BFFFBF"
             type="rectangle" x="321" y="586" width="46" height="17"/>
    </entry>
    <entry id="6" name="cpd:C00162" type="compound"
        link="http://www.kegg.jp/dbget-bin/www_bget?C00162">
        <graphics name="C00162" fgcolor="#000000" bgcolor="#FFFFFF"
             type="circle" x="423" y="598" width="8" height="8"/>
    </entry>
    <entry id="7" name="hsa:3551" type="gene"
        link="http://www.kegg.jp/dbget-bin/www_bget?hsa:3551">
        <graphics name="IKBKB, IKK-beta, IKK2, IKKB, IMD15, NFKBIKB" fgcolor="#000000" bgcolor="#BFFFBF"
             type="rectangle" x="526" y="329" width="46" height="17"/>
    </entry>
    <entry id="8" name="hsa:2475" type="gene"
        link="http://www.kegg.jp/dbget-bin/www_bget?hsa:2475">
        <graphics name="MTOR, FRAP, FRAP1, FRAP2, RAFT1, RAPT1, SKS" fgcolor="#000000" bgcolor="#BFFFBF"
             type="rectangle" x="1043" y="174" width="46" height="17"/>
    </entry>
    <entry id="9" name="hsa:6198 hsa:6199" type="gene"
        link="http://www.kegg.jp/dbget-bin/www_bget?hsa:6198+hsa:6199">
        <graphics name="RPS6KB1, PS6K, S6K, S6K-beta-1, S6K1, STK14A, p70_S6KA, p70(S6K)-alpha, p70-S6K, p70-alpha..." fgcolor="#000000" bgcolor="#BFFFBF"
             type="rectangle" x="927" y="141" width="46" height="17"/>
    </entry>
    <entry id="10" name="hsa:3643" type="gene"
        link="http://www.kegg.jp/dbget-bin/www_bget?hsa:3643">
        <graphics name="INSR, CD220, HHF5" fgcolor="#000000" bgcolor="#BFFFBF"
             type="rectangle" x="321" y="174" width="46" height="17"/>
    </entry>
    <entry id="11" name="hsa:3667" type="gene"
        link="http://www.kegg.jp/dbget-bin/www_bget?hsa:3667">
        <graphics name="IRS1, HIRS-1" fgcolor="#000000" bgcolor="#BFFFBF"
             type="rectangle" x="716" y="174" width="46" height="17"/>
    </entry>
    <entry id="12" name="hsa:5290 hsa:5291 hsa:5293 hsa:5295 hsa:5296 hsa:8503" type="gene"
        link="http://www.kegg.jp/dbget-bin/www_bget?hsa:5290+hsa:5291+hsa:5293+hsa:5295+hsa:5296+hsa:8503">
        <graphics name="PIK3CA, CLAPO, CLOVE, CWS5, MCAP, MCM, MCMTC, PI3K, PI3K-alpha, p110-alpha..." fgcolor="#000000" bgcolor="#BFFFBF"
             type="rectangle" x="813" y="174" width="46" height="17"/>
    </entry>
    <entry id="13" name="hsa:208" type="gene"
        link="http://www.kegg.jp/dbget-bin/www_bget?hsa:208">
        <graphics name="AKT2, HIHGHH, PKBB, PKBBETA, PRKBB, RAC-BETA" fgcolor="#000000" bgcolor="#BFFFBF"
             type="rectangle" x="927" y="174" width="46" height="17"/>
    </entry>
    <entry id="14" name="hsa:2932" type="gene"
        link="http://www.kegg.jp/dbget-bin/www_bget?hsa:2932">
        <graphics name="GSK3B" fgcolor="#000000" bgcolor="#BFFFBF"
             type="rectangle" x="1043" y="219" width="46" height="17"/>
    </entry>
    <entry id="15" name="cpd:C02843" type="compound"
        link="http://www.kegg.jp/dbget-bin/www_bget?C02843">
        <graphics name="C02843" fgcolor="#000000" bgcolor="#FFFFFF"
             type="circle" x="536" y="597" width="8" height="8"/>
    </entry>
    <entry id="16" name="cpd:C00165" type="compound"
        link="http://www.kegg.jp/dbget-bin/www_bget?C00165">
        <graphics name="C00165" fgcolor="#000000" bgcolor="#FFFFFF"
             type="circle" x="616" y="599" width="8" height="8"/>
    </entry>
    <entry id="17" name="hsa:5579 hsa:5580 hsa:5588" type="gene"
        link="http://www.kegg.jp/dbget-bin/www_bget?hsa:5579+hsa:5580+hsa:5588">
        <graphics name="PRKCB, PKC-beta, PKCB, PKCI(2), PKCbeta, PRKCB1, PRKCB2..." fgcolor="#000000" bgcolor="#BFFFBF"
             type="rectangle" x="716" y="598" width="46" height="17"/>
    </entry>
    <entry id="18" name="hsa:948" type="gene"
        link="http://www.kegg.jp/dbget-bin/www_bget?hsa:948">
        <graphics name="CD36, BDPLT10, CHDS7, FAT, GP3B, GP4, GPIV, PASIV, SCARB3" fgcolor="#000000" bgcolor="#BFFFBF"
             type="rectangle" x="321" y="609" width="46" height="17"/>
    </entry>
    <entry id="19" name="cpd:C00031" type="compound"
        link="http://www.kegg.jp/dbget-bin/www_bget?C00031">
        <graphics name="C00031" fgcolor="#000000" bgcolor="#FFFFFF"
             type="circle" x="1339" y="311" width="8" height="8"/>
    </entry>
    <entry id="20" name="hsa:6517" type="gene"
        link="http://www.kegg.jp/dbget-bin/www_bget?hsa:6517">
        <graphics name="SLC2A4, GLUT4" fgcolor="#000000" bgcolor="#BFFFBF"
             type="rectangle" x="1285" y="307" width="46" height="17"/>
    </entry>
    <entry id="21" name="hsa:9882" type="gene"
        link="http://www.kegg.jp/dbget-bin/www_bget?hsa:9882">
        <graphics name="TBC1D4, AS160, NIDDM5" fgcolor="#000000" bgcolor="#BFFFBF"
             type="rectangle" x="1043" y="301" width="46" height="17"/>
    </entry>
    <entry id="22" name="hsa:3630" type="gene"
        link="http://www.kegg.jp/dbget-bin/www_bget?hsa:3630">
        <graphics name="INS, IDDM, IDDM1, IDDM2, ILPR, IRDN, MODY10" fgcolor="#000000" bgcolor="#BFFFBF"
             type="rectangle" x="237" y="174" width="46" height="17"/>
    </entry>
    <entry id="23" name="cpd:C00195" type="compound"
        link="http://www.kegg.jp/dbget-bin/www_bget?C00195">
        <graphics name="C00195" fgcolor="#000000" bgcolor="#FFFFFF"
             type="circle" x="617" y="645" width="8" height="8"/>
    </entry>
    <entry id="24" name="hsa:5524" type="gene"
        link="http://www.kegg.jp/dbget-bin/www_bget?hsa:5524">
        <graphics name="PTPA, PP2A, PPP2R4, PR53" fgcolor="#000000" bgcolor="#BFFFBF"
             type="rectangle" x="716" y="646" width="46" height="17"/>
    </entry>
    <entry id="26" name="hsa:3569" type="gene"
        link="http://www.kegg.jp/dbget-bin/www_bget?hsa:3569">
        <graphics name="IL6, BSF-2, BSF2, CDF, HGF, HSF, IFN-beta-2, IFNB2, IL-6" fgcolor="#000000" bgcolor="#BFFFBF"
             type="rectangle" x="237" y="246" width="46" height="17"/>
    </entry>
    <entry id="27" name="hsa:6774" type="gene"
        link="http://www.kegg.jp/dbget-bin/www_bget?hsa:6774">
        <graphics name="STAT3, ADMIO, ADMIO1, APRF, HIES" fgcolor="#000000" bgcolor="#BFFFBF"
             type="rectangle" x="431" y="246" width="46" height="17"/>
    </entry>
    <entry id="28" name="hsa:9021" type="gene"
        link="http://www.kegg.jp/dbget-bin/www_bget?hsa:9021">
        <graphics name="SOCS3, ATOD4, CIS3, Cish3, SOCS-3, SSI-3, SSI3" fgcolor="#000000" bgcolor="#BFFFBF"
             type="rectangle" x="528" y="246" width="46" height="17"/>
    </entry>
    <entry id="29" name="hsa:1375" type="gene"
        link="http://www.kegg.jp/dbget-bin/www_bget?hsa:1375">
        <graphics name="CPT1B, CPT1-M, CPT1M, CPTI, CPTI-M, M-CPT1, MCCPT1, MCPT1" fgcolor="#000000" bgcolor="#BFFFBF"
             type="rectangle" x="572" y="522" width="46" height="17"/>
    </entry>
    <entry id="30" name="path:hsa05230" type="map"
        link="http://www.kegg.jp/dbget-bin/www_bget?hsa05230">
        <graphics name="Central carbon metabolism in cancer" fgcolor="#000000" bgcolor="#FFFFFF"
             type="roundrectangle" x="129" y="58" width="177" height="25"/>
    </entry>
    <entry id="31" name="hsa:4792" type="gene"
        link="http://www.kegg.jp/dbget-bin/www_bget?hsa:4792">
        <graphics name="NFKBIA, IKBA, MAD-3, NFKBI" fgcolor="#000000" bgcolor="#BFFFBF"
             type="rectangle" x="630" y="329" width="46" height="17"/>
    </entry>
    <entry id="32" name="hsa:4790 hsa:5970" type="gene"
        link="http://www.kegg.jp/dbget-bin/www_bget?hsa:4790+hsa:5970">
        <graphics name="NFKB1, CVID12, EBP-1, KBF1, NF-kB1, NF-kappa-B1, NF-kappaB, NFKB-p105, NFKB-p50, NFkappaB, p105, p50..." fgcolor="#000000" bgcolor="#BFFFBF"
             type="rectangle" x="631" y="365" width="46" height="17"/>
    </entry>
    <entry id="33" name="hsa:5579" type="gene"
        link="http://www.kegg.jp/dbget-bin/www_bget?hsa:5579">
        <graphics name="PRKCB, PKC-beta, PKCB, PKCI(2), PKCbeta, PRKCB1, PRKCB2" fgcolor="#000000" bgcolor="#BFFFBF"
             type="rectangle" x="525" y="206" width="46" height="17"/>
    </entry>
    <entry id="34" name="hsa:5499 hsa:5500 hsa:5501 hsa:5506 hsa:5507 hsa:5509 hsa:79660 hsa:90673" type="gene"
        link="http://www.kegg.jp/dbget-bin/www_bget?hsa:5499+hsa:5500+hsa:5501+hsa:5506+hsa:5507+hsa:5509+hsa:79660+hsa:90673">
        <graphics name="PPP1CA, PP-1A, PP1A, PP1alpha, PPP1A..." fgcolor="#000000" bgcolor="#BFFFBF"
             type="rectangle" x="1043" y="109" width="46" height="17"/>
    </entry>
    <entry id="35" name="cpd:C00369" type="compound"
        link="http://www.kegg.jp/dbget-bin/www_bget?C00369">
        <graphics name="C00369" fgcolor="#000000" bgcolor="#FFFFFF"
             type="circle" x="1227" y="218" width="8" height="8"/>
    </entry>
    <entry id="36" name="hsa:2997 hsa:2998" type="gene"
        link="http://www.kegg.jp/dbget-bin/www_bget?hsa:2997+hsa:2998">
        <graphics name="GYS1, GSY, GYS..." fgcolor="#000000" bgcolor="#BFFFBF"
             type="rectangle" x="1146" y="219" width="46" height="17"/>
    </entry>
    <entry id="37" name="hsa:4846" type="gene"
        link="http://www.kegg.jp/dbget-bin/www_bget?hsa:4846">
        <graphics name="NOS3, ECNOS, eNOS" fgcolor="#000000" bgcolor="#BFFFBF"
             type="rectangle" x="716" y="365" width="46" height="17"/>
    </entry>
    <entry id="38" name="cpd:C00533" type="compound"
        link="http://www.kegg.jp/dbget-bin/www_bget?C00533">
        <graphics name="C00533" fgcolor="#000000" bgcolor="#FFFFFF"
             type="circle" x="716" y="296" width="8" height="8"/>
    </entry>
    <entry id="39" name="hsa:5770 hsa:5781 hsa:5792" type="gene"
        link="http://www.kegg.jp/dbget-bin/www_bget?hsa:5770+hsa:5781+hsa:5792">
        <graphics name="PTPN1, PTP1B..." fgcolor="#000000" bgcolor="#BFFFBF"
             type="rectangle" x="431" y="141" width="46" height="17"/>
    </entry>
    <entry id="40" name="hsa:5590" type="gene"
        link="http://www.kegg.jp/dbget-bin/www_bget?hsa:5590">
        <graphics name="PRKCZ, PKC-ZETA, PKC2" fgcolor="#000000" bgcolor="#BFFFBF"
             type="rectangle" x="813" y="320" width="46" height="17"/>
    </entry>
    <entry id="41" name="hsa:27330 hsa:6195 hsa:6196 hsa:6197" type="gene"
        link="http://www.kegg.jp/dbget-bin/www_bget?hsa:27330+hsa:6195+hsa:6196+hsa:6197">
        <graphics name="RPS6KA6, PP90RSK4, RSK-4, RSK4, S6K-alpha-6, p90RSK6..." fgcolor="#000000" bgcolor="#BFFFBF"
             type="rectangle" x="927" y="109" width="46" height="17"/>
    </entry>
    <entry id="42" name="path:hsa04151" type="map"
        link="http://www.kegg.jp/dbget-bin/www_bget?hsa04151">
        <graphics name="PI3K-Akt signaling pathway" fgcolor="#000000" bgcolor="#FFFFFF"
             type="roundrectangle" x="869" y="212" width="97" height="34"/>
    </entry>
    <entry id="43" name="cpd:C00422" type="compound"
        link="http://www.kegg.jp/dbget-bin/www_bget?C00422">
        <graphics name="C00422" fgcolor="#000000" bgcolor="#FFFFFF"
             type="circle" x="617" y="553" width="8" height="8"/>
    </entry>
    <entry id="44" name="hsa:3643" type="gene"
        link="http://www.kegg.jp/dbget-bin/www_bget?hsa:3643">
        <graphics name="INSR, CD220, HHF5" fgcolor="#000000" bgcolor="#BFFFBF"
             type="rectangle" x="321" y="850" width="46" height="17"/>
    </entry>
    <entry id="45" name="hsa:8660" type="gene"
        link="http://www.kegg.jp/dbget-bin/www_bget?hsa:8660">
        <graphics name="IRS2, IRS-2" fgcolor="#000000" bgcolor="#BFFFBF"
             type="rectangle" x="716" y="851" width="46" height="17"/>
    </entry>
    <entry id="46" name="hsa:5290 hsa:5291 hsa:5293 hsa:5295 hsa:5296 hsa:8503" type="gene"
        link="http://www.kegg.jp/dbget-bin/www_bget?hsa:5290+hsa:5291+hsa:5293+hsa:5295+hsa:5296+hsa:8503">
        <graphics name="PIK3CA, CLAPO, CLOVE, CWS5, MCAP, MCM, MCMTC, PI3K, PI3K-alpha, p110-alpha..." fgcolor="#000000" bgcolor="#BFFFBF"
             type="rectangle" x="813" y="850" width="46" height="17"/>
    </entry>
    <entry id="47" name="hsa:208" type="gene"
        link="http://www.kegg.jp/dbget-bin/www_bget?hsa:208">
        <graphics name="AKT2, HIHGHH, PKBB, PKBBETA, PRKBB, RAC-BETA" fgcolor="#000000" bgcolor="#BFFFBF"
             type="rectangle" x="927" y="851" width="46" height="17"/>
    </entry>
    <entry id="48" name="hsa:2932" type="gene"
        link="http://www.kegg.jp/dbget-bin/www_bget?hsa:2932">
        <graphics name="GSK3B" fgcolor="#000000" bgcolor="#BFFFBF"
             type="rectangle" x="1043" y="850" width="46" height="17"/>
    </entry>
    <entry id="49" name="hsa:3630" type="gene"
        link="http://www.kegg.jp/dbget-bin/www_bget?hsa:3630">
        <graphics name="INS, IDDM, IDDM1, IDDM2, ILPR, IRDN, MODY10" fgcolor="#000000" bgcolor="#BFFFBF"
             type="rectangle" x="236" y="851" width="46" height="17"/>
    </entry>
    <entry id="50" name="hsa:3667" type="gene"
        link="http://www.kegg.jp/dbget-bin/www_bget?hsa:3667">
        <graphics name="IRS1, HIRS-1" fgcolor="#000000" bgcolor="#BFFFBF"
             type="rectangle" x="716" y="830" width="46" height="17"/>
    </entry>
    <entry id="51" name="hsa:3569" type="gene"
        link="http://www.kegg.jp/dbget-bin/www_bget?hsa:3569">
        <graphics name="IL6, BSF-2, BSF2, CDF, HGF, HSF, IFN-beta-2, IFNB2, IL-6" fgcolor="#000000" bgcolor="#BFFFBF"
             type="rectangle" x="234" y="729" width="46" height="17"/>
    </entry>
    <entry id="52" name="hsa:6774" type="gene"
        link="http://www.kegg.jp/dbget-bin/www_bget?hsa:6774">
        <graphics name="STAT3, ADMIO, ADMIO1, APRF, HIES" fgcolor="#000000" bgcolor="#BFFFBF"
             type="rectangle" x="431" y="729" width="46" height="17"/>
    </entry>
    <entry id="53" name="hsa:9021" type="gene"
        link="http://www.kegg.jp/dbget-bin/www_bget?hsa:9021">
        <graphics name="SOCS3, ATOD4, CIS3, Cish3, SOCS-3, SSI-3, SSI3" fgcolor="#000000" bgcolor="#BFFFBF"
             type="rectangle" x="622" y="729" width="46" height="17"/>
    </entry>
    <entry id="54" name="hsa:5599 hsa:5601 hsa:5602" type="gene"
        link="http://www.kegg.jp/dbget-bin/www_bget?hsa:5599+hsa:5601+hsa:5602">
        <graphics name="MAPK8, JNK, JNK-46, JNK1, JNK1A2, JNK21B1/2, PRKM8, SAPK1, SAPK1c..." fgcolor="#000000" bgcolor="#BFFFBF"
             type="rectangle" x="527" y="757" width="46" height="17"/>
    </entry>
    <entry id="55" name="hsa:7124" type="gene"
        link="http://www.kegg.jp/dbget-bin/www_bget?hsa:7124">
        <graphics name="TNF, DIF, TNF-alpha, TNFA, TNFSF2, TNLG1F" fgcolor="#000000" bgcolor="#BFFFBF"
             type="rectangle" x="234" y="767" width="46" height="17"/>
    </entry>
    <entry id="56" name="hsa:7132" type="gene"
        link="http://www.kegg.jp/dbget-bin/www_bget?hsa:7132">
        <graphics name="TNFRSF1A, CD120a, FPF, TBP1, TNF-R, TNF-R-I, TNF-R55, TNFAR, TNFR1, TNFR55, TNFR60, p55, p55-R, p60" fgcolor="#000000" bgcolor="#BFFFBF"
             type="rectangle" x="321" y="767" width="46" height="17"/>
    </entry>
    <entry id="57" name="hsa:3551" type="gene"
        link="http://www.kegg.jp/dbget-bin/www_bget?hsa:3551">
        <graphics name="IKBKB, IKK-beta, IKK2, IKKB, IMD15, NFKBIKB" fgcolor="#000000" bgcolor="#BFFFBF"
             type="rectangle" x="527" y="780" width="46" height="17"/>
    </entry>
    <entry id="58" name="hsa:4792" type="gene"
        link="http://www.kegg.jp/dbget-bin/www_bget?hsa:4792">
        <graphics name="NFKBIA, IKBA, MAD-3, NFKBI" fgcolor="#000000" bgcolor="#BFFFBF"
             type="rectangle" x="622" y="780" width="46" height="17"/>
    </entry>
    <entry id="59" name="hsa:4790 hsa:5970" type="gene"
        link="http://www.kegg.jp/dbget-bin/www_bget?hsa:4790+hsa:5970">
        <graphics name="NFKB1, CVID12, EBP-1, KBF1, NF-kB1, NF-kappa-B1, NF-kappaB, NFKB-p105, NFKB-p50, NFkappaB, p105, p50..." fgcolor="#000000" bgcolor="#BFFFBF"
             type="rectangle" x="622" y="813" width="46" height="17"/>
    </entry>
    <entry id="60" name="hsa:5581" type="gene"
        link="http://www.kegg.jp/dbget-bin/www_bget?hsa:5581">
        <graphics name="PRKCE, PKCE, nPKC-epsilon" fgcolor="#000000" bgcolor="#BFFFBF"
             type="rectangle" x="631" y="1267" width="46" height="17"/>
    </entry>
    <entry id="61" name="hsa:32" type="gene"
        link="http://www.kegg.jp/dbget-bin/www_bget?hsa:32">
        <graphics name="ACACB, ACC2, ACCB, HACC275" fgcolor="#000000" bgcolor="#BFFFBF"
             type="rectangle" x="577" y="1119" width="46" height="17"/>
    </entry>
    <entry id="62" name="cpd:C00083" type="compound"
        link="http://www.kegg.jp/dbget-bin/www_bget?C00083">
        <graphics name="C00083" fgcolor="#000000" bgcolor="#FFFFFF"
             type="circle" x="532" y="1134" width="8" height="8"/>
    </entry>
    <entry id="63" name="hsa:5599 hsa:5601 hsa:5602" type="gene"
        link="http://www.kegg.jp/dbget-bin/www_bget?hsa:5599+hsa:5601+hsa:5602">
        <graphics name="MAPK8, JNK, JNK-46, JNK1, JNK1A2, JNK21B1/2, PRKM8, SAPK1, SAPK1c..." fgcolor="#000000" bgcolor="#BFFFBF"
             type="rectangle" x="716" y="1280" width="46" height="17"/>
    </entry>
    <entry id="64" name="cpd:C00162" type="compound"
        link="http://www.kegg.jp/dbget-bin/www_bget?C00162">
        <graphics name="C00162" fgcolor="#000000" bgcolor="#FFFFFF"
             type="circle" x="253" y="1228" width="8" height="8"/>
    </entry>
    <entry id="65" name="hsa:10998" type="gene"
        link="http://www.kegg.jp/dbget-bin/www_bget?hsa:10998">
        <graphics name="SLC27A5, ACSB, ACSVL6, BACS, BAL, FACVL3, FATP-5, FATP5, VLACSR, VLCS-H2, VLCSH2" fgcolor="#000000" bgcolor="#BFFFBF"
             type="rectangle" x="321" y="1228" width="46" height="17"/>
    </entry>
    <entry id="66" name="cpd:C00162" type="compound"
        link="http://www.kegg.jp/dbget-bin/www_bget?C00162">
        <graphics name="C00162" fgcolor="#000000" bgcolor="#FFFFFF"
             type="circle" x="424" y="1228" width="8" height="8"/>
    </entry>
    <entry id="67" name="hsa:3551" type="gene"
        link="http://www.kegg.jp/dbget-bin/www_bget?hsa:3551">
        <graphics name="IKBKB, IKK-beta, IKK2, IKKB, IMD15, NFKBIKB" fgcolor="#000000" bgcolor="#BFFFBF"
             type="rectangle" x="631" y="1296" width="46" height="17"/>
    </entry>
    <entry id="68" name="cpd:C02843" type="compound"
        link="http://www.kegg.jp/dbget-bin/www_bget?C02843">
        <graphics name="C02843" fgcolor="#000000" bgcolor="#FFFFFF"
             type="circle" x="479" y="1228" width="8" height="8"/>
    </entry>
    <entry id="69" name="cpd:C00165" type="compound"
        link="http://www.kegg.jp/dbget-bin/www_bget?C00165">
        <graphics name="C00165" fgcolor="#000000" bgcolor="#FFFFFF"
             type="circle" x="532" y="1280" width="8" height="8"/>
    </entry>
    <entry id="70" name="cpd:C00195" type="compound"
        link="http://www.kegg.jp/dbget-bin/www_bget?C00195">
        <graphics name="C00195" fgcolor="#000000" bgcolor="#FFFFFF"
             type="circle" x="532" y="1324" width="8" height="8"/>
    </entry>
    <entry id="71" name="hsa:5524" type="gene"
        link="http://www.kegg.jp/dbget-bin/www_bget?hsa:5524">
        <graphics name="PTPA, PP2A, PPP2R4, PR53" fgcolor="#000000" bgcolor="#BFFFBF"
             type="rectangle" x="716" y="1325" width="46" height="17"/>
    </entry>
    <entry id="72" name="cpd:C00031" type="compound"
        link="http://www.kegg.jp/dbget-bin/www_bget?C00031">
        <graphics name="C00031" fgcolor="#000000" bgcolor="#FFFFFF"
             type="circle" x="254" y="1024" width="8" height="8"/>
    </entry>
    <entry id="73" name="cpd:C00024" type="compound"
        link="http://www.kegg.jp/dbget-bin/www_bget?C00024">
        <graphics name="C00024" fgcolor="#000000" bgcolor="#FFFFFF"
             type="circle" x="553" y="1025" width="8" height="8"/>
    </entry>
    <entry id="74" name="cpd:C00022" type="compound"
        link="http://www.kegg.jp/dbget-bin/www_bget?C00022">
        <graphics name="C00022" fgcolor="#000000" bgcolor="#FFFFFF"
             type="circle" x="479" y="1025" width="8" height="8"/>
    </entry>
    <entry id="75" name="cpd:C00024" type="compound"
        link="http://www.kegg.jp/dbget-bin/www_bget?C00024">
        <graphics name="C00024" fgcolor="#000000" bgcolor="#FFFFFF"
             type="circle" x="617" y="1134" width="8" height="8"/>
    </entry>
    <entry id="76" name="cpd:C02571" type="compound"
        link="http://www.kegg.jp/dbget-bin/www_bget?C02571">
        <graphics name="C02571" fgcolor="#000000" bgcolor="#FFFFFF"
             type="circle" x="479" y="1073" width="8" height="8"/>
    </entry>
    <entry id="77" name="hsa:5524" type="gene"
        link="http://www.kegg.jp/dbget-bin/www_bget?hsa:5524">
        <graphics name="PTPA, PP2A, PPP2R4, PR53" fgcolor="#000000" bgcolor="#BFFFBF"
             type="rectangle" x="431" y="985" width="46" height="17"/>
    </entry>
    <entry id="78" name="hsa:22877 hsa:51085 hsa:6945" type="gene"
        link="http://www.kegg.jp/dbget-bin/www_bget?hsa:22877+hsa:51085+hsa:6945">
        <graphics name="MLXIP, MIR, MONDOA, bHLHe36..." fgcolor="#000000" bgcolor="#BFFFBF"
             type="rectangle" x="536" y="983" width="46" height="17"/>
    </entry>
    <entry id="80" name="cpd:C00095" type="compound"
        link="http://www.kegg.jp/dbget-bin/www_bget?C00095">
        <graphics name="C00095" fgcolor="#000000" bgcolor="#FFFFFF"
             type="circle" x="254" y="942" width="8" height="8"/>
    </entry>
    <entry id="81" name="hsa:133522" type="gene"
        link="http://www.kegg.jp/dbget-bin/www_bget?hsa:133522">
        <graphics name="PPARGC1B, ERRL1, PERC, PGC-1(beta), PGC1B" fgcolor="#000000" bgcolor="#BFFFBF"
             type="rectangle" x="431" y="944" width="46" height="17"/>
    </entry>
    <entry id="82" name="hsa:6720" type="gene"
        link="http://www.kegg.jp/dbget-bin/www_bget?hsa:6720">
        <graphics name="SREBF1, SREBP1, bHLHd1" fgcolor="#000000" bgcolor="#BFFFBF"
             type="rectangle" x="536" y="943" width="46" height="17"/>
    </entry>
    <entry id="83" name="hsa:6514" type="gene"
        link="http://www.kegg.jp/dbget-bin/www_bget?hsa:6514">
        <graphics name="SLC2A2, GLUT2" fgcolor="#000000" bgcolor="#BFFFBF"
             type="rectangle" x="321" y="943" width="46" height="17"/>
    </entry>
    <entry id="84" name="hsa:6514" type="gene"
        link="http://www.kegg.jp/dbget-bin/www_bget?hsa:6514">
        <graphics name="SLC2A2, GLUT2" fgcolor="#000000" bgcolor="#BFFFBF"
             type="rectangle" x="321" y="1025" width="46" height="17"/>
    </entry>
    <entry id="85" name="hsa:2308" type="gene"
        link="http://www.kegg.jp/dbget-bin/www_bget?hsa:2308">
        <graphics name="FOXO1, FKH1, FKHR, FOXO1A" fgcolor="#000000" bgcolor="#BFFFBF"
             type="rectangle" x="1043" y="983" width="46" height="17"/>
    </entry>
    <entry id="86" name="hsa:6514" type="gene"
        link="http://www.kegg.jp/dbget-bin/www_bget?hsa:6514">
        <graphics name="SLC2A2, GLUT2" fgcolor="#000000" bgcolor="#BFFFBF"
             type="rectangle" x="1285" y="985" width="46" height="17"/>
    </entry>
    <entry id="87" name="cpd:C00031" type="compound"
        link="http://www.kegg.jp/dbget-bin/www_bget?C00031">
        <graphics name="C00031" fgcolor="#000000" bgcolor="#FFFFFF"
             type="circle" x="1339" y="985" width="8" height="8"/>
    </entry>
    <entry id="89" name="hsa:5105 hsa:5106" type="gene"
        link="http://www.kegg.jp/dbget-bin/www_bget?hsa:5105+hsa:5106">
        <graphics name="PCK1, PCKDC, PEPCK-C, PEPCK1, PEPCKC..." fgcolor="#000000" bgcolor="#BFFFBF"
             type="rectangle" x="1192" y="973" width="46" height="17"/>
    </entry>
    <entry id="90" name="hsa:2538 hsa:57818 hsa:92579" type="gene"
        link="http://www.kegg.jp/dbget-bin/www_bget?hsa:2538+hsa:57818+hsa:92579">
        <graphics name="G6PC, G6PC1, G6PT, G6Pase, GSD1, GSD1a..." fgcolor="#000000" bgcolor="#BFFFBF"
             type="rectangle" x="1192" y="996" width="46" height="17"/>
    </entry>
    <entry id="91" name="path:hsa04151" type="map"
        link="http://www.kegg.jp/dbget-bin/www_bget?hsa04151">
        <graphics name="PI3K-Akt signaling pathway" fgcolor="#000000" bgcolor="#FFFFFF"
             type="roundrectangle" x="893" y="813" width="98" height="34"/>
    </entry>
    <entry id="92" name="cpd:C00162" type="compound"
        link="http://www.kegg.jp/dbget-bin/www_bget?C00162">
        <graphics name="C00162" fgcolor="#000000" bgcolor="#FFFFFF"
             type="circle" x="532" y="1228" width="8" height="8"/>
    </entry>
    <entry id="93" name="hsa:10891" type="gene"
        link="http://www.kegg.jp/dbget-bin/www_bget?hsa:10891">
        <graphics name="PPARGC1A, LEM6, PGC-1(alpha), PGC-1alpha, PGC-1v, PGC1, PGC1A, PPARGC1" fgcolor="#000000" bgcolor="#BFFFBF"
             type="rectangle" x="813" y="983" width="46" height="17"/>
    </entry>
    <entry id="94" name="hsa:5465" type="gene"
        link="http://www.kegg.jp/dbget-bin/www_bget?hsa:5465">
        <graphics name="PPARA, NR1C1, PPAR, PPARalpha, hPPAR" fgcolor="#000000" bgcolor="#BFFFBF"
             type="rectangle" x="813" y="943" width="46" height="17"/>
    </entry>
    <entry id="95" name="hsa:57761" type="gene"
        link="http://www.kegg.jp/dbget-bin/www_bget?hsa:57761">
        <graphics name="TRIB3, C20orf97, NIPK, SINK, SKIP3, TRB3" fgcolor="#000000" bgcolor="#BFFFBF"
             type="rectangle" x="813" y="897" width="46" height="17"/>
    </entry>
    <entry id="96" name="ko:K11533" type="ortholog"
        link="http://www.kegg.jp/dbget-bin/www_bget?K11533">
        <graphics name="K11533" fgcolor="#000000" bgcolor="#FFFFFF"
             type="rectangle" x="559" y="1164" width="46" height="17"/>
    </entry>
    <entry id="97" name="path:hsa00061" type="map"
        link="http://www.kegg.jp/dbget-bin/www_bget?hsa00061">
        <graphics name="Fatty acid biosynthesis" fgcolor="#000000" bgcolor="#FFFFFF"
             type="roundrectangle" x="583" y="1195" width="92" height="34"/>
    </entry>
    <entry id="98" name="hsa:10062 hsa:7376" type="gene"
        link="http://www.kegg.jp/dbget-bin/www_bget?hsa:10062+hsa:7376">
        <graphics name="NR1H3, LXR-a, LXRA, RLD-1..." fgcolor="#000000" bgcolor="#BFFFBF"
             type="rectangle" x="431" y="897" width="46" height="17"/>
    </entry>
    <entry id="99" name="cpd:C00083" type="compound"
        link="http://www.kegg.jp/dbget-bin/www_bget?C00083">
        <graphics name="C00083" fgcolor="#000000" bgcolor="#FFFFFF"
             type="circle" x="508" y="491" width="8" height="8"/>
    </entry>
    <entry id="100" name="cpd:C00422" type="compound"
        link="http://www.kegg.jp/dbget-bin/www_bget?C00422">
        <graphics name="C00422" fgcolor="#000000" bgcolor="#FFFFFF"
             type="circle" x="617" y="1228" width="8" height="8"/>
    </entry>
    <entry id="102" name="hsa:6720" type="gene"
        link="http://www.kegg.jp/dbget-bin/www_bget?hsa:6720">
        <graphics name="SREBF1, SREBP1, bHLHd1" fgcolor="#000000" bgcolor="#BFFFBF"
             type="rectangle" x="813" y="729" width="46" height="17"/>
    </entry>
    <entry id="103" name="hsa:5499 hsa:5500 hsa:5501 hsa:5506 hsa:5507 hsa:5509 hsa:79660 hsa:90673" type="gene"
        link="http://www.kegg.jp/dbget-bin/www_bget?hsa:5499+hsa:5500+hsa:5501+hsa:5506+hsa:5507+hsa:5509+hsa:79660+hsa:90673">
        <graphics name="PPP1CA, PP-1A, PP1A, PP1alpha, PPP1A..." fgcolor="#000000" bgcolor="#BFFFBF"
             type="rectangle" x="1043" y="896" width="46" height="17"/>
    </entry>
    <entry id="104" name="cpd:C00369" type="compound"
        link="http://www.kegg.jp/dbget-bin/www_bget?C00369">
        <graphics name="C00369" fgcolor="#000000" bgcolor="#FFFFFF"
             type="circle" x="1227" y="850" width="8" height="8"/>
    </entry>
    <entry id="105" name="hsa:2997 hsa:2998" type="gene"
        link="http://www.kegg.jp/dbget-bin/www_bget?hsa:2997+hsa:2998">
        <graphics name="GYS1, GSY, GYS..." fgcolor="#000000" bgcolor="#BFFFBF"
             type="rectangle" x="1146" y="850" width="46" height="17"/>
    </entry>
    <entry id="106" name="hsa:5834 hsa:5836 hsa:5837" type="gene"
        link="http://www.kegg.jp/dbget-bin/www_bget?hsa:5834+hsa:5836+hsa:5837">
        <graphics name="PYGB, GPBB..." fgcolor="#000000" bgcolor="#BFFFBF"
             type="rectangle" x="1146" y="896" width="46" height="17"/>
    </entry>
    <entry id="107" name="hsa:6513 hsa:6514" type="gene"
        link="http://www.kegg.jp/dbget-bin/www_bget?hsa:6513+hsa:6514">
        <graphics name="SLC2A1, CSE, DYT17, DYT18, DYT9, EIG12, GLUT, GLUT-1, GLUT1, GLUT1DS, HTLVR, PED, SDCHCN..." fgcolor="#000000" bgcolor="#BFFFBF"
             type="rectangle" x="319" y="1691" width="46" height="17"/>
    </entry>
    <entry id="108" name="cpd:C00031" type="compound"
        link="http://www.kegg.jp/dbget-bin/www_bget?C00031">
        <graphics name="C00031" fgcolor="#000000" bgcolor="#FFFFFF"
             type="circle" x="254" y="1690" width="8" height="8"/>
    </entry>
    <entry id="109" name="cpd:C00031" type="compound"
        link="http://www.kegg.jp/dbget-bin/www_bget?C00031">
        <graphics name="C00031" fgcolor="#000000" bgcolor="#FFFFFF"
             type="circle" x="424" y="1690" width="8" height="8"/>
    </entry>
    <entry id="110" name="cpd:C00043" type="compound"
        link="http://www.kegg.jp/dbget-bin/www_bget?C00043">
        <graphics name="C00043" fgcolor="#000000" bgcolor="#FFFFFF"
             type="circle" x="821" y="1691" width="8" height="8"/>
    </entry>
    <entry id="111" name="cpd:C00092" type="compound"
        link="http://www.kegg.jp/dbget-bin/www_bget?C00092">
        <graphics name="C00092" fgcolor="#000000" bgcolor="#FFFFFF"
             type="circle" x="496" y="1690" width="8" height="8"/>
    </entry>
    <entry id="112" name="cpd:C00085" type="compound"
        link="http://www.kegg.jp/dbget-bin/www_bget?C00085">
        <graphics name="C00085" fgcolor="#000000" bgcolor="#FFFFFF"
             type="circle" x="562" y="1690" width="8" height="8"/>
    </entry>
    <entry id="113" name="hsa:2673 hsa:9945" type="gene"
        link="http://www.kegg.jp/dbget-bin/www_bget?hsa:2673+hsa:9945">
        <graphics name="GFPT1, CMS12, CMSTA1, GFA, GFAT, GFAT_1, GFAT1, GFAT1m, GFPT, GFPT1L, MSLG..." fgcolor="#000000" bgcolor="#BFFFBF"
             type="rectangle" x="603" y="1678" width="46" height="17"/>
    </entry>
    <entry id="114" name="cpd:C00352" type="compound"
        link="http://www.kegg.jp/dbget-bin/www_bget?C00352">
        <graphics name="C00352" fgcolor="#000000" bgcolor="#FFFFFF"
             type="circle" x="650" y="1690" width="8" height="8"/>
    </entry>
    <entry id="115" name="cpd:C06156" type="compound"
        link="http://www.kegg.jp/dbget-bin/www_bget?C06156">
        <graphics name="C06156" fgcolor="#000000" bgcolor="#FFFFFF"
             type="circle" x="730" y="1690" width="8" height="8"/>
    </entry>
    <entry id="116" name="hsa:3643" type="gene"
        link="http://www.kegg.jp/dbget-bin/www_bget?hsa:3643">
        <graphics name="INSR, CD220, HHF5" fgcolor="#000000" bgcolor="#BFFFBF"
             type="rectangle" x="319" y="1454" width="46" height="17"/>
    </entry>
    <entry id="117" name="hsa:3630" type="gene"
        link="http://www.kegg.jp/dbget-bin/www_bget?hsa:3630">
        <graphics name="INS, IDDM, IDDM1, IDDM2, ILPR, IRDN, MODY10" fgcolor="#000000" bgcolor="#BFFFBF"
             type="rectangle" x="221" y="1454" width="46" height="17"/>
    </entry>
    <entry id="118" name="hsa:3667" type="gene"
        link="http://www.kegg.jp/dbget-bin/www_bget?hsa:3667">
        <graphics name="IRS1, HIRS-1" fgcolor="#000000" bgcolor="#BFFFBF"
             type="rectangle" x="470" y="1454" width="46" height="17"/>
    </entry>
    <entry id="119" name="cpd:C05981" type="compound"
        link="http://www.kegg.jp/dbget-bin/www_bget?C05981">
        <graphics name="C05981" fgcolor="#000000" bgcolor="#FFFFFF"
             type="circle" x="718" y="1453" width="8" height="8"/>
    </entry>
    <entry id="120" name="hsa:5290 hsa:5291 hsa:5293 hsa:5295 hsa:5296 hsa:8503" type="gene"
        link="http://www.kegg.jp/dbget-bin/www_bget?hsa:5290+hsa:5291+hsa:5293+hsa:5295+hsa:5296+hsa:8503">
        <graphics name="PIK3CA, CLAPO, CLOVE, CWS5, MCAP, MCM, MCMTC, PI3K, PI3K-alpha, p110-alpha..." fgcolor="#000000" bgcolor="#BFFFBF"
             type="rectangle" x="603" y="1454" width="46" height="17"/>
    </entry>
    <entry id="121" name="hsa:5170" type="gene"
        link="http://www.kegg.jp/dbget-bin/www_bget?hsa:5170">
        <graphics name="PDPK1, PDK1, PDPK2, PDPK2P, PRO0461" fgcolor="#000000" bgcolor="#BFFFBF"
             type="rectangle" x="813" y="1454" width="46" height="17"/>
    </entry>
    <entry id="122" name="hsa:10000 hsa:207 hsa:208" type="gene"
        link="http://www.kegg.jp/dbget-bin/www_bget?hsa:10000+hsa:207+hsa:208">
        <graphics name="AKT3, MPPH, MPPH2, PKB-GAMMA, PKBG, PRKBG, RAC-PK-gamma, RAC-gamma, STK-2..." fgcolor="#000000" bgcolor="#BFFFBF"
             type="rectangle" x="927" y="1454" width="46" height="17"/>
    </entry>
    <entry id="123" name="hsa:2932" type="gene"
        link="http://www.kegg.jp/dbget-bin/www_bget?hsa:2932">
        <graphics name="GSK3B" fgcolor="#000000" bgcolor="#BFFFBF"
             type="rectangle" x="943" y="1532" width="46" height="17"/>
    </entry>
    <entry id="124" name="hsa:2308" type="gene"
        link="http://www.kegg.jp/dbget-bin/www_bget?hsa:2308">
        <graphics name="FOXO1, FKH1, FKHR, FOXO1A" fgcolor="#000000" bgcolor="#BFFFBF"
             type="rectangle" x="1146" y="1676" width="46" height="17"/>
    </entry>
    <entry id="125" name="hsa:5728" type="gene"
        link="http://www.kegg.jp/dbget-bin/www_bget?hsa:5728">
        <graphics name="PTEN, 10q23del, BZS, CWS1, DEC, GLM2, MHAM, MMAC1, PTEN1, PTENbeta, TEP1" fgcolor="#000000" bgcolor="#BFFFBF"
             type="rectangle" x="717" y="1392" width="46" height="17"/>
    </entry>
    <entry id="127" name="hsa:10724" type="gene"
        link="http://www.kegg.jp/dbget-bin/www_bget?hsa:10724">
        <graphics name="OGA, MEA5, MGEA5, NCOAT" fgcolor="#000000" bgcolor="#BFFFBF"
             type="rectangle" x="602" y="1629" width="46" height="17"/>
    </entry>
    <entry id="128" name="hsa:8473" type="gene"
        link="http://www.kegg.jp/dbget-bin/www_bget?hsa:8473">
        <graphics name="OGT, HINCUT-1, HRNT1, MRX106, O-GLCNAC, OGT1" fgcolor="#000000" bgcolor="#BFFFBF"
             type="rectangle" x="778" y="1653" width="46" height="17"/>
    </entry>
    <entry id="129" name="hsa:4846" type="gene"
        link="http://www.kegg.jp/dbget-bin/www_bget?hsa:4846">
        <graphics name="NOS3, ECNOS, eNOS" fgcolor="#000000" bgcolor="#BFFFBF"
             type="rectangle" x="850" y="1534" width="46" height="17"/>
    </entry>
    <entry id="130" name="hsa:10891" type="gene"
        link="http://www.kegg.jp/dbget-bin/www_bget?hsa:10891">
        <graphics name="PPARGC1A, LEM6, PGC-1(alpha), PGC-1alpha, PGC-1v, PGC1, PGC1A, PPARGC1" fgcolor="#000000" bgcolor="#BFFFBF"
             type="rectangle" x="943" y="1705" width="46" height="17"/>
    </entry>
    <entry id="131" name="hsa:8473" type="gene"
        link="http://www.kegg.jp/dbget-bin/www_bget?hsa:8473">
        <graphics name="OGT, HINCUT-1, HRNT1, MRX106, O-GLCNAC, OGT1" fgcolor="#000000" bgcolor="#BFFFBF"
             type="rectangle" x="849" y="1716" width="46" height="17"/>
    </entry>
    <entry id="132" name="hsa:200186" type="gene"
        link="http://www.kegg.jp/dbget-bin/www_bget?hsa:200186">
        <graphics name="CRTC2, TORC-2, TORC2" fgcolor="#000000" bgcolor="#BFFFBF"
             type="rectangle" x="943" y="1733" width="46" height="17"/>
    </entry>
    <entry id="133" name="hsa:10488 hsa:1385 hsa:148327 hsa:64764 hsa:84699 hsa:90993 hsa:9586" type="gene"
        link="http://www.kegg.jp/dbget-bin/www_bget?hsa:10488+hsa:1385+hsa:148327+hsa:64764+hsa:84699+hsa:90993+hsa:9586">
        <graphics name="CREB3, LUMAN, LZIP, sLZIP..." fgcolor="#000000" bgcolor="#BFFFBF"
             type="rectangle" x="1146" y="1733" width="46" height="17"/>
    </entry>
    <entry id="134" name="hsa:10062 hsa:7376" type="gene"
        link="http://www.kegg.jp/dbget-bin/www_bget?hsa:10062+hsa:7376">
        <graphics name="NR1H3, LXR-a, LXRA, RLD-1..." fgcolor="#000000" bgcolor="#BFFFBF"
             type="rectangle" x="943" y="1613" width="46" height="17"/>
    </entry>
    <entry id="135" name="hsa:6720" type="gene"
        link="http://www.kegg.jp/dbget-bin/www_bget?hsa:6720">
        <graphics name="SREBF1, SREBP1, bHLHd1" fgcolor="#000000" bgcolor="#BFFFBF"
             type="rectangle" x="1146" y="1613" width="46" height="17"/>
    </entry>
    <entry id="136" name="hsa:2997 hsa:2998" type="gene"
        link="http://www.kegg.jp/dbget-bin/www_bget?hsa:2997+hsa:2998">
        <graphics name="GYS1, GSY, GYS..." fgcolor="#000000" bgcolor="#BFFFBF"
             type="rectangle" x="1146" y="1532" width="46" height="17"/>
    </entry>
    <entry id="137" name="hsa:22877 hsa:51085 hsa:6945" type="gene"
        link="http://www.kegg.jp/dbget-bin/www_bget?hsa:22877+hsa:51085+hsa:6945">
        <graphics name="MLXIP, MIR, MONDOA, bHLHe36..." fgcolor="#000000" bgcolor="#BFFFBF"
             type="rectangle" x="1146" y="1642" width="46" height="17"/>
    </entry>
    <entry id="138" name="cpd:C00031" type="compound"
        link="http://www.kegg.jp/dbget-bin/www_bget?C00031">
        <graphics name="C00031" fgcolor="#000000" bgcolor="#FFFFFF"
             type="circle" x="1339" y="1454" width="8" height="8"/>
    </entry>
    <entry id="139" name="hsa:6517" type="gene"
        link="http://www.kegg.jp/dbget-bin/www_bget?hsa:6517">
        <graphics name="SLC2A4, GLUT4" fgcolor="#000000" bgcolor="#BFFFBF"
             type="rectangle" x="1285" y="1450" width="46" height="17"/>
    </entry>
    <entry id="140" name="gl:G00369" type="compound"
        link="http://www.kegg.jp/dbget-bin/www_bget?G00369">
        <graphics name="G00369" fgcolor="#000000" bgcolor="#FFFFFF"
             type="circle" x="1227" y="1531" width="8" height="8"/>
    </entry>
    <entry id="141" name="path:hsa00514" type="map"
        link="http://www.kegg.jp/dbget-bin/www_bget?hsa00514">
        <graphics name="Other types of O-glycan biosynthesis" fgcolor="#000000" bgcolor="#FFFFFF"
             type="roundrectangle" x="457" y="1597" width="119" height="34"/>
    </entry>
    <entry id="143" name="cpd:C00533" type="compound"
        link="http://www.kegg.jp/dbget-bin/www_bget?C00533">
        <graphics name="C00533" fgcolor="#000000" bgcolor="#FFFFFF"
             type="circle" x="849" y="1479" width="8" height="8"/>
    </entry>
    <entry id="144" name="path:hsa00520" type="map"
        link="http://www.kegg.jp/dbget-bin/www_bget?hsa00520">
        <graphics name="Amino sugar and nucleotide sugar metabolism" fgcolor="#000000" bgcolor="#FFFFFF"
             type="roundrectangle" x="708" y="1738" width="158" height="34"/>
    </entry>
    <entry id="145" name="hsa:57761" type="gene"
        link="http://www.kegg.jp/dbget-bin/www_bget?hsa:57761">
        <graphics name="TRIB3, C20orf97, NIPK, SINK, SKIP3, TRB3" fgcolor="#000000" bgcolor="#BFFFBF"
             type="rectangle" x="813" y="380" width="46" height="17"/>
    </entry>
    <entry id="146" name="hsa:51422 hsa:53632 hsa:5562 hsa:5563 hsa:5564 hsa:5565 hsa:5571" type="gene"
        link="http://www.kegg.jp/dbget-bin/www_bget?hsa:51422+hsa:53632+hsa:5562+hsa:5563+hsa:5564+hsa:5565+hsa:5571">
        <graphics name="PRKAG2, AAKG, AAKG2, CMH6, H91620p, WPWS..." fgcolor="#000000" bgcolor="#BFFFBF"
             type="rectangle" x="460" y="553" width="46" height="17"/>
    </entry>
    <entry id="147" name="ko:K14497" type="ortholog"
        link="http://www.kegg.jp/dbget-bin/www_bget?K14497">
        <graphics name="K14497" fgcolor="#000000" bgcolor="#FFFFFF"
             type="rectangle" x="381" y="554" width="46" height="17"/>
    </entry>
    <entry id="148" name="hsa:32" type="gene"
        link="http://www.kegg.jp/dbget-bin/www_bget?hsa:32">
        <graphics name="ACACB, ACC2, ACCB, HACC275" fgcolor="#000000" bgcolor="#BFFFBF"
             type="rectangle" x="460" y="507" width="46" height="17"/>
    </entry>
    <entry id="149" name="cpd:C00024" type="compound"
        link="http://www.kegg.jp/dbget-bin/www_bget?C00024">
        <graphics name="C00024" fgcolor="#000000" bgcolor="#FFFFFF"
             type="circle" x="423" y="491" width="8" height="8"/>
    </entry>
    <entry id="150" name="hsa:1374" type="gene"
        link="http://www.kegg.jp/dbget-bin/www_bget?hsa:1374">
        <graphics name="CPT1A, CPT1, CPT1-L, L-CPT1" fgcolor="#000000" bgcolor="#BFFFBF"
             type="rectangle" x="536" y="1071" width="46" height="17"/>
    </entry>
    <entry id="151" name="path:hsa04910" type="map"
        link="http://www.kegg.jp/dbget-bin/www_bget?hsa04910">
        <graphics name="Insulin signaling pathway" fgcolor="#000000" bgcolor="#FFFFFF"
             type="roundrectangle" x="1321" y="166" width="100" height="34"/>
    </entry>
    <entry id="152" name="path:hsa04151" type="map"
        link="http://www.kegg.jp/dbget-bin/www_bget?hsa04151">
        <graphics name="PI3K-Akt signaling pathway" fgcolor="#000000" bgcolor="#FFFFFF"
             type="roundrectangle" x="723" y="1492" width="108" height="34"/>
    </entry>
    <entry id="153" name="path:hsa04668" type="map"
        link="http://www.kegg.jp/dbget-bin/www_bget?hsa04668">
        <graphics name="TNF signaling pathway" fgcolor="#000000" bgcolor="#FFFFFF"
             type="roundrectangle" x="213" y="278" width="98" height="34"/>
    </entry>
    <entry id="154" name="path:map04688" type="map"
        link="http://www.kegg.jp/dbget-bin/www_bget?map04688">
        <graphics fgcolor="#000000" bgcolor="#FFFFFF"
             type="roundrectangle" x="231" y="696" width="98" height="34"/>
    </entry>
    <entry id="155" name="path:hsa00010" type="map"
        link="http://www.kegg.jp/dbget-bin/www_bget?hsa00010">
        <graphics name="Glycolysis / Gluconeogenesis" fgcolor="#000000" bgcolor="#FFFFFF"
             type="roundrectangle" x="243" y="995" width="92" height="34"/>
    </entry>
    <entry id="156" name="path:hsa04150" type="map"
        link="http://www.kegg.jp/dbget-bin/www_bget?hsa04150">
        <graphics name="mTOR signaling pathway" fgcolor="#000000" bgcolor="#FFFFFF"
             type="roundrectangle" x="817" y="128" width="99" height="34"/>
    </entry>
    <entry id="157" name="hsa:183" type="gene"
        link="http://www.kegg.jp/dbget-bin/www_bget?hsa:183">
        <graphics name="AGT, ANHU, SERPINA8, hFLT1" fgcolor="#000000" bgcolor="#BFFFBF"
             type="rectangle" x="234" y="423" width="46" height="17"/>
    </entry>
    <relation entry1="22" entry2="41" type="PPrel">
        <subtype name="activation" value="--&gt;"/>
        <subtype name="indirect effect" value="..&gt;"/>
    </relation>
    <relation entry1="41" entry2="34" type="PPrel">
        <subtype name="activation" value="--&gt;"/>
        <subtype name="phosphorylation" value="+p"/>
    </relation>
    <relation entry1="34" entry2="36" type="PPrel">
        <subtype name="activation" value="--&gt;"/>
        <subtype name="dephosphorylation" value="-p"/>
    </relation>
    <relation entry1="36" entry2="35" type="PCrel">
        <subtype name="activation" value="--&gt;"/>
    </relation>
    <relation entry1="22" entry2="10" type="PPrel">
        <subtype name="activation" value="--&gt;"/>
    </relation>
    <relation entry1="10" entry2="11" type="PPrel">
        <subtype name="activation" value="--&gt;"/>
        <subtype name="phosphorylation" value="+p"/>
    </relation>
    <relation entry1="11" entry2="12" type="PPrel">
        <subtype name="activation" value="--&gt;"/>
    </relation>
    <relation entry1="39" entry2="10" type="PPrel">
        <subtype name="inhibition" value="--|"/>
    </relation>
    <relation entry1="39" entry2="11" type="PPrel">
        <subtype name="inhibition" value="--|"/>
        <subtype name="dephosphorylation" value="-p"/>
    </relation>
    <relation entry1="8" entry2="9" type="PPrel">
        <subtype name="activation" value="--&gt;"/>
        <subtype name="phosphorylation" value="+p"/>
    </relation>
    <relation entry1="9" entry2="11" type="PPrel">
        <subtype name="inhibition" value="--|"/>
        <subtype name="phosphorylation" value="+p"/>
    </relation>
    <relation entry1="12" entry2="40" type="PPrel">
        <subtype name="activation" value="--&gt;"/>
    </relation>
    <relation entry1="14" entry2="36" type="PPrel">
        <subtype name="inhibition" value="--|"/>
        <subtype name="phosphorylation" value="+p"/>
    </relation>
    <relation entry1="33" entry2="10" type="PPrel">
        <subtype name="inhibition" value="--|"/>
        <subtype name="phosphorylation" value="+p"/>
    </relation>
    <relation entry1="26" entry2="27" type="PPrel">
        <subtype name="activation" value="--&gt;"/>
        <subtype name="indirect effect" value="..&gt;"/>
    </relation>
    <relation entry1="27" entry2="28" type="GErel">
        <subtype name="expression" value="--&gt;"/>
    </relation>
    <relation entry1="28" entry2="11" type="PPrel">
        <subtype name="inhibition" value="--|"/>
        <subtype name="indirect effect" value="..&gt;"/>
    </relation>
    <relation entry1="2" entry2="4" type="PPrel">
        <subtype name="activation" value="--&gt;"/>
    </relation>
    <relation entry1="4" entry2="1" type="PPrel">
        <subtype name="activation" value="--&gt;"/>
        <subtype name="indirect effect" value="..&gt;"/>
    </relation>
    <relation entry1="4" entry2="7" type="PPrel">
        <subtype name="activation" value="--&gt;"/>
        <subtype name="indirect effect" value="..&gt;"/>
    </relation>
    <relation entry1="7" entry2="31" type="PPrel">
        <subtype name="activation" value="--&gt;"/>
        <subtype name="phosphorylation" value="+p"/>
    </relation>
    <relation entry1="31" entry2="32" type="PPrel">
        <subtype name="dissociation" value="-+-"/>
    </relation>
    <relation entry1="32" entry2="37" type="PPrel">
        <subtype name="activation" value="--&gt;"/>
        <subtype name="indirect effect" value="..&gt;"/>
    </relation>
    <relation entry1="37" entry2="38" type="PCrel">
        <subtype name="activation" value="--&gt;"/>
        <subtype name="indirect effect" value="..&gt;"/>
    </relation>
    <relation entry1="145" entry2="13" type="PPrel">
        <subtype name="inhibition" value="--|"/>
    </relation>
    <relation entry1="146" entry2="148" type="PPrel">
        <subtype name="inhibition" value="--|"/>
        <subtype name="phosphorylation" value="+p"/>
    </relation>
    <relation entry1="99" entry2="29" type="PCrel">
        <subtype name="inhibition" value="--|"/>
    </relation>
    <relation entry1="23" entry2="17" type="PCrel">
        <subtype name="activation" value="--&gt;"/>
    </relation>
    <relation entry1="23" entry2="24" type="PCrel">
        <subtype name="activation" value="--&gt;"/>
    </relation>
    <relation entry1="17" entry2="11" type="PPrel">
        <subtype name="inhibition" value="--|"/>
        <subtype name="phosphorylation" value="+p"/>
    </relation>
    <relation entry1="24" entry2="13" type="PPrel">
        <subtype name="inhibition" value="--|"/>
        <subtype name="dephosphorylation" value="-p"/>
    </relation>
    <relation entry1="38" entry2="11" type="PCrel">
        <subtype name="inhibition" value="--|"/>
    </relation>
    <relation entry1="1" entry2="11" type="PPrel">
        <subtype name="inhibition" value="--|"/>
        <subtype name="phosphorylation" value="+p"/>
    </relation>
    <relation entry1="7" entry2="11" type="PPrel">
        <subtype name="inhibition" value="--|"/>
        <subtype name="phosphorylation" value="+p"/>
    </relation>
    <relation entry1="32" entry2="26" type="GErel">
        <subtype name="expression" value="--&gt;"/>
    </relation>
    <relation entry1="32" entry2="2" type="GErel">
        <subtype name="expression" value="--&gt;"/>
    </relation>
    <relation entry1="51" entry2="52" type="PPrel">
        <subtype name="activation" value="--&gt;"/>
        <subtype name="indirect effect" value="..&gt;"/>
    </relation>
    <relation entry1="52" entry2="53" type="GErel">
        <subtype name="expression" value="--&gt;"/>
    </relation>
    <relation entry1="53" entry2="102" type="PPrel">
        <subtype name="indirect effect" value="..&gt;"/>
    </relation>
    <relation entry1="53" entry2="50" type="PPrel">
        <subtype name="inhibition" value="--|"/>
    </relation>
    <relation entry1="53" entry2="45" type="PPrel">
        <subtype name="inhibition" value="--|"/>
    </relation>
    <relation entry1="102" entry2="45" type="PPrel">
        <subtype name="inhibition" value="--|"/>
        <subtype name="indirect effect" value="..&gt;"/>
    </relation>
    <relation entry1="55" entry2="56" type="PPrel">
        <subtype name="activation" value="--&gt;"/>
    </relation>
    <relation entry1="56" entry2="54" type="PPrel">
        <subtype name="activation" value="--&gt;"/>
        <subtype name="indirect effect" value="..&gt;"/>
    </relation>
    <relation entry1="56" entry2="57" type="PPrel">
        <subtype name="activation" value="--&gt;"/>
        <subtype name="indirect effect" value="..&gt;"/>
    </relation>
    <relation entry1="54" entry2="50" type="PPrel">
        <subtype name="inhibition" value="--|"/>
        <subtype name="phosphorylation" value="+p"/>
    </relation>
    <relation entry1="54" entry2="45" type="PPrel">
        <subtype name="inhibition" value="--|"/>
        <subtype name="phosphorylation" value="+p"/>
    </relation>
    <relation entry1="57" entry2="50" type="PPrel">
        <subtype name="inhibition" value="--|"/>
        <subtype name="phosphorylation" value="+p"/>
    </relation>
    <relation entry1="57" entry2="45" type="PPrel">
        <subtype name="inhibition" value="--|"/>
        <subtype name="phosphorylation" value="+p"/>
    </relation>
    <relation entry1="57" entry2="58" type="PPrel">
        <subtype name="activation" value="--&gt;"/>
        <subtype name="phosphorylation" value="+p"/>
    </relation>
    <relation entry1="58" entry2="59" type="PPrel">
        <subtype name="dissociation" value="-+-"/>
    </relation>
    <relation entry1="59" entry2="55" type="GErel">
        <subtype name="expression" value="--&gt;"/>
    </relation>
    <relation entry1="59" entry2="51" type="GErel">
        <subtype name="expression" value="--&gt;"/>
    </relation>
    <relation entry1="49" entry2="44" type="PPrel">
        <subtype name="activation" value="--&gt;"/>
    </relation>
    <relation entry1="44" entry2="45" type="PPrel">
        <subtype name="activation" value="--&gt;"/>
        <subtype name="phosphorylation" value="+p"/>
    </relation>
    <relation entry1="44" entry2="50" type="PPrel">
        <subtype name="activation" value="--&gt;"/>
        <subtype name="phosphorylation" value="+p"/>
    </relation>
    <relation entry1="45" entry2="46" type="PPrel">
        <subtype name="activation" value="--&gt;"/>
    </relation>
    <relation entry1="50" entry2="46" type="PPrel">
        <subtype name="activation" value="--&gt;"/>
    </relation>
    <relation entry1="48" entry2="105" type="PPrel">
        <subtype name="inhibition" value="--|"/>
        <subtype name="phosphorylation" value="+p"/>
    </relation>
    <relation entry1="105" entry2="104" type="PCrel">
        <subtype name="activation" value="--&gt;"/>
    </relation>
    <relation entry1="103" entry2="105" type="PPrel">
        <subtype name="activation" value="--&gt;"/>
        <subtype name="dephosphorylation" value="-p"/>
    </relation>
    <relation entry1="103" entry2="106" type="PPrel">
        <subtype name="inhibition" value="--|"/>
        <subtype name="dephosphorylation" value="-p"/>
        <subtype name="indirect effect" value="..&gt;"/>
    </relation>
    <relation entry1="106" entry2="87" type="PCrel">
        <subtype name="activation" value="--&gt;"/>
        <subtype name="indirect effect" value="..&gt;"/>
    </relation>
    <relation entry1="49" entry2="98" type="PPrel">
        <subtype name="activation" value="--&gt;"/>
        <subtype name="indirect effect" value="..&gt;"/>
    </relation>
    <relation entry1="49" entry2="82" type="PPrel">
        <subtype name="activation" value="--&gt;"/>
        <subtype name="indirect effect" value="..&gt;"/>
    </relation>
    <relation entry1="98" entry2="82" type="PPrel">
        <subtype name="activation" value="--&gt;"/>
        <subtype name="indirect effect" value="..&gt;"/>
    </relation>
    <relation entry1="80" entry2="81" type="PCrel">
        <subtype name="indirect effect" value="..&gt;"/>
    </relation>
    <relation entry1="81" entry2="82" type="PPrel">
        <subtype name="activation" value="--&gt;"/>
    </relation>
    <relation entry1="80" entry2="78" type="PCrel">
        <subtype name="activation" value="--&gt;"/>
        <subtype name="indirect effect" value="..&gt;"/>
    </relation>
    <relation entry1="81" entry2="78" type="PPrel">
        <subtype name="activation" value="--&gt;"/>
    </relation>
    <relation entry1="82" entry2="61" type="GErel">
        <subtype name="expression" value="--&gt;"/>
    </relation>
    <relation entry1="78" entry2="61" type="GErel">
        <subtype name="expression" value="--&gt;"/>
    </relation>
    <relation entry1="72" entry2="77" type="PCrel">
        <subtype name="indirect effect" value="..&gt;"/>
    </relation>
    <relation entry1="62" entry2="150" type="PCrel">
        <subtype name="inhibition" value="--|"/>
    </relation>
    <relation entry1="69" entry2="60" type="PCrel">
        <subtype name="activation" value="--&gt;"/>
    </relation>
    <relation entry1="69" entry2="67" type="PCrel">
        <subtype name="activation" value="--&gt;"/>
    </relation>
    <relation entry1="60" entry2="63" type="PPrel">
        <subtype name="activation" value="--&gt;"/>
    </relation>
    <relation entry1="63" entry2="45" type="PPrel">
        <subtype name="inhibition" value="--|"/>
        <subtype name="phosphorylation" value="+p"/>
    </relation>
    <relation entry1="70" entry2="71" type="PCrel">
        <subtype name="activation" value="--&gt;"/>
    </relation>
    <relation entry1="71" entry2="47" type="PPrel">
        <subtype name="inhibition" value="--|"/>
        <subtype name="dephosphorylation" value="-p"/>
    </relation>
    <relation entry1="93" entry2="94" type="PPrel">
        <subtype name="activation" value="--&gt;"/>
    </relation>
    <relation entry1="94" entry2="95" type="PPrel">
        <subtype name="activation" value="--&gt;"/>
    </relation>
    <relation entry1="95" entry2="47" type="PPrel">
        <subtype name="inhibition" value="--|"/>
    </relation>
    <relation entry1="85" entry2="89" type="GErel">
        <subtype name="expression" value="--&gt;"/>
    </relation>
    <relation entry1="85" entry2="90" type="GErel">
        <subtype name="expression" value="--&gt;"/>
    </relation>
    <relation entry1="89" entry2="87" type="PCrel">
        <subtype name="activation" value="--&gt;"/>
        <subtype name="indirect effect" value="..&gt;"/>
    </relation>
    <relation entry1="90" entry2="87" type="PCrel">
        <subtype name="activation" value="--&gt;"/>
        <subtype name="indirect effect" value="..&gt;"/>
    </relation>
    <relation entry1="117" entry2="116" type="PPrel">
        <subtype name="activation" value="--&gt;"/>
    </relation>
    <relation entry1="116" entry2="118" type="PPrel">
        <subtype name="activation" value="--&gt;"/>
        <subtype name="phosphorylation" value="+p"/>
    </relation>
    <relation entry1="118" entry2="120" type="PPrel">
        <subtype name="activation" value="--&gt;"/>
        <subtype name="phosphorylation" value="+p"/>
    </relation>
    <relation entry1="120" entry2="119" type="PCrel">
        <subtype name="activation" value="--&gt;"/>
    </relation>
    <relation entry1="119" entry2="121" type="PCrel">
        <subtype name="activation" value="--&gt;"/>
    </relation>
    <relation entry1="121" entry2="122" type="PPrel">
        <subtype name="activation" value="--&gt;"/>
        <subtype name="phosphorylation" value="+p"/>
    </relation>
    <relation entry1="125" entry2="119" type="PCrel">
        <subtype name="inhibition" value="--|"/>
        <subtype name="dephosphorylation" value="-p"/>
    </relation>
    <relation entry1="116" entry2="128" type="PPrel">
        <subtype name="activation" value="--&gt;"/>
        <subtype name="phosphorylation" value="+p"/>
    </relation>
    <relation entry1="127" entry2="128" type="PPrel">
        <subtype name="inhibition" value="--|"/>
        <subtype name="indirect effect" value="..&gt;"/>
    </relation>
    <relation entry1="128" entry2="118" type="PPrel">
        <subtype name="inhibition" value="--|"/>
        <subtype name="glycosylation" value="+g"/>
    </relation>
    <relation entry1="128" entry2="120" type="PPrel">
        <subtype name="inhibition" value="--|"/>
        <subtype name="glycosylation" value="+g"/>
    </relation>
    <relation entry1="128" entry2="121" type="PPrel">
        <subtype name="inhibition" value="--|"/>
        <subtype name="glycosylation" value="+g"/>
    </relation>
    <relation entry1="128" entry2="129" type="PPrel">
        <subtype name="glycosylation" value="+g"/>
    </relation>
    <relation entry1="128" entry2="122" type="PPrel">
        <subtype name="inhibition" value="--|"/>
        <subtype name="glycosylation" value="+g"/>
    </relation>
    <relation entry1="128" entry2="123" type="PPrel">
        <subtype name="glycosylation" value="+g"/>
    </relation>
    <relation entry1="136" entry2="128" type="PPrel">
        <subtype name="glycosylation" value="+g"/>
    </relation>
    <relation entry1="128" entry2="134" type="PPrel">
        <subtype name="glycosylation" value="+g"/>
    </relation>
    <relation entry1="128" entry2="137" type="PPrel">
        <subtype name="glycosylation" value="+g"/>
    </relation>
    <relation entry1="131" entry2="132" type="PPrel">
        <subtype name="glycosylation" value="+g"/>
    </relation>
    <relation entry1="131" entry2="124" type="PPrel">
        <subtype name="glycosylation" value="+g"/>
    </relation>
    <relation entry1="122" entry2="129" type="PPrel">
        <subtype name="activation" value="--&gt;"/>
        <subtype name="phosphorylation" value="+p"/>
    </relation>
    <relation entry1="122" entry2="123" type="PPrel">
        <subtype name="inhibition" value="--|"/>
        <subtype name="phosphorylation" value="+p"/>
    </relation>
    <relation entry1="122" entry2="124" type="PPrel">
        <subtype name="inhibition" value="--|"/>
        <subtype name="phosphorylation" value="+p"/>
    </relation>
    <relation entry1="129" entry2="143" type="PCrel">
        <subtype name="activation" value="--&gt;"/>
    </relation>
    <relation entry1="123" entry2="136" type="PPrel">
        <subtype name="inhibition" value="--|"/>
        <subtype name="phosphorylation" value="+p"/>
    </relation>
    <relation entry1="136" entry2="140" type="PCrel">
        <subtype name="activation" value="--&gt;"/>
    </relation>
    <relation entry1="134" entry2="135" type="PPrel">
        <subtype name="activation" value="--&gt;"/>
        <subtype name="indirect effect" value="..&gt;"/>
    </relation>
    <relation entry1="132" entry2="133" type="PPrel">
        <subtype name="activation" value="--&gt;"/>
    </relation>
    <relation entry1="133" entry2="130" type="PPrel">
        <subtype name="activation" value="--&gt;"/>
        <subtype name="indirect effect" value="..&gt;"/>
    </relation>
    <relation entry1="130" entry2="131" type="PPrel">
        <subtype name="activation" value="--&gt;"/>
    </relation>
    <relation entry1="77" entry2="78" type="PPrel">
        <subtype name="activation" value="--&gt;"/>
        <subtype name="dephosphorylation" value="-p"/>
    </relation>
    <relation entry1="60" entry2="44" type="PPrel">
        <subtype name="inhibition" value="--|"/>
        <subtype name="phosphorylation" value="+p"/>
    </relation>
</pathway>
