<?xml version="1.0"?>
<!DOCTYPE pathway SYSTEM "http://www.kegg.jp/kegg/xml/KGML_v0.7.2_.dtd">
<!-- Creation date: Apr 7, 2011 09:25:09 +0900 (GMT+09:00) -->
<pathway name="path:hsa05332" org="hsa" number="05332"
         title="Graft-versus-host disease"
         image="http://www.kegg.jp/kegg/pathway/hsa/hsa05332.png"
         link="http://www.kegg.jp/kegg-bin/show_pathway?hsa05332">
    <entry id="1" name="path:hsa04060" type="map"
        link="http://www.kegg.jp/dbget-bin/www_bget?hsa04060">
        <graphics name="Cytokine-cytokine receptor interaction" fgcolor="#000000" bgcolor="#FFFFFF"
             type="roundrectangle" x="572" y="434" width="113" height="34"/>
    </entry>
    <entry id="2" name="path:hsa04660" type="map"
        link="http://www.kegg.jp/dbget-bin/www_bget?hsa04660">
        <graphics name="T cell receptor signaling pathway" fgcolor="#000000" bgcolor="#FFFFFF"
             type="roundrectangle" x="569" y="123" width="113" height="34"/>
    </entry>
    <entry id="3" name="hsa:3108 hsa:3109 hsa:3111 hsa:3112 hsa:3113 hsa:3115 hsa:3117 hsa:3118 hsa:3119 hsa:3122 hsa:3123 hsa:3125 hsa:3126 hsa:3127" type="gene"
        link="http://www.kegg.jp/dbget-bin/www_bget?hsa:3108+hsa:3109+hsa:3111+hsa:3112+hsa:3113+hsa:3115+hsa:3117+hsa:3118+hsa:3119+hsa:3122+hsa:3123+hsa:3125+hsa:3126+hsa:3127">
        <graphics name="HLA-DMA, D6S222E, DMA, HLADM, RING6..." fgcolor="#000000" bgcolor="#BFFFBF"
             type="rectangle" x="441" y="193" width="46" height="17"/>
    </entry>
    <entry id="4" name="ko:K10784 ko:K10785" type="ortholog"
        link="http://www.kegg.jp/dbget-bin/www_bget?K10784+K10785">
        <graphics name="K10784..." fgcolor="#000000" bgcolor="#FFFFFF"
             type="rectangle" x="521" y="193" width="46" height="17"/>
    </entry>
    <entry id="5" name="path:hsa04612" type="map"
        link="http://www.kegg.jp/dbget-bin/www_bget?hsa04612">
        <graphics name="Antigen processing and presentation" fgcolor="#000000" bgcolor="#FFFFFF"
             type="roundrectangle" x="393" y="123" width="112" height="34"/>
    </entry>
    <entry id="6" name="path:hsa04514" type="map"
        link="http://www.kegg.jp/dbget-bin/www_bget?hsa04514">
        <graphics name="Cell adhesion molecules (CAMs)" fgcolor="#000000" bgcolor="#FFFFFF"
             type="roundrectangle" x="477" y="305" width="113" height="34"/>
    </entry>
    <entry id="7" name="path:hsa05332" type="map"
        link="http://www.kegg.jp/dbget-bin/www_bget?hsa05332">
        <graphics name="TITLE:Graft-versus-host disease" fgcolor="#000000" bgcolor="#FFFFFF"
             type="roundrectangle" x="157" y="58" width="233" height="25"/>
    </entry>
    <entry id="8" name="hsa:355" type="gene"
        link="http://www.kegg.jp/dbget-bin/www_bget?hsa:355">
        <graphics name="FAS, ALPS1A, APO-1, APT1, CD95, FAS1, FASTM, TNFRSF6" fgcolor="#000000" bgcolor="#BFFFBF"
             type="rectangle" x="1023" y="123" width="46" height="17"/>
    </entry>
    <entry id="9" name="hsa:356" type="gene"
        link="http://www.kegg.jp/dbget-bin/www_bget?hsa:356">
        <graphics name="FASLG, ALPS1B, APT1LG1, APTL, CD178, CD95-L, CD95L, FASL, TNFSF6, TNLG1A" fgcolor="#000000" bgcolor="#BFFFBF"
             type="rectangle" x="946" y="123" width="46" height="17"/>
    </entry>
    <entry id="10" name="ko:K10784 ko:K10785" type="ortholog"
        link="http://www.kegg.jp/dbget-bin/www_bget?K10784+K10785">
        <graphics name="K10784..." fgcolor="#000000" bgcolor="#FFFFFF"
             type="rectangle" x="946" y="95" width="46" height="17"/>
    </entry>
    <entry id="11" name="hsa:3105 hsa:3106 hsa:3107 hsa:3133 hsa:3134 hsa:3135" type="gene"
        link="http://www.kegg.jp/dbget-bin/www_bget?hsa:3105+hsa:3106+hsa:3107+hsa:3133+hsa:3134+hsa:3135">
        <graphics name="HLA-A, Aw-33, Aw-74, HLA-A11, HLA-A33, HLA-DQB1, HLA-DRB1, HLAA..." fgcolor="#000000" bgcolor="#BFFFBF"
             type="rectangle" x="1023" y="95" width="46" height="17"/>
    </entry>
    <entry id="12" name="hsa:3002" type="gene"
        link="http://www.kegg.jp/dbget-bin/www_bget?hsa:3002">
        <graphics name="GZMB, CCPI, CGL-1, CGL1, CSP-B, CSPB, CTLA1, CTSGL1, HLP, SECT" fgcolor="#000000" bgcolor="#BFFFBF"
             type="rectangle" x="983" y="190" width="46" height="17"/>
    </entry>
    <entry id="13" name="hsa:5551" type="gene"
        link="http://www.kegg.jp/dbget-bin/www_bget?hsa:5551">
        <graphics name="PRF1, FLH2, HPLH2, P1, PFN1, PFP" fgcolor="#000000" bgcolor="#BFFFBF"
             type="rectangle" x="983" y="165" width="46" height="17"/>
    </entry>
    <entry id="14" name="path:hsa04210" type="map"
        link="http://www.kegg.jp/dbget-bin/www_bget?hsa04210">
        <graphics name="Apoptosis" fgcolor="#000000" bgcolor="#FFFFFF"
             type="roundrectangle" x="1076" y="200" width="112" height="25"/>
    </entry>
    <entry id="15" name="path:hsa04650" type="map"
        link="http://www.kegg.jp/dbget-bin/www_bget?hsa04650">
        <graphics name="Natural killer cell mediated cytotoxicity" fgcolor="#000000" bgcolor="#FFFFFF"
             type="roundrectangle" x="892" y="367" width="112" height="34"/>
    </entry>
    <entry id="16" name="hsa:940" type="gene"
        link="http://www.kegg.jp/dbget-bin/www_bget?hsa:940">
        <graphics name="CD28, Tp44" fgcolor="#000000" bgcolor="#BFFFBF"
             type="rectangle" x="521" y="216" width="46" height="17"/>
    </entry>
    <entry id="17" name="hsa:3458" type="gene"
        link="http://www.kegg.jp/dbget-bin/www_bget?hsa:3458">
        <graphics name="IFNG, IFG, IFI" fgcolor="#000000" bgcolor="#BFFFBF"
             type="rectangle" x="794" y="265" width="46" height="17"/>
    </entry>
    <entry id="18" name="hsa:7124" type="gene"
        link="http://www.kegg.jp/dbget-bin/www_bget?hsa:7124">
        <graphics name="TNF, DIF, TNF-alpha, TNFA, TNFSF2, TNLG1F" fgcolor="#000000" bgcolor="#BFFFBF"
             type="rectangle" x="979" y="471" width="46" height="17"/>
    </entry>
    <entry id="19" name="cpd:C00533" type="compound"
        link="http://www.kegg.jp/dbget-bin/www_bget?C00533">
        <graphics name="C00533" fgcolor="#000000" bgcolor="#FFFFFF"
             type="circle" x="978" y="517" width="8" height="8"/>
    </entry>
    <entry id="20" name="hsa:941 hsa:942" type="gene"
        link="http://www.kegg.jp/dbget-bin/www_bget?hsa:941+hsa:942">
        <graphics name="CD80, B7, B7-1, B7.1, BB1, CD28LG, CD28LG1, LAB7..." fgcolor="#000000" bgcolor="#BFFFBF"
             type="rectangle" x="440" y="216" width="46" height="17"/>
    </entry>
    <entry id="21" name="hsa:355" type="gene"
        link="http://www.kegg.jp/dbget-bin/www_bget?hsa:355">
        <graphics name="FAS, ALPS1A, APO-1, APT1, CD95, FAS1, FASTM, TNFRSF6" fgcolor="#000000" bgcolor="#BFFFBF"
             type="rectangle" x="1023" y="287" width="46" height="17"/>
    </entry>
    <entry id="22" name="hsa:356" type="gene"
        link="http://www.kegg.jp/dbget-bin/www_bget?hsa:356">
        <graphics name="FASLG, ALPS1B, APT1LG1, APTL, CD178, CD95-L, CD95L, FASL, TNFSF6, TNLG1A" fgcolor="#000000" bgcolor="#BFFFBF"
             type="rectangle" x="946" y="287" width="46" height="17"/>
    </entry>
    <entry id="23" name="hsa:3002" type="gene"
        link="http://www.kegg.jp/dbget-bin/www_bget?hsa:3002">
        <graphics name="GZMB, CCPI, CGL-1, CGL1, CSP-B, CSPB, CTLA1, CTSGL1, HLP, SECT" fgcolor="#000000" bgcolor="#BFFFBF"
             type="rectangle" x="983" y="352" width="46" height="17"/>
    </entry>
    <entry id="24" name="hsa:5551" type="gene"
        link="http://www.kegg.jp/dbget-bin/www_bget?hsa:5551">
        <graphics name="PRF1, FLH2, HPLH2, P1, PFN1, PFP" fgcolor="#000000" bgcolor="#BFFFBF"
             type="rectangle" x="983" y="325" width="46" height="17"/>
    </entry>
    <entry id="25" name="hsa:3558" type="gene"
        link="http://www.kegg.jp/dbget-bin/www_bget?hsa:3558">
        <graphics name="IL2, IL-2, TCGF, lymphokine" fgcolor="#000000" bgcolor="#BFFFBF"
             type="rectangle" x="793" y="144" width="46" height="17"/>
    </entry>
    <entry id="26" name="hsa:3458" type="gene"
        link="http://www.kegg.jp/dbget-bin/www_bget?hsa:3458">
        <graphics name="IFNG, IFG, IFI" fgcolor="#000000" bgcolor="#BFFFBF"
             type="rectangle" x="758" y="398" width="46" height="17"/>
    </entry>
    <entry id="27" name="hsa:3569" type="gene"
        link="http://www.kegg.jp/dbget-bin/www_bget?hsa:3569">
        <graphics name="IL6, BSF-2, BSF2, CDF, HGF, HSF, IFN-beta-2, IFNB2, IL-6" fgcolor="#000000" bgcolor="#BFFFBF"
             type="rectangle" x="349" y="313" width="46" height="17"/>
    </entry>
    <entry id="28" name="hsa:3552 hsa:3553" type="gene"
        link="http://www.kegg.jp/dbget-bin/www_bget?hsa:3552+hsa:3553">
        <graphics name="IL1A, IL-1A, IL1, IL1-ALPHA, IL1F1..." fgcolor="#000000" bgcolor="#BFFFBF"
             type="rectangle" x="349" y="334" width="46" height="17"/>
    </entry>
    <entry id="29" name="hsa:3552 hsa:3553" type="gene"
        link="http://www.kegg.jp/dbget-bin/www_bget?hsa:3552+hsa:3553">
        <graphics name="IL1A, IL-1A, IL1, IL1-ALPHA, IL1F1..." fgcolor="#000000" bgcolor="#BFFFBF"
             type="rectangle" x="979" y="494" width="46" height="17"/>
    </entry>
    <entry id="30" name="hsa:7124" type="gene"
        link="http://www.kegg.jp/dbget-bin/www_bget?hsa:7124">
        <graphics name="TNF, DIF, TNF-alpha, TNFA, TNFSF2, TNLG1F" fgcolor="#000000" bgcolor="#BFFFBF"
             type="rectangle" x="349" y="357" width="46" height="17"/>
    </entry>
    <entry id="31" name="path:hsa04620" type="map"
        link="http://www.kegg.jp/dbget-bin/www_bget?hsa04620">
        <graphics name="Toll-like receptor signaling pathway" fgcolor="#000000" bgcolor="#FFFFFF"
             type="roundrectangle" x="769" y="558" width="113" height="34"/>
    </entry>
    <entry id="32" name="hsa:3105 hsa:3106 hsa:3107 hsa:3133 hsa:3134 hsa:3135" type="gene"
        link="http://www.kegg.jp/dbget-bin/www_bget?hsa:3105+hsa:3106+hsa:3107+hsa:3133+hsa:3134+hsa:3135">
        <graphics name="HLA-A, Aw-33, Aw-74, HLA-A11, HLA-A33, HLA-DQB1, HLA-DRB1, HLAA..." fgcolor="#000000" bgcolor="#BFFFBF"
             type="rectangle" x="1023" y="258" width="46" height="17"/>
    </entry>
    <entry id="33" name="hsa:3802 hsa:3803 hsa:3804 hsa:3811 hsa:3812 hsa:3821 hsa:3824 hsa:57292" type="gene"
        link="http://www.kegg.jp/dbget-bin/www_bget?hsa:3802+hsa:3803+hsa:3804+hsa:3811+hsa:3812+hsa:3821+hsa:3824+hsa:57292">
        <graphics name="KIR2DL1, CD158A, KIR-K64, KIR221, KIR2DS1, NKAT, NKAT-1, NKAT1, p58.1..." fgcolor="#000000" bgcolor="#BFFFBF"
             type="rectangle" x="946" y="258" width="46" height="17"/>
    </entry>
    <entry id="34" name="cpd:C00338" type="compound"
        link="http://www.kegg.jp/dbget-bin/www_bget?C00338">
        <graphics name="C00338" fgcolor="#000000" bgcolor="#FFFFFF"
             type="circle" x="558" y="538" width="8" height="8"/>
    </entry>
    <relation entry1="9" entry2="8" type="PPrel">
        <subtype name="activation" value="--&gt;"/>
    </relation>
    <relation entry1="20" entry2="16" type="PPrel">
        <subtype name="activation" value="--&gt;"/>
    </relation>
    <relation entry1="22" entry2="21" type="PPrel">
        <subtype name="activation" value="--&gt;"/>
    </relation>
    <relation entry1="32" entry2="33" type="PPrel">
        <subtype name="missing interaction" value="-/-"/>
    </relation>
</pathway>
