<?xml version="1.0"?>
<!DOCTYPE pathway SYSTEM "http://www.kegg.jp/kegg/xml/KGML_v0.7.2_.dtd">
<!-- Creation date: Nov 15, 2018 18:08:58 +0900 (GMT+9) -->
<pathway name="path:hsa04110" org="hsa" number="04110"
         title="Cell cycle"
         image="http://www.kegg.jp/kegg/pathway/hsa/hsa04110.png"
         link="http://www.kegg.jp/kegg-bin/show_pathway?hsa04110">
    <entry id="1" name="hsa:1029" type="gene"
        link="http://www.kegg.jp/dbget-bin/www_bget?hsa:1029">
        <graphics name="CDKN2A, ARF, CDK4I, CDKN2, CMM2, INK4, INK4A, MLM, MTS-1, MTS1, P14, P14ARF, P16, P16-INK4A, P16INK4, P16INK4A, P19, P19ARF, TP16" fgcolor="#000000" bgcolor="#BFFFBF"
             type="rectangle" x="532" y="124" width="46" height="17"/>
    </entry>
    <entry id="2" name="hsa:51343" type="gene"
        link="http://www.kegg.jp/dbget-bin/www_bget?hsa:51343">
        <graphics name="FZR1, CDC20C, CDH1, FZR, FZR2, HCDH, HCDH1" fgcolor="#000000" bgcolor="#BFFFBF"
             type="rectangle" x="919" y="536" width="46" height="17"/>
    </entry>
    <entry id="3" name="hsa:4171 hsa:4172 hsa:4173 hsa:4174 hsa:4175 hsa:4176" type="gene"
        link="http://www.kegg.jp/dbget-bin/www_bget?hsa:4171+hsa:4172+hsa:4173+hsa:4174+hsa:4175+hsa:4176">
        <graphics name="MCM2, BM28, CCNL1, CDCL1, D3S3194, DFNA70, MITOTIN, cdc19..." fgcolor="#000000" bgcolor="#BFFFBF"
             type="rectangle" x="553" y="556" width="46" height="17"/>
    </entry>
    <entry id="4" name="hsa:23594 hsa:23595 hsa:4998 hsa:4999 hsa:5000 hsa:5001" type="gene"
        link="http://www.kegg.jp/dbget-bin/www_bget?hsa:23594+hsa:23595+hsa:4998+hsa:4999+hsa:5000+hsa:5001">
        <graphics name="ORC6, ORC6L..." fgcolor="#000000" bgcolor="#BFFFBF"
             type="rectangle" x="494" y="556" width="46" height="17"/>
    </entry>
    <entry id="5" name="hsa:10393 hsa:246184 hsa:25847 hsa:29882 hsa:29945 hsa:51433 hsa:51434 hsa:51529 hsa:64682 hsa:8697 hsa:8881 hsa:996" type="gene"
        link="http://www.kegg.jp/dbget-bin/www_bget?hsa:10393+hsa:246184+hsa:25847+hsa:29882+hsa:29945+hsa:51433+hsa:51434+hsa:51529+hsa:64682+hsa:8697+hsa:8881+hsa:996">
        <graphics name="ANAPC10, APC10, DOC1..." fgcolor="#000000" bgcolor="#BFFFBF"
             type="rectangle" x="919" y="297" width="46" height="17"/>
    </entry>
    <entry id="6" name="hsa:10393 hsa:246184 hsa:25847 hsa:29882 hsa:29945 hsa:51433 hsa:51434 hsa:51529 hsa:64682 hsa:8697 hsa:8881 hsa:996" type="gene"
        link="http://www.kegg.jp/dbget-bin/www_bget?hsa:10393+hsa:246184+hsa:25847+hsa:29882+hsa:29945+hsa:51433+hsa:51434+hsa:51529+hsa:64682+hsa:8697+hsa:8881+hsa:996">
        <graphics name="ANAPC10, APC10, DOC1..." fgcolor="#000000" bgcolor="#BFFFBF"
             type="rectangle" x="919" y="519" width="46" height="17"/>
    </entry>
    <entry id="7" name="hsa:6500 hsa:8454 hsa:9978" type="gene"
        link="http://www.kegg.jp/dbget-bin/www_bget?hsa:6500+hsa:8454+hsa:9978">
        <graphics name="SKP1, EMC19, OCP-II, OCP2, SKP1A, TCEB1L, p19A..." fgcolor="#000000" bgcolor="#BFFFBF"
             type="rectangle" x="188" y="519" width="46" height="17"/>
    </entry>
    <entry id="8" name="hsa:6500 hsa:8454 hsa:9978" type="gene"
        link="http://www.kegg.jp/dbget-bin/www_bget?hsa:6500+hsa:8454+hsa:9978">
        <graphics name="SKP1, EMC19, OCP-II, OCP2, SKP1A, TCEB1L, p19A..." fgcolor="#000000" bgcolor="#BFFFBF"
             type="rectangle" x="432" y="191" width="46" height="17"/>
    </entry>
    <entry id="9" name="hsa:23594" type="gene"
        link="http://www.kegg.jp/dbget-bin/www_bget?hsa:23594">
        <graphics name="ORC6, ORC6L" fgcolor="#000000" bgcolor="#BFFFBF"
             type="rectangle" x="123" y="704" width="46" height="17"/>
    </entry>
    <entry id="10" name="hsa:23595" type="gene"
        link="http://www.kegg.jp/dbget-bin/www_bget?hsa:23595">
        <graphics name="ORC3, LAT, LATHEO, ORC3L" fgcolor="#000000" bgcolor="#BFFFBF"
             type="rectangle" x="77" y="687" width="46" height="17"/>
    </entry>
    <entry id="11" name="hsa:5001" type="gene"
        link="http://www.kegg.jp/dbget-bin/www_bget?hsa:5001">
        <graphics name="ORC5, ORC5L, ORC5P, ORC5T, PPP1R117" fgcolor="#000000" bgcolor="#BFFFBF"
             type="rectangle" x="77" y="704" width="46" height="17"/>
    </entry>
    <entry id="12" name="hsa:5000" type="gene"
        link="http://www.kegg.jp/dbget-bin/www_bget?hsa:5000">
        <graphics name="ORC4, ORC4L, ORC4P" fgcolor="#000000" bgcolor="#BFFFBF"
             type="rectangle" x="123" y="687" width="46" height="17"/>
    </entry>
    <entry id="13" name="hsa:4999" type="gene"
        link="http://www.kegg.jp/dbget-bin/www_bget?hsa:4999">
        <graphics name="ORC2, ORC2L" fgcolor="#000000" bgcolor="#BFFFBF"
             type="rectangle" x="123" y="670" width="46" height="17"/>
    </entry>
    <entry id="14" name="hsa:4998" type="gene"
        link="http://www.kegg.jp/dbget-bin/www_bget?hsa:4998">
        <graphics name="ORC1, HSORC1, ORC1L, PARC1" fgcolor="#000000" bgcolor="#BFFFBF"
             type="rectangle" x="77" y="670" width="46" height="17"/>
    </entry>
    <entry id="15" name="hsa:4176" type="gene"
        link="http://www.kegg.jp/dbget-bin/www_bget?hsa:4176">
        <graphics name="MCM7, CDC47, MCM2, P1.1-MCM3, P1CDC47, P85MCM, PNAS146, PPP1R104" fgcolor="#000000" bgcolor="#BFFFBF"
             type="rectangle" x="245" y="704" width="46" height="17"/>
    </entry>
    <entry id="16" name="hsa:4175" type="gene"
        link="http://www.kegg.jp/dbget-bin/www_bget?hsa:4175">
        <graphics name="MCM6, MCG40308, Mis5, P105MCM" fgcolor="#000000" bgcolor="#BFFFBF"
             type="rectangle" x="200" y="704" width="46" height="17"/>
    </entry>
    <entry id="17" name="hsa:4174" type="gene"
        link="http://www.kegg.jp/dbget-bin/www_bget?hsa:4174">
        <graphics name="MCM5, CDC46, MGORS8, P1-CDC46" fgcolor="#000000" bgcolor="#BFFFBF"
             type="rectangle" x="245" y="687" width="46" height="17"/>
    </entry>
    <entry id="18" name="hsa:4173" type="gene"
        link="http://www.kegg.jp/dbget-bin/www_bget?hsa:4173">
        <graphics name="MCM4, CDC21, CDC54, IMD54, NKCD, NKGCD, P1-CDC21, hCdc21" fgcolor="#000000" bgcolor="#BFFFBF"
             type="rectangle" x="200" y="687" width="46" height="17"/>
    </entry>
    <entry id="19" name="hsa:4172" type="gene"
        link="http://www.kegg.jp/dbget-bin/www_bget?hsa:4172">
        <graphics name="MCM3, HCC5, P1-MCM3, P1.h, RLFB" fgcolor="#000000" bgcolor="#BFFFBF"
             type="rectangle" x="245" y="670" width="46" height="17"/>
    </entry>
    <entry id="20" name="hsa:4171" type="gene"
        link="http://www.kegg.jp/dbget-bin/www_bget?hsa:4171">
        <graphics name="MCM2, BM28, CCNL1, CDCL1, D3S3194, DFNA70, MITOTIN, cdc19" fgcolor="#000000" bgcolor="#BFFFBF"
             type="rectangle" x="200" y="670" width="46" height="17"/>
    </entry>
    <entry id="21" name="hsa:983" type="gene"
        link="http://www.kegg.jp/dbget-bin/www_bget?hsa:983">
        <graphics name="CDK1, CDC2, CDC28A, P34CDC2" fgcolor="#000000" bgcolor="#BFFFBF"
             type="rectangle" x="780" y="468" width="46" height="17"/>
    </entry>
    <entry id="22" name="hsa:701" type="gene"
        link="http://www.kegg.jp/dbget-bin/www_bget?hsa:701">
        <graphics name="BUB1B, BUB1beta, BUBR1, Bub1A, MAD3L, MVA1, SSK1, hBUBR1" fgcolor="#000000" bgcolor="#BFFFBF"
             type="rectangle" x="830" y="298" width="46" height="17"/>
    </entry>
    <entry id="23" name="hsa:5111" type="gene"
        link="http://www.kegg.jp/dbget-bin/www_bget?hsa:5111">
        <graphics name="PCNA, ATLD2" fgcolor="#000000" bgcolor="#BFFFBF"
             type="rectangle" x="559" y="359" width="46" height="17"/>
    </entry>
    <entry id="24" name="hsa:5347" type="gene"
        link="http://www.kegg.jp/dbget-bin/www_bget?hsa:5347">
        <graphics name="PLK1, PLK, STPK13" fgcolor="#000000" bgcolor="#BFFFBF"
             type="rectangle" x="862" y="468" width="46" height="17"/>
    </entry>
    <entry id="25" name="hsa:472 hsa:545" type="gene"
        link="http://www.kegg.jp/dbget-bin/www_bget?hsa:472+hsa:545">
        <graphics name="ATM, AT1, ATA, ATC, ATD, ATDC, ATE, TEL1, TELO1..." fgcolor="#000000" bgcolor="#BFFFBF"
             type="rectangle" x="696" y="163" width="46" height="17"/>
    </entry>
    <entry id="26" name="hsa:10926" type="gene"
        link="http://www.kegg.jp/dbget-bin/www_bget?hsa:10926">
        <graphics name="DBF4, ASK, CHIF, DBF4A, ZDBF1" fgcolor="#000000" bgcolor="#BFFFBF"
             type="rectangle" x="532" y="626" width="46" height="17"/>
    </entry>
    <entry id="27" name="hsa:10459 hsa:4085" type="gene"
        link="http://www.kegg.jp/dbget-bin/www_bget?hsa:10459+hsa:4085">
        <graphics name="MAD2L2, FANCV, MAD2B, POLZ2, REV7..." fgcolor="#000000" bgcolor="#BFFFBF"
             type="rectangle" x="830" y="281" width="46" height="17"/>
    </entry>
    <entry id="28" name="hsa:699" type="gene"
        link="http://www.kegg.jp/dbget-bin/www_bget?hsa:699">
        <graphics name="BUB1, BUB1A, BUB1L, hBUB1" fgcolor="#000000" bgcolor="#BFFFBF"
             type="rectangle" x="769" y="315" width="46" height="17"/>
    </entry>
    <entry id="29" name="hsa:9184" type="gene"
        link="http://www.kegg.jp/dbget-bin/www_bget?hsa:9184">
        <graphics name="BUB3, BUB3L, hBUB3" fgcolor="#000000" bgcolor="#BFFFBF"
             type="rectangle" x="830" y="315" width="46" height="17"/>
    </entry>
    <entry id="30" name="hsa:8555 hsa:8556" type="gene"
        link="http://www.kegg.jp/dbget-bin/www_bget?hsa:8555+hsa:8556">
        <graphics name="CDC14B, CDC14B3, Cdc14B1, Cdc14B2, hCDC14B..." fgcolor="#000000" bgcolor="#BFFFBF"
             type="rectangle" x="919" y="578" width="46" height="17"/>
    </entry>
    <entry id="31" name="hsa:10971 hsa:7529 hsa:7531 hsa:7532 hsa:7533 hsa:7534" type="gene"
        link="http://www.kegg.jp/dbget-bin/www_bget?hsa:10971+hsa:7529+hsa:7531+hsa:7532+hsa:7533+hsa:7534">
        <graphics name="YWHAQ, 14-3-3, 1C5, HS1..." fgcolor="#000000" bgcolor="#BFFFBF"
             type="rectangle" x="850" y="352" width="46" height="17"/>
    </entry>
    <entry id="32" name="hsa:2810" type="gene"
        link="http://www.kegg.jp/dbget-bin/www_bget?hsa:2810">
        <graphics name="SFN, YWHAS" fgcolor="#000000" bgcolor="#BFFFBF"
             type="rectangle" x="638" y="313" width="46" height="17"/>
    </entry>
    <entry id="33" name="hsa:1111 hsa:11200" type="gene"
        link="http://www.kegg.jp/dbget-bin/www_bget?hsa:1111+hsa:11200">
        <graphics name="CHEK1, CHK1..." fgcolor="#000000" bgcolor="#BFFFBF"
             type="rectangle" x="696" y="299" width="46" height="17"/>
    </entry>
    <entry id="34" name="hsa:1026" type="gene"
        link="http://www.kegg.jp/dbget-bin/www_bget?hsa:1026">
        <graphics name="CDKN1A, CAP20, CDKN1, CIP1, MDA-6, P21, SDI1, WAF1, p21CIP1" fgcolor="#000000" bgcolor="#BFFFBF"
             type="rectangle" x="459" y="313" width="46" height="17"/>
    </entry>
    <entry id="35" name="hsa:5591" type="gene"
        link="http://www.kegg.jp/dbget-bin/www_bget?hsa:5591">
        <graphics name="PRKDC, DNA-PKC, DNA-PKcs, DNAPK, DNAPKc, DNPK1, HYRC, HYRC1, IMD26, XRCC7, p350" fgcolor="#000000" bgcolor="#BFFFBF"
             type="rectangle" x="640" y="163" width="46" height="17"/>
    </entry>
    <entry id="36" name="hsa:4193" type="gene"
        link="http://www.kegg.jp/dbget-bin/www_bget?hsa:4193">
        <graphics name="MDM2, ACTFS, HDMX, hdm2" fgcolor="#000000" bgcolor="#BFFFBF"
             type="rectangle" x="532" y="179" width="46" height="17"/>
    </entry>
    <entry id="37" name="hsa:1387 hsa:2033" type="gene"
        link="http://www.kegg.jp/dbget-bin/www_bget?hsa:1387+hsa:2033">
        <graphics name="CREBBP, CBP, KAT3A, RSTS, RSTS1..." fgcolor="#000000" bgcolor="#BFFFBF"
             type="rectangle" x="590" y="150" width="46" height="17"/>
    </entry>
    <entry id="38" name="hsa:6502" type="gene"
        link="http://www.kegg.jp/dbget-bin/www_bget?hsa:6502">
        <graphics name="SKP2, FBL1, FBXL1, FLB1, p45" fgcolor="#000000" bgcolor="#BFFFBF"
             type="rectangle" x="432" y="208" width="46" height="17"/>
    </entry>
    <entry id="39" name="hsa:9088" type="gene"
        link="http://www.kegg.jp/dbget-bin/www_bget?hsa:9088">
        <graphics name="PKMYT1, MYT1, PPP1R126" fgcolor="#000000" bgcolor="#BFFFBF"
             type="rectangle" x="763" y="528" width="46" height="17"/>
    </entry>
    <entry id="40" name="hsa:494551 hsa:7465" type="gene"
        link="http://www.kegg.jp/dbget-bin/www_bget?hsa:494551+hsa:7465">
        <graphics name="WEE2, OOMD5, WEE1B..." fgcolor="#000000" bgcolor="#BFFFBF"
             type="rectangle" x="704" y="528" width="46" height="17"/>
    </entry>
    <entry id="41" name="hsa:10744 hsa:9232" type="gene"
        link="http://www.kegg.jp/dbget-bin/www_bget?hsa:10744+hsa:9232">
        <graphics name="PTTG2..." fgcolor="#000000" bgcolor="#BFFFBF"
             type="rectangle" x="919" y="245" width="46" height="17"/>
    </entry>
    <entry id="42" name="hsa:9700" type="gene"
        link="http://www.kegg.jp/dbget-bin/www_bget?hsa:9700">
        <graphics name="ESPL1, ESP1, SEPA" fgcolor="#000000" bgcolor="#BFFFBF"
             type="rectangle" x="919" y="198" width="46" height="17"/>
    </entry>
    <entry id="43" name="hsa:27127 hsa:8243" type="gene"
        link="http://www.kegg.jp/dbget-bin/www_bget?hsa:27127+hsa:8243">
        <graphics name="SMC1B, SMC1BETA, SMC1L2..." fgcolor="#000000" bgcolor="#BFFFBF"
             type="rectangle" x="895" y="117" width="46" height="17"/>
    </entry>
    <entry id="44" name="path:hsa04210" type="map"
        link="http://www.kegg.jp/dbget-bin/www_bget?hsa04210">
        <graphics name="Apoptosis" fgcolor="#000000" bgcolor="#FFFFFF"
             type="roundrectangle" x="753" y="243" width="69" height="26"/>
    </entry>
    <entry id="45" name="hsa:6502" type="gene"
        link="http://www.kegg.jp/dbget-bin/www_bget?hsa:6502">
        <graphics name="SKP2, FBL1, FBXL1, FLB1, p45" fgcolor="#000000" bgcolor="#BFFFBF"
             type="rectangle" x="188" y="536" width="46" height="17"/>
    </entry>
    <entry id="46" name="hsa:5925" type="gene"
        link="http://www.kegg.jp/dbget-bin/www_bget?hsa:5925">
        <graphics name="RB1, OSRC, PPP1R130, RB, p105-Rb, pRb, pp110" fgcolor="#000000" bgcolor="#BFFFBF"
             type="rectangle" x="637" y="528" width="46" height="17"/>
    </entry>
    <entry id="47" name="hsa:10912 hsa:1647 hsa:4616" type="gene"
        link="http://www.kegg.jp/dbget-bin/www_bget?hsa:10912+hsa:1647+hsa:4616">
        <graphics name="GADD45G, CR6, DDIT2, GADD45gamma, GRP17..." fgcolor="#000000" bgcolor="#BFFFBF"
             type="rectangle" x="559" y="313" width="46" height="17"/>
    </entry>
    <entry id="48" name="hsa:5925" type="gene"
        link="http://www.kegg.jp/dbget-bin/www_bget?hsa:5925">
        <graphics name="RB1, OSRC, PPP1R130, RB, p105-Rb, pRb, pp110" fgcolor="#000000" bgcolor="#BFFFBF"
             type="rectangle" x="504" y="243" width="46" height="17"/>
    </entry>
    <entry id="49" name="hsa:7157" type="gene"
        link="http://www.kegg.jp/dbget-bin/www_bget?hsa:7157">
        <graphics name="TP53, BCC7, LFS1, P53, TRP53" fgcolor="#000000" bgcolor="#BFFFBF"
             type="rectangle" x="590" y="243" width="46" height="17"/>
    </entry>
    <entry id="50" name="hsa:1027 hsa:1028" type="gene"
        link="http://www.kegg.jp/dbget-bin/www_bget?hsa:1027+hsa:1028">
        <graphics name="CDKN1B, CDKN4, KIP1, MEN1B, MEN4, P27KIP1..." fgcolor="#000000" bgcolor="#BFFFBF"
             type="rectangle" x="407" y="313" width="46" height="17"/>
    </entry>
    <entry id="51" name="hsa:1030" type="gene"
        link="http://www.kegg.jp/dbget-bin/www_bget?hsa:1030">
        <graphics name="CDKN2B, CDK4I, INK4B, MTS2, P15, TP15, p15INK4b" fgcolor="#000000" bgcolor="#BFFFBF"
             type="rectangle" x="256" y="313" width="46" height="17"/>
    </entry>
    <entry id="52" name="hsa:7040 hsa:7042 hsa:7043" type="gene"
        link="http://www.kegg.jp/dbget-bin/www_bget?hsa:7040+hsa:7042+hsa:7043">
        <graphics name="TGFB1, CED, DPD1, LAP, TGFB, TGFbeta..." fgcolor="#000000" bgcolor="#BFFFBF"
             type="rectangle" x="327" y="104" width="46" height="17"/>
    </entry>
    <entry id="53" name="hsa:4089" type="gene"
        link="http://www.kegg.jp/dbget-bin/www_bget?hsa:4089">
        <graphics name="SMAD4, DPC4, JIP, MADH4, MYHRS" fgcolor="#000000" bgcolor="#BFFFBF"
             type="rectangle" x="327" y="164" width="46" height="17"/>
    </entry>
    <entry id="54" name="hsa:4087 hsa:4088" type="gene"
        link="http://www.kegg.jp/dbget-bin/www_bget?hsa:4087+hsa:4088">
        <graphics name="SMAD2, JV18, JV18-1, MADH2, MADR2, hMAD-2, hSMAD2..." fgcolor="#000000" bgcolor="#BFFFBF"
             type="rectangle" x="327" y="147" width="46" height="17"/>
    </entry>
    <entry id="55" name="hsa:8317" type="gene"
        link="http://www.kegg.jp/dbget-bin/www_bget?hsa:8317">
        <graphics name="CDC7, CDC7L1, HsCDC7, Hsk1, huCDC7" fgcolor="#000000" bgcolor="#BFFFBF"
             type="rectangle" x="532" y="609" width="46" height="17"/>
    </entry>
    <entry id="56" name="path:hsa04120" type="map"
        link="http://www.kegg.jp/dbget-bin/www_bget?hsa04120">
        <graphics name="Ubiquitin mediated proteolysis" fgcolor="#000000" bgcolor="#FFFFFF"
             type="roundrectangle" x="977" y="399" width="76" height="71"/>
    </entry>
    <entry id="57" name="hsa:991" type="gene"
        link="http://www.kegg.jp/dbget-bin/www_bget?hsa:991">
        <graphics name="CDC20, CDC20A, bA276H19.3, p55CDC" fgcolor="#000000" bgcolor="#BFFFBF"
             type="rectangle" x="919" y="314" width="46" height="17"/>
    </entry>
    <entry id="58" name="hsa:994 hsa:995" type="gene"
        link="http://www.kegg.jp/dbget-bin/www_bget?hsa:994+hsa:995">
        <graphics name="CDC25B..." fgcolor="#000000" bgcolor="#BFFFBF"
             type="rectangle" x="830" y="402" width="46" height="17"/>
    </entry>
    <entry id="59" name="hsa:8318" type="gene"
        link="http://www.kegg.jp/dbget-bin/www_bget?hsa:8318">
        <graphics name="CDC45, CDC45L, CDC45L2, MGORS7, PORC-PI-1" fgcolor="#000000" bgcolor="#BFFFBF"
             type="rectangle" x="553" y="528" width="46" height="17"/>
    </entry>
    <entry id="60" name="hsa:990" type="gene"
        link="http://www.kegg.jp/dbget-bin/www_bget?hsa:990">
        <graphics name="CDC6, CDC18L, HsCDC18, HsCDC6, MGORS5" fgcolor="#000000" bgcolor="#BFFFBF"
             type="rectangle" x="494" y="528" width="46" height="17"/>
    </entry>
    <entry id="61" name="hsa:993" type="gene"
        link="http://www.kegg.jp/dbget-bin/www_bget?hsa:993">
        <graphics name="CDC25A, CDC25A2" fgcolor="#000000" bgcolor="#BFFFBF"
             type="rectangle" x="614" y="402" width="46" height="17"/>
    </entry>
    <entry id="62" name="hsa:2932" type="gene"
        link="http://www.kegg.jp/dbget-bin/www_bget?hsa:2932">
        <graphics name="GSK3B" fgcolor="#000000" bgcolor="#BFFFBF"
             type="rectangle" x="170" y="167" width="46" height="17"/>
    </entry>
    <entry id="63" name="hsa:983" type="gene"
        link="http://www.kegg.jp/dbget-bin/www_bget?hsa:983">
        <graphics name="CDK1, CDC2, CDC28A, P34CDC2" fgcolor="#000000" bgcolor="#BFFFBF"
             type="rectangle" x="689" y="468" width="46" height="17"/>
    </entry>
    <entry id="64" name="hsa:85417 hsa:891 hsa:9133" type="gene"
        link="http://www.kegg.jp/dbget-bin/www_bget?hsa:85417+hsa:891+hsa:9133">
        <graphics name="CCNB3..." fgcolor="#000000" bgcolor="#BFFFBF"
             type="rectangle" x="780" y="451" width="46" height="17"/>
    </entry>
    <entry id="65" name="hsa:890 hsa:8900" type="gene"
        link="http://www.kegg.jp/dbget-bin/www_bget?hsa:890+hsa:8900">
        <graphics name="CCNA2, CCN1, CCNA..." fgcolor="#000000" bgcolor="#BFFFBF"
             type="rectangle" x="689" y="451" width="46" height="17"/>
    </entry>
    <entry id="66" name="hsa:1022" type="gene"
        link="http://www.kegg.jp/dbget-bin/www_bget?hsa:1022">
        <graphics name="CDK7, CAK, CAK1, CDKN7, HCAK, MO15, STK1, p39MO15" fgcolor="#000000" bgcolor="#BFFFBF"
             type="rectangle" x="552" y="468" width="46" height="17"/>
    </entry>
    <entry id="67" name="hsa:1017" type="gene"
        link="http://www.kegg.jp/dbget-bin/www_bget?hsa:1017">
        <graphics name="CDK2, CDKN2, p33(CDK2)" fgcolor="#000000" bgcolor="#BFFFBF"
             type="rectangle" x="457" y="468" width="46" height="17"/>
    </entry>
    <entry id="68" name="hsa:1017" type="gene"
        link="http://www.kegg.jp/dbget-bin/www_bget?hsa:1017">
        <graphics name="CDK2, CDKN2, p33(CDK2)" fgcolor="#000000" bgcolor="#BFFFBF"
             type="rectangle" x="335" y="468" width="46" height="17"/>
    </entry>
    <entry id="69" name="hsa:1019 hsa:1021" type="gene"
        link="http://www.kegg.jp/dbget-bin/www_bget?hsa:1019+hsa:1021">
        <graphics name="CDK4, CMM3, PSK-J3..." fgcolor="#000000" bgcolor="#BFFFBF"
             type="rectangle" x="227" y="468" width="46" height="17"/>
    </entry>
    <entry id="70" name="hsa:902" type="gene"
        link="http://www.kegg.jp/dbget-bin/www_bget?hsa:902">
        <graphics name="CCNH, CAK, CycH, p34, p37" fgcolor="#000000" bgcolor="#BFFFBF"
             type="rectangle" x="552" y="451" width="46" height="17"/>
    </entry>
    <entry id="71" name="hsa:890 hsa:8900" type="gene"
        link="http://www.kegg.jp/dbget-bin/www_bget?hsa:890+hsa:8900">
        <graphics name="CCNA2, CCN1, CCNA..." fgcolor="#000000" bgcolor="#BFFFBF"
             type="rectangle" x="457" y="451" width="46" height="17"/>
    </entry>
    <entry id="72" name="hsa:898 hsa:9134" type="gene"
        link="http://www.kegg.jp/dbget-bin/www_bget?hsa:898+hsa:9134">
        <graphics name="CCNE1, CCNE, pCCNE1..." fgcolor="#000000" bgcolor="#BFFFBF"
             type="rectangle" x="335" y="451" width="46" height="17"/>
    </entry>
    <entry id="73" name="hsa:595 hsa:894 hsa:896" type="gene"
        link="http://www.kegg.jp/dbget-bin/www_bget?hsa:595+hsa:894+hsa:896">
        <graphics name="CCND1, BCL1, D11S287E, PRAD1, U21B31..." fgcolor="#000000" bgcolor="#BFFFBF"
             type="rectangle" x="227" y="451" width="46" height="17"/>
    </entry>
    <entry id="74" name="path:hsa04010" type="map"
        link="http://www.kegg.jp/dbget-bin/www_bget?hsa04010">
        <graphics name="MAPK signaling pathway" fgcolor="#000000" bgcolor="#FFFFFF"
             type="roundrectangle" x="95" y="264" width="56" height="125"/>
    </entry>
    <entry id="75" name="path:hsa04110" type="map"
        link="http://www.kegg.jp/dbget-bin/www_bget?hsa04110">
        <graphics name="TITLE:Cell cycle" fgcolor="#000000" bgcolor="#FFFFFF"
             type="roundrectangle" x="98" y="58" width="115" height="25"/>
    </entry>
    <entry id="76" name="hsa:8379" type="gene"
        link="http://www.kegg.jp/dbget-bin/www_bget?hsa:8379">
        <graphics name="MAD1L1, MAD1, PIG9, TP53I9, TXBP181" fgcolor="#000000" bgcolor="#BFFFBF"
             type="rectangle" x="830" y="231" width="46" height="17"/>
    </entry>
    <entry id="79" name="hsa:7272" type="gene"
        link="http://www.kegg.jp/dbget-bin/www_bget?hsa:7272">
        <graphics name="TTK, CT96, ESK, MPH1, MPS1, MPS1L1, PYT" fgcolor="#000000" bgcolor="#BFFFBF"
             type="rectangle" x="830" y="181" width="46" height="17"/>
    </entry>
    <entry id="80" name="hsa:1031" type="gene"
        link="http://www.kegg.jp/dbget-bin/www_bget?hsa:1031">
        <graphics name="CDKN2C, INK4C, p18, p18-INK4C" fgcolor="#000000" bgcolor="#BFFFBF"
             type="rectangle" x="304" y="313" width="46" height="17"/>
    </entry>
    <entry id="81" name="hsa:1032" type="gene"
        link="http://www.kegg.jp/dbget-bin/www_bget?hsa:1032">
        <graphics name="CDKN2D, INK4D, p19, p19-INK4D" fgcolor="#000000" bgcolor="#BFFFBF"
             type="rectangle" x="352" y="313" width="46" height="17"/>
    </entry>
    <entry id="82" name="hsa:1029" type="gene"
        link="http://www.kegg.jp/dbget-bin/www_bget?hsa:1029">
        <graphics name="CDKN2A, ARF, CDK4I, CDKN2, CMM2, INK4, INK4A, MLM, MTS-1, MTS1, P14, P14ARF, P16, P16-INK4A, P16INK4, P16INK4A, P19, P19ARF, TP16" fgcolor="#000000" bgcolor="#BFFFBF"
             type="rectangle" x="208" y="313" width="46" height="17"/>
    </entry>
    <entry id="83" name="hsa:9126" type="gene"
        link="http://www.kegg.jp/dbget-bin/www_bget?hsa:9126">
        <graphics name="SMC3, BAM, BMH, CDLS3, CSPG6, HCAP, SMC3L1" fgcolor="#000000" bgcolor="#BFFFBF"
             type="rectangle" x="941" y="117" width="46" height="17"/>
    </entry>
    <entry id="84" name="hsa:10274 hsa:10735" type="gene"
        link="http://www.kegg.jp/dbget-bin/www_bget?hsa:10274+hsa:10735">
        <graphics name="STAG1, MRD47, SA1, SCC3A..." fgcolor="#000000" bgcolor="#BFFFBF"
             type="rectangle" x="918" y="134" width="46" height="17"/>
    </entry>
    <entry id="85" name="hsa:5885" type="gene"
        link="http://www.kegg.jp/dbget-bin/www_bget?hsa:5885">
        <graphics name="RAD21, CDLS4, HR21, HRAD21, MCD1, NXP1, SCC1, hHR21" fgcolor="#000000" bgcolor="#BFFFBF"
             type="rectangle" x="918" y="151" width="46" height="17"/>
    </entry>
    <entry id="86" name="hsa:5933" type="gene"
        link="http://www.kegg.jp/dbget-bin/www_bget?hsa:5933">
        <graphics name="RBL1, CP107, PRB1, p107" fgcolor="#000000" bgcolor="#BFFFBF"
             type="rectangle" x="243" y="130" width="46" height="17"/>
    </entry>
    <entry id="87" name="hsa:1874 hsa:1875" type="gene"
        link="http://www.kegg.jp/dbget-bin/www_bget?hsa:1874+hsa:1875">
        <graphics name="E2F4, E2F-4..." fgcolor="#000000" bgcolor="#BFFFBF"
             type="rectangle" x="243" y="147" width="46" height="17"/>
    </entry>
    <entry id="88" name="hsa:4609" type="gene"
        link="http://www.kegg.jp/dbget-bin/www_bget?hsa:4609">
        <graphics name="MYC, MRTL, MYCC, bHLHe39, c-Myc" fgcolor="#000000" bgcolor="#BFFFBF"
             type="rectangle" x="243" y="219" width="46" height="17"/>
    </entry>
    <entry id="89" name="hsa:7709" type="gene"
        link="http://www.kegg.jp/dbget-bin/www_bget?hsa:7709">
        <graphics name="ZBTB17, MIZ-1, ZNF151, ZNF60, pHZ-67" fgcolor="#000000" bgcolor="#BFFFBF"
             type="rectangle" x="243" y="251" width="46" height="17"/>
    </entry>
    <entry id="90" name="hsa:25" type="gene"
        link="http://www.kegg.jp/dbget-bin/www_bget?hsa:25">
        <graphics name="ABL1, ABL, CHDSKM, JTK7, bcr/abl, c-ABL, c-ABL1, p150, v-abl" fgcolor="#000000" bgcolor="#BFFFBF"
             type="rectangle" x="413" y="526" width="46" height="17"/>
    </entry>
    <entry id="91" name="hsa:7027 hsa:7029" type="gene"
        link="http://www.kegg.jp/dbget-bin/www_bget?hsa:7027+hsa:7029">
        <graphics name="TFDP1, DILC, DP1, DRTF1, Dp-1..." fgcolor="#000000" bgcolor="#BFFFBF"
             type="rectangle" x="353" y="594" width="46" height="17"/>
    </entry>
    <entry id="92" name="hsa:1869 hsa:1870 hsa:1871" type="gene"
        link="http://www.kegg.jp/dbget-bin/www_bget?hsa:1869+hsa:1870+hsa:1871">
        <graphics name="E2F1, E2F-1, RBAP1, RBBP3, RBP3..." fgcolor="#000000" bgcolor="#BFFFBF"
             type="rectangle" x="353" y="577" width="46" height="17"/>
    </entry>
    <entry id="93" name="hsa:3065 hsa:3066" type="gene"
        link="http://www.kegg.jp/dbget-bin/www_bget?hsa:3065+hsa:3066">
        <graphics name="HDAC1, GON-10, HD1, RPD3, RPD3L1..." fgcolor="#000000" bgcolor="#BFFFBF"
             type="rectangle" x="413" y="550" width="46" height="17"/>
    </entry>
    <entry id="94" name="hsa:5925" type="gene"
        link="http://www.kegg.jp/dbget-bin/www_bget?hsa:5925">
        <graphics name="RB1, OSRC, PPP1R130, RB, p105-Rb, pRb, pp110" fgcolor="#000000" bgcolor="#BFFFBF"
             type="rectangle" x="353" y="536" width="46" height="17"/>
    </entry>
    <entry id="95" name="hsa:5933 hsa:5934" type="gene"
        link="http://www.kegg.jp/dbget-bin/www_bget?hsa:5933+hsa:5934">
        <graphics name="RBL1, CP107, PRB1, p107..." fgcolor="#000000" bgcolor="#BFFFBF"
             type="rectangle" x="298" y="536" width="46" height="17"/>
    </entry>
    <entry id="96" name="hsa:7027 hsa:7029" type="gene"
        link="http://www.kegg.jp/dbget-bin/www_bget?hsa:7027+hsa:7029">
        <graphics name="TFDP1, DILC, DP1, DRTF1, Dp-1..." fgcolor="#000000" bgcolor="#BFFFBF"
             type="rectangle" x="298" y="594" width="46" height="17"/>
    </entry>
    <entry id="97" name="hsa:1874 hsa:1875" type="gene"
        link="http://www.kegg.jp/dbget-bin/www_bget?hsa:1874+hsa:1875">
        <graphics name="E2F4, E2F-4..." fgcolor="#000000" bgcolor="#BFFFBF"
             type="rectangle" x="298" y="577" width="46" height="17"/>
    </entry>
    <entry id="98" name="hsa:7027 hsa:7029" type="gene"
        link="http://www.kegg.jp/dbget-bin/www_bget?hsa:7027+hsa:7029">
        <graphics name="TFDP1, DILC, DP1, DRTF1, Dp-1..." fgcolor="#000000" bgcolor="#BFFFBF"
             type="rectangle" x="243" y="164" width="46" height="17"/>
    </entry>
    <entry id="99" name="undefined" type="group">
        <graphics fgcolor="#000000" bgcolor="#FFFFFF"
             type="rectangle" x="327" y="155" width="46" height="34"/>
        <component id="53"/>
        <component id="54"/>
    </entry>
    <entry id="100" name="undefined" type="group">
        <graphics fgcolor="#000000" bgcolor="#FFFFFF"
             type="rectangle" x="335" y="459" width="46" height="34"/>
        <component id="68"/>
        <component id="72"/>
    </entry>
    <entry id="101" name="undefined" type="group">
        <graphics fgcolor="#000000" bgcolor="#FFFFFF"
             type="rectangle" x="552" y="459" width="46" height="34"/>
        <component id="66"/>
        <component id="70"/>
    </entry>
    <entry id="102" name="undefined" type="group">
        <graphics fgcolor="#000000" bgcolor="#FFFFFF"
             type="rectangle" x="457" y="459" width="46" height="34"/>
        <component id="67"/>
        <component id="71"/>
    </entry>
    <entry id="103" name="undefined" type="group">
        <graphics fgcolor="#000000" bgcolor="#FFFFFF"
             type="rectangle" x="689" y="459" width="46" height="34"/>
        <component id="63"/>
        <component id="65"/>
    </entry>
    <entry id="104" name="undefined" type="group">
        <graphics fgcolor="#000000" bgcolor="#FFFFFF"
             type="rectangle" x="100" y="687" width="92" height="51"/>
        <component id="10"/>
        <component id="11"/>
        <component id="12"/>
        <component id="13"/>
        <component id="14"/>
        <component id="9"/>
    </entry>
    <entry id="105" name="undefined" type="group">
        <graphics fgcolor="#000000" bgcolor="#FFFFFF"
             type="rectangle" x="222" y="687" width="91" height="51"/>
        <component id="15"/>
        <component id="16"/>
        <component id="17"/>
        <component id="18"/>
        <component id="19"/>
        <component id="20"/>
    </entry>
    <entry id="106" name="undefined" type="group">
        <graphics fgcolor="#000000" bgcolor="#FFFFFF"
             type="rectangle" x="532" y="617" width="46" height="34"/>
        <component id="26"/>
        <component id="55"/>
    </entry>
    <entry id="107" name="undefined" type="group">
        <graphics fgcolor="#000000" bgcolor="#FFFFFF"
             type="rectangle" x="780" y="459" width="46" height="34"/>
        <component id="21"/>
        <component id="64"/>
    </entry>
    <entry id="108" name="undefined" type="group">
        <graphics fgcolor="#000000" bgcolor="#FFFFFF"
             type="rectangle" x="227" y="459" width="46" height="34"/>
        <component id="69"/>
        <component id="73"/>
    </entry>
    <entry id="109" name="undefined" type="group">
        <graphics fgcolor="#000000" bgcolor="#FFFFFF"
             type="rectangle" x="188" y="527" width="46" height="34"/>
        <component id="45"/>
        <component id="7"/>
    </entry>
    <entry id="110" name="undefined" type="group">
        <graphics fgcolor="#000000" bgcolor="#FFFFFF"
             type="rectangle" x="432" y="199" width="46" height="34"/>
        <component id="38"/>
        <component id="8"/>
    </entry>
    <entry id="111" name="undefined" type="group">
        <graphics fgcolor="#000000" bgcolor="#FFFFFF"
             type="rectangle" x="919" y="305" width="46" height="34"/>
        <component id="5"/>
        <component id="57"/>
    </entry>
    <entry id="112" name="undefined" type="group">
        <graphics fgcolor="#000000" bgcolor="#FFFFFF"
             type="rectangle" x="919" y="527" width="46" height="34"/>
        <component id="2"/>
        <component id="6"/>
    </entry>
    <entry id="113" name="undefined" type="group">
        <graphics fgcolor="#000000" bgcolor="#FFFFFF"
             type="rectangle" x="830" y="298" width="46" height="51"/>
        <component id="22"/>
        <component id="27"/>
        <component id="29"/>
    </entry>
    <entry id="114" name="undefined" type="group">
        <graphics fgcolor="#000000" bgcolor="#FFFFFF"
             type="rectangle" x="918" y="134" width="92" height="51"/>
        <component id="43"/>
        <component id="83"/>
        <component id="84"/>
        <component id="85"/>
    </entry>
    <entry id="115" name="undefined" type="group">
        <graphics fgcolor="#000000" bgcolor="#FFFFFF"
             type="rectangle" x="298" y="585" width="46" height="34"/>
        <component id="96"/>
        <component id="97"/>
    </entry>
    <entry id="116" name="undefined" type="group">
        <graphics fgcolor="#000000" bgcolor="#FFFFFF"
             type="rectangle" x="353" y="585" width="46" height="34"/>
        <component id="91"/>
        <component id="92"/>
    </entry>
    <entry id="117" name="undefined" type="group">
        <graphics fgcolor="#000000" bgcolor="#FFFFFF"
             type="rectangle" x="243" y="147" width="46" height="51"/>
        <component id="86"/>
        <component id="87"/>
        <component id="98"/>
    </entry>
    <relation entry1="99" entry2="51" type="GErel">
        <subtype name="expression" value="--&gt;"/>
    </relation>
    <relation entry1="62" entry2="73" type="PPrel">
        <subtype name="inhibition" value="--|"/>
        <subtype name="phosphorylation" value="+p"/>
    </relation>
    <relation entry1="49" entry2="34" type="GErel">
        <subtype name="expression" value="--&gt;"/>
    </relation>
    <relation entry1="49" entry2="47" type="GErel">
        <subtype name="expression" value="--&gt;"/>
    </relation>
    <relation entry1="49" entry2="32" type="GErel">
        <subtype name="expression" value="--&gt;"/>
    </relation>
    <relation entry1="47" entry2="23" type="PPrel">
        <subtype name="activation" value="--&gt;"/>
    </relation>
    <relation entry1="36" entry2="48" type="PPrel">
        <subtype name="inhibition" value="--|"/>
    </relation>
    <relation entry1="36" entry2="49" type="PPrel">
        <subtype name="inhibition" value="--|"/>
    </relation>
    <relation entry1="37" entry2="49" type="PPrel">
        <subtype name="activation" value="--&gt;"/>
    </relation>
    <relation entry1="35" entry2="49" type="PPrel">
        <subtype name="activation" value="--&gt;"/>
        <subtype name="phosphorylation" value="+p"/>
    </relation>
    <relation entry1="33" entry2="49" type="PPrel">
        <subtype name="activation" value="--&gt;"/>
        <subtype name="phosphorylation" value="+p"/>
    </relation>
    <relation entry1="33" entry2="61" type="PPrel">
        <subtype name="inhibition" value="--|"/>
        <subtype name="phosphorylation" value="+p"/>
    </relation>
    <relation entry1="61" entry2="69" type="PPrel">
        <subtype name="activation" value="--&gt;"/>
        <subtype name="dephosphorylation" value="-p"/>
    </relation>
    <relation entry1="61" entry2="68" type="PPrel">
        <subtype name="activation" value="--&gt;"/>
        <subtype name="dephosphorylation" value="-p"/>
    </relation>
    <relation entry1="61" entry2="67" type="PPrel">
        <subtype name="activation" value="--&gt;"/>
        <subtype name="dephosphorylation" value="-p"/>
    </relation>
    <relation entry1="61" entry2="63" type="PPrel">
        <subtype name="activation" value="--&gt;"/>
        <subtype name="dephosphorylation" value="-p"/>
    </relation>
    <relation entry1="33" entry2="58" type="PPrel">
        <subtype name="inhibition" value="--|"/>
        <subtype name="phosphorylation" value="+p"/>
    </relation>
    <relation entry1="41" entry2="42" type="PPrel">
        <subtype name="inhibition" value="--|"/>
    </relation>
    <relation entry1="31" entry2="58" type="PPrel">
        <subtype name="binding/association" value="---"/>
    </relation>
    <relation entry1="100" entry2="50" type="PPrel">
        <subtype name="inhibition" value="--|"/>
        <subtype name="phosphorylation" value="+p"/>
    </relation>
    <relation entry1="101" entry2="63" type="PPrel">
        <subtype name="activation" value="--&gt;"/>
        <subtype name="phosphorylation" value="+p"/>
    </relation>
    <relation entry1="102" entry2="60" type="PPrel">
        <subtype name="inhibition" value="--|"/>
        <subtype name="phosphorylation" value="+p"/>
    </relation>
    <relation entry1="101" entry2="68" type="PPrel">
        <subtype name="activation" value="--&gt;"/>
        <subtype name="phosphorylation" value="+p"/>
    </relation>
    <relation entry1="103" entry2="46" type="PPrel">
        <subtype name="activation" value="--&gt;"/>
        <subtype name="phosphorylation" value="+p"/>
    </relation>
    <relation entry1="40" entry2="63" type="PPrel">
        <subtype name="inhibition" value="--|"/>
        <subtype name="phosphorylation" value="+p"/>
    </relation>
    <relation entry1="39" entry2="63" type="PPrel">
        <subtype name="inhibition" value="--|"/>
        <subtype name="phosphorylation" value="+p"/>
    </relation>
    <relation entry1="40" entry2="21" type="PPrel">
        <subtype name="inhibition" value="--|"/>
        <subtype name="phosphorylation" value="+p"/>
    </relation>
    <relation entry1="39" entry2="21" type="PPrel">
        <subtype name="inhibition" value="--|"/>
        <subtype name="phosphorylation" value="+p"/>
    </relation>
    <relation entry1="24" entry2="58" type="PPrel">
        <subtype name="activation" value="--&gt;"/>
        <subtype name="phosphorylation" value="+p"/>
    </relation>
    <relation entry1="24" entry2="39" type="PPrel">
        <subtype name="inhibition" value="--|"/>
        <subtype name="phosphorylation" value="+p"/>
    </relation>
    <relation entry1="60" entry2="104" type="PPrel">
        <subtype name="binding/association" value="---"/>
    </relation>
    <relation entry1="104" entry2="105" type="PPrel">
        <subtype name="binding/association" value="---"/>
    </relation>
    <relation entry1="59" entry2="105" type="PPrel">
        <subtype name="binding/association" value="---"/>
    </relation>
    <relation entry1="106" entry2="105" type="PPrel">
        <subtype name="activation" value="--&gt;"/>
        <subtype name="phosphorylation" value="+p"/>
    </relation>
    <relation entry1="107" entry2="24" type="PPrel">
        <subtype name="activation" value="--&gt;"/>
        <subtype name="phosphorylation" value="+p"/>
    </relation>
    <relation entry1="58" entry2="21" type="PPrel">
        <subtype name="activation" value="--&gt;"/>
        <subtype name="dephosphorylation" value="-p"/>
    </relation>
    <relation entry1="50" entry2="108" type="PPrel">
        <subtype name="binding/association" value="---"/>
    </relation>
    <relation entry1="50" entry2="102" type="PPrel">
        <subtype name="inhibition" value="--|"/>
    </relation>
    <relation entry1="34" entry2="108" type="PPrel">
        <subtype name="inhibition" value="--|"/>
    </relation>
    <relation entry1="34" entry2="100" type="PPrel">
        <subtype name="inhibition" value="--|"/>
    </relation>
    <relation entry1="34" entry2="102" type="PPrel">
        <subtype name="inhibition" value="--|"/>
    </relation>
    <relation entry1="23" entry2="108" type="PPrel">
        <subtype name="inhibition" value="--|"/>
    </relation>
    <relation entry1="51" entry2="108" type="PPrel">
        <subtype name="inhibition" value="--|"/>
    </relation>
    <relation entry1="32" entry2="64" type="PPrel">
        <subtype name="inhibition" value="--|"/>
    </relation>
    <relation entry1="47" entry2="64" type="PPrel">
        <subtype name="inhibition" value="--|"/>
    </relation>
    <relation entry1="109" entry2="100" type="PPrel">
        <subtype name="inhibition" value="--|"/>
        <subtype name="ubiquitination" value="+u"/>
    </relation>
    <relation entry1="110" entry2="50" type="PPrel">
        <subtype name="inhibition" value="--|"/>
        <subtype name="ubiquitination" value="+u"/>
    </relation>
    <relation entry1="110" entry2="34" type="PPrel">
        <subtype name="inhibition" value="--|"/>
        <subtype name="ubiquitination" value="+u"/>
    </relation>
    <relation entry1="111" entry2="41" type="PPrel">
        <subtype name="inhibition" value="--|"/>
        <subtype name="ubiquitination" value="+u"/>
    </relation>
    <relation entry1="111" entry2="112" type="PPrel">
        <subtype name="activation" value="--&gt;"/>
        <subtype name="indirect effect" value="..&gt;"/>
    </relation>
    <relation entry1="112" entry2="107" type="PPrel">
        <subtype name="inhibition" value="--|"/>
        <subtype name="ubiquitination" value="+u"/>
    </relation>
    <relation entry1="30" entry2="112" type="PPrel">
        <subtype name="activation" value="--&gt;"/>
        <subtype name="dephosphorylation" value="-p"/>
    </relation>
    <relation entry1="1" entry2="36" type="PPrel">
        <subtype name="inhibition" value="--|"/>
    </relation>
    <relation entry1="25" entry2="49" type="PPrel">
        <subtype name="activation" value="--&gt;"/>
        <subtype name="phosphorylation" value="+p"/>
    </relation>
    <relation entry1="25" entry2="33" type="PPrel">
        <subtype name="activation" value="--&gt;"/>
        <subtype name="phosphorylation" value="+p"/>
    </relation>
    <relation entry1="79" entry2="76" type="PPrel">
        <subtype name="activation" value="--&gt;"/>
        <subtype name="phosphorylation" value="+p"/>
    </relation>
    <relation entry1="76" entry2="27" type="PPrel">
        <subtype name="activation" value="--&gt;"/>
    </relation>
    <relation entry1="28" entry2="29" type="PPrel">
        <subtype name="binding/association" value="---"/>
    </relation>
    <relation entry1="113" entry2="5" type="PPrel">
        <subtype name="inhibition" value="--|"/>
    </relation>
    <relation entry1="42" entry2="114" type="PPrel">
        <subtype name="inhibition" value="--|"/>
    </relation>
    <relation entry1="108" entry2="95" type="PPrel">
        <subtype name="inhibition" value="--|"/>
        <subtype name="phosphorylation" value="+p"/>
    </relation>
    <relation entry1="108" entry2="94" type="PPrel">
        <subtype name="inhibition" value="--|"/>
        <subtype name="phosphorylation" value="+p"/>
    </relation>
    <relation entry1="100" entry2="94" type="PPrel">
        <subtype name="inhibition" value="--|"/>
        <subtype name="phosphorylation" value="+p"/>
    </relation>
    <relation entry1="102" entry2="94" type="PPrel">
        <subtype name="inhibition" value="--|"/>
        <subtype name="phosphorylation" value="+p"/>
    </relation>
    <relation entry1="102" entry2="92" type="PPrel">
        <subtype name="inhibition" value="--|"/>
        <subtype name="phosphorylation" value="+p"/>
    </relation>
    <relation entry1="95" entry2="115" type="PPrel">
        <subtype name="dissociation" value="-+-"/>
    </relation>
    <relation entry1="94" entry2="116" type="PPrel">
        <subtype name="dissociation" value="-+-"/>
    </relation>
    <relation entry1="116" entry2="72" type="GErel">
        <subtype name="expression" value="--&gt;"/>
    </relation>
    <relation entry1="99" entry2="88" type="GErel">
        <subtype name="repression" value="--|"/>
    </relation>
    <relation entry1="117" entry2="88" type="GErel">
        <subtype name="repression" value="--|"/>
    </relation>
    <relation entry1="88" entry2="89" type="PPrel">
        <subtype name="inhibition" value="--|"/>
    </relation>
    <relation entry1="89" entry2="51" type="GErel">
        <subtype name="expression" value="--&gt;"/>
    </relation>
    <relation entry1="99" entry2="34" type="GErel">
        <subtype name="expression" value="--&gt;"/>
    </relation>
    <relation entry1="52" entry2="54" type="PPrel">
        <subtype name="activation" value="--&gt;"/>
        <subtype name="indirect effect" value="..&gt;"/>
    </relation>
    <relation entry1="90" entry2="94" type="PPrel">
        <subtype name="binding/association" value="---"/>
    </relation>
    <relation entry1="93" entry2="94" type="PPrel">
        <subtype name="binding/association" value="---"/>
    </relation>
    <relation entry1="82" entry2="108" type="PPrel">
        <subtype name="inhibition" value="--|"/>
    </relation>
    <relation entry1="80" entry2="108" type="PPrel">
        <subtype name="inhibition" value="--|"/>
    </relation>
    <relation entry1="81" entry2="108" type="PPrel">
        <subtype name="inhibition" value="--|"/>
    </relation>
</pathway>
