<?xml version="1.0"?>
<!DOCTYPE pathway SYSTEM "http://www.kegg.jp/kegg/xml/KGML_v0.7.2_.dtd">
<!-- Creation date: Feb 5, 2019 13:20:13 +0900 (GMT+9) -->
<pathway name="path:hsa04923" org="hsa" number="04923"
         title="Regulation of lipolysis in adipocytes"
         image="http://www.kegg.jp/kegg/pathway/hsa/hsa04923.png"
         link="http://www.kegg.jp/kegg-bin/show_pathway?hsa04923">
    <entry id="1" name="path:hsa04024" type="map"
        link="http://www.kegg.jp/dbget-bin/www_bget?hsa04024">
        <graphics name="cAMP signaling pathway" fgcolor="#000000" bgcolor="#FFFFFF"
             type="roundrectangle" x="212" y="58" width="344" height="25"/>
    </entry>
    <entry id="2" name="hsa:2778" type="gene"
        link="http://www.kegg.jp/dbget-bin/www_bget?hsa:2778">
        <graphics name="GNAS, AHO, C20orf45, GNAS1, GPSA, GSA, GSP, NESP, PITA3, POH, SCG6, SgVI" fgcolor="#000000" bgcolor="#BFFFBF"
             type="rectangle" x="384" y="214" width="46" height="17"/>
    </entry>
    <entry id="3" name="hsa:107 hsa:108 hsa:109 hsa:111 hsa:112 hsa:113 hsa:114 hsa:115 hsa:196883" type="gene"
        link="http://www.kegg.jp/dbget-bin/www_bget?hsa:107+hsa:108+hsa:109+hsa:111+hsa:112+hsa:113+hsa:114+hsa:115+hsa:196883">
        <graphics name="ADCY1, AC1, DFNB44..." fgcolor="#000000" bgcolor="#BFFFBF"
             type="rectangle" x="278" y="271" width="46" height="17"/>
    </entry>
    <entry id="4" name="hsa:5566 hsa:5567 hsa:5568" type="gene"
        link="http://www.kegg.jp/dbget-bin/www_bget?hsa:5566+hsa:5567+hsa:5568">
        <graphics name="PRKACA, PKACA, PPNAD4..." fgcolor="#000000" bgcolor="#BFFFBF"
             type="rectangle" x="511" y="271" width="46" height="17"/>
    </entry>
    <entry id="5" name="cpd:C00575" type="compound"
        link="http://www.kegg.jp/dbget-bin/www_bget?C00575">
        <graphics name="C00575" fgcolor="#000000" bgcolor="#FFFFFF"
             type="circle" x="413" y="270" width="8" height="8"/>
    </entry>
    <entry id="6" name="hsa:153 hsa:154 hsa:155" type="gene"
        link="http://www.kegg.jp/dbget-bin/www_bget?hsa:153+hsa:154+hsa:155">
        <graphics name="ADRB1, ADRB1R, B1AR, BETA1AR, RHR..." fgcolor="#000000" bgcolor="#BFFFBF"
             type="rectangle" x="278" y="214" width="46" height="17"/>
    </entry>
    <entry id="7" name="cpd:C00788" type="compound"
        link="http://www.kegg.jp/dbget-bin/www_bget?C00788">
        <graphics name="C00788" fgcolor="#000000" bgcolor="#FFFFFF"
             type="circle" x="170" y="193" width="8" height="8"/>
    </entry>
    <entry id="8" name="hsa:3991" type="gene"
        link="http://www.kegg.jp/dbget-bin/www_bget?hsa:3991">
        <graphics name="LIPE, AOMS4, FPLD6, HSL, LHS" fgcolor="#000000" bgcolor="#BFFFBF"
             type="rectangle" x="776" y="322" width="46" height="17"/>
    </entry>
    <entry id="9" name="cpd:C00547" type="compound"
        link="http://www.kegg.jp/dbget-bin/www_bget?C00547">
        <graphics name="C00547" fgcolor="#000000" bgcolor="#FFFFFF"
             type="circle" x="170" y="238" width="8" height="8"/>
    </entry>
    <entry id="10" name="hsa:4881" type="gene"
        link="http://www.kegg.jp/dbget-bin/www_bget?hsa:4881">
        <graphics name="NPR1, ANPRA, ANPa, GUC2A, GUCY2A, NPRA" fgcolor="#000000" bgcolor="#BFFFBF"
             type="rectangle" x="278" y="363" width="46" height="17"/>
    </entry>
    <entry id="11" name="hsa:5592 hsa:5593" type="gene"
        link="http://www.kegg.jp/dbget-bin/www_bget?hsa:5592+hsa:5593">
        <graphics name="PRKG1, AAT8, PKG, PKG1, PRKG1B, PRKGR1B, cGK, cGK_1, cGK1, cGKI, cGKI-BETA, cGKI-alpha..." fgcolor="#000000" bgcolor="#BFFFBF"
             type="rectangle" x="515" y="363" width="46" height="17"/>
    </entry>
    <entry id="12" name="path:hsa04024" type="map"
        link="http://www.kegg.jp/dbget-bin/www_bget?hsa04024">
        <graphics name="cAMP signaling pathway" fgcolor="#000000" bgcolor="#FFFFFF"
             type="roundrectangle" x="501" y="233" width="128" height="34"/>
    </entry>
    <entry id="13" name="cpd:C00942" type="compound"
        link="http://www.kegg.jp/dbget-bin/www_bget?C00942">
        <graphics name="C00942" fgcolor="#000000" bgcolor="#FFFFFF"
             type="circle" x="413" y="364" width="8" height="8"/>
    </entry>
    <entry id="14" name="path:hsa04022" type="map"
        link="http://www.kegg.jp/dbget-bin/www_bget?hsa04022">
        <graphics name="cGMP-PKG signaling pathway" fgcolor="#000000" bgcolor="#FFFFFF"
             type="roundrectangle" x="512" y="399" width="128" height="34"/>
    </entry>
    <entry id="15" name="hsa:5346" type="gene"
        link="http://www.kegg.jp/dbget-bin/www_bget?hsa:5346">
        <graphics name="PLIN1, FPLD4, PERI, PLIN" fgcolor="#000000" bgcolor="#BFFFBF"
             type="rectangle" x="698" y="222" width="46" height="17"/>
    </entry>
    <entry id="16" name="hsa:364" type="gene"
        link="http://www.kegg.jp/dbget-bin/www_bget?hsa:364">
        <graphics name="AQP7, AQP7L, AQPap, GLYCQTL" fgcolor="#000000" bgcolor="#BFFFBF"
             type="rectangle" x="278" y="459" width="46" height="17"/>
    </entry>
    <entry id="17" name="cpd:C00116" type="compound"
        link="http://www.kegg.jp/dbget-bin/www_bget?C00116">
        <graphics name="C00116" fgcolor="#000000" bgcolor="#FFFFFF"
             type="circle" x="216" y="459" width="8" height="8"/>
    </entry>
    <entry id="18" name="cpd:C00162" type="compound"
        link="http://www.kegg.jp/dbget-bin/www_bget?C00162">
        <graphics name="C00162" fgcolor="#000000" bgcolor="#FFFFFF"
             type="circle" x="217" y="509" width="8" height="8"/>
    </entry>
    <entry id="19" name="path:hsa00561" type="map"
        link="http://www.kegg.jp/dbget-bin/www_bget?hsa00561">
        <graphics name="Glycerolipid metabolism" fgcolor="#000000" bgcolor="#FFFFFF"
             type="roundrectangle" x="888" y="274" width="124" height="34"/>
    </entry>
    <entry id="20" name="cpd:C00165" type="compound"
        link="http://www.kegg.jp/dbget-bin/www_bget?C00165">
        <graphics name="C00165" fgcolor="#000000" bgcolor="#FFFFFF"
             type="circle" x="803" y="283" width="8" height="8"/>
    </entry>
    <entry id="21" name="cpd:C01885" type="compound"
        link="http://www.kegg.jp/dbget-bin/www_bget?C01885">
        <graphics name="C01885" fgcolor="#000000" bgcolor="#FFFFFF"
             type="circle" x="803" y="390" width="8" height="8"/>
    </entry>
    <entry id="22" name="cpd:C00116" type="compound"
        link="http://www.kegg.jp/dbget-bin/www_bget?C00116">
        <graphics name="C00116" fgcolor="#000000" bgcolor="#FFFFFF"
             type="circle" x="803" y="459" width="8" height="8"/>
    </entry>
    <entry id="23" name="cpd:C00422" type="compound"
        link="http://www.kegg.jp/dbget-bin/www_bget?C00422">
        <graphics name="C00422" fgcolor="#000000" bgcolor="#FFFFFF"
             type="circle" x="803" y="199" width="8" height="8"/>
    </entry>
    <entry id="24" name="hsa:11343" type="gene"
        link="http://www.kegg.jp/dbget-bin/www_bget?hsa:11343">
        <graphics name="MGLL, HU-K5, HUK5, MAGL, MGL" fgcolor="#000000" bgcolor="#BFFFBF"
             type="rectangle" x="776" y="426" width="46" height="17"/>
    </entry>
    <entry id="25" name="hsa:57104" type="gene"
        link="http://www.kegg.jp/dbget-bin/www_bget?hsa:57104">
        <graphics name="PNPLA2, 1110001C14Rik, ATGL, FP17548, PEDF-R, TTS-2.2, TTS2, iPLA2zeta" fgcolor="#000000" bgcolor="#BFFFBF"
             type="rectangle" x="776" y="227" width="46" height="17"/>
    </entry>
    <entry id="26" name="hsa:51099" type="gene"
        link="http://www.kegg.jp/dbget-bin/www_bget?hsa:51099">
        <graphics name="ABHD5, CGI58, IECN2, NCIE2" fgcolor="#000000" bgcolor="#BFFFBF"
             type="rectangle" x="759" y="244" width="46" height="17"/>
    </entry>
    <entry id="27" name="hsa:5733" type="gene"
        link="http://www.kegg.jp/dbget-bin/www_bget?hsa:5733">
        <graphics name="PTGER3, EP3, EP3-I, EP3-II, EP3-III, EP3-IV, EP3-VI, EP3e, PGE2-R" fgcolor="#000000" bgcolor="#BFFFBF"
             type="rectangle" x="278" y="796" width="46" height="17"/>
    </entry>
    <entry id="28" name="hsa:2770 hsa:2771 hsa:2773" type="gene"
        link="http://www.kegg.jp/dbget-bin/www_bget?hsa:2770+hsa:2771+hsa:2773">
        <graphics name="GNAI1, Gi..." fgcolor="#000000" bgcolor="#BFFFBF"
             type="rectangle" x="387" y="800" width="46" height="17"/>
    </entry>
    <entry id="29" name="hsa:107 hsa:108 hsa:109 hsa:111 hsa:112 hsa:113 hsa:114 hsa:115 hsa:196883" type="gene"
        link="http://www.kegg.jp/dbget-bin/www_bget?hsa:107+hsa:108+hsa:109+hsa:111+hsa:112+hsa:113+hsa:114+hsa:115+hsa:196883">
        <graphics name="ADCY1, AC1, DFNB44..." fgcolor="#000000" bgcolor="#BFFFBF"
             type="rectangle" x="278" y="896" width="46" height="17"/>
    </entry>
    <entry id="30" name="hsa:5566 hsa:5567 hsa:5568" type="gene"
        link="http://www.kegg.jp/dbget-bin/www_bget?hsa:5566+hsa:5567+hsa:5568">
        <graphics name="PRKACA, PKACA, PPNAD4..." fgcolor="#000000" bgcolor="#BFFFBF"
             type="rectangle" x="514" y="896" width="46" height="17"/>
    </entry>
    <entry id="31" name="cpd:C00575" type="compound"
        link="http://www.kegg.jp/dbget-bin/www_bget?C00575">
        <graphics name="C00575" fgcolor="#000000" bgcolor="#FFFFFF"
             type="circle" x="412" y="895" width="8" height="8"/>
    </entry>
    <entry id="32" name="cpd:C00212" type="compound"
        link="http://www.kegg.jp/dbget-bin/www_bget?C00212">
        <graphics name="C00212" fgcolor="#000000" bgcolor="#FFFFFF"
             type="circle" x="170" y="760" width="8" height="8"/>
    </entry>
    <entry id="33" name="cpd:C00020" type="compound"
        link="http://www.kegg.jp/dbget-bin/www_bget?C00020">
        <graphics name="C00020" fgcolor="#000000" bgcolor="#FFFFFF"
             type="circle" x="557" y="787" width="8" height="8"/>
    </entry>
    <entry id="34" name="cpd:C00584" type="compound"
        link="http://www.kegg.jp/dbget-bin/www_bget?C00584">
        <graphics name="C00584" fgcolor="#000000" bgcolor="#FFFFFF"
             type="circle" x="170" y="795" width="8" height="8"/>
    </entry>
    <entry id="35" name="hsa:3630" type="gene"
        link="http://www.kegg.jp/dbget-bin/www_bget?hsa:3630">
        <graphics name="INS, IDDM, IDDM1, IDDM2, ILPR, IRDN, MODY10" fgcolor="#000000" bgcolor="#BFFFBF"
             type="rectangle" x="170" y="619" width="46" height="17"/>
    </entry>
    <entry id="36" name="hsa:3643" type="gene"
        link="http://www.kegg.jp/dbget-bin/www_bget?hsa:3643">
        <graphics name="INSR, CD220, HHF5" fgcolor="#000000" bgcolor="#BFFFBF"
             type="rectangle" x="278" y="619" width="46" height="17"/>
    </entry>
    <entry id="37" name="hsa:5140" type="gene"
        link="http://www.kegg.jp/dbget-bin/www_bget?hsa:5140">
        <graphics name="PDE3B, HcGIP1, cGIPDE1" fgcolor="#000000" bgcolor="#BFFFBF"
             type="rectangle" x="473" y="807" width="46" height="17"/>
    </entry>
    <entry id="38" name="hsa:5290 hsa:5291 hsa:5293 hsa:5295 hsa:5296 hsa:8503" type="gene"
        link="http://www.kegg.jp/dbget-bin/www_bget?hsa:5290+hsa:5291+hsa:5293+hsa:5295+hsa:5296+hsa:8503">
        <graphics name="PIK3CA, CLAPO, CLOVE, CWS5, MCAP, MCM, MCMTC, PI3K, PI3K-alpha, p110-alpha..." fgcolor="#000000" bgcolor="#BFFFBF"
             type="rectangle" x="430" y="619" width="46" height="17"/>
    </entry>
    <entry id="39" name="hsa:3667 hsa:8471 hsa:8660" type="gene"
        link="http://www.kegg.jp/dbget-bin/www_bget?hsa:3667+hsa:8471+hsa:8660">
        <graphics name="IRS1, HIRS-1..." fgcolor="#000000" bgcolor="#BFFFBF"
             type="rectangle" x="356" y="619" width="46" height="17"/>
    </entry>
    <entry id="40" name="path:hsa04910" type="map"
        link="http://www.kegg.jp/dbget-bin/www_bget?hsa04910">
        <graphics name="Insulin signaling pathway" fgcolor="#000000" bgcolor="#FFFFFF"
             type="roundrectangle" x="483" y="585" width="128" height="34"/>
    </entry>
    <entry id="41" name="hsa:11145" type="gene"
        link="http://www.kegg.jp/dbget-bin/www_bget?hsa:11145">
        <graphics name="PLA2G16, AdPLA, H-REV107, H-REV107-1, HRASLS3, HREV107, HREV107-1, HREV107-3, HRSL3" fgcolor="#000000" bgcolor="#BFFFBF"
             type="rectangle" x="355" y="680" width="46" height="17"/>
    </entry>
    <entry id="42" name="cpd:C00219" type="compound"
        link="http://www.kegg.jp/dbget-bin/www_bget?C00219">
        <graphics name="C00219" fgcolor="#000000" bgcolor="#FFFFFF"
             type="circle" x="436" y="679" width="8" height="8"/>
    </entry>
    <entry id="43" name="cpd:C00584" type="compound"
        link="http://www.kegg.jp/dbget-bin/www_bget?C00584">
        <graphics name="C00584" fgcolor="#000000" bgcolor="#FFFFFF"
             type="circle" x="436" y="733" width="8" height="8"/>
    </entry>
    <entry id="44" name="hsa:5742 hsa:5743" type="gene"
        link="http://www.kegg.jp/dbget-bin/www_bget?hsa:5742+hsa:5743">
        <graphics name="PTGS1, COX1, COX3, PCOX1, PES-1, PGG/HS, PGHS-1, PGHS1, PHS1, PTGHS..." fgcolor="#000000" bgcolor="#BFFFBF"
             type="rectangle" x="409" y="705" width="46" height="17"/>
    </entry>
    <entry id="45" name="hsa:3991" type="gene"
        link="http://www.kegg.jp/dbget-bin/www_bget?hsa:3991">
        <graphics name="LIPE, AOMS4, FPLD6, HSL, LHS" fgcolor="#000000" bgcolor="#BFFFBF"
             type="rectangle" x="642" y="834" width="46" height="17"/>
    </entry>
    <entry id="46" name="hsa:5346" type="gene"
        link="http://www.kegg.jp/dbget-bin/www_bget?hsa:5346">
        <graphics name="PLIN1, FPLD4, PERI, PLIN" fgcolor="#000000" bgcolor="#BFFFBF"
             type="rectangle" x="696" y="734" width="46" height="17"/>
    </entry>
    <entry id="47" name="path:hsa00561" type="map"
        link="http://www.kegg.jp/dbget-bin/www_bget?hsa00561">
        <graphics name="Glycerolipid metabolism" fgcolor="#000000" bgcolor="#FFFFFF"
             type="roundrectangle" x="883" y="773" width="124" height="34"/>
    </entry>
    <entry id="48" name="cpd:C00165" type="compound"
        link="http://www.kegg.jp/dbget-bin/www_bget?C00165">
        <graphics name="C00165" fgcolor="#000000" bgcolor="#FFFFFF"
             type="circle" x="804" y="803" width="8" height="8"/>
    </entry>
    <entry id="49" name="cpd:C00422" type="compound"
        link="http://www.kegg.jp/dbget-bin/www_bget?C00422">
        <graphics name="C00422" fgcolor="#000000" bgcolor="#FFFFFF"
             type="circle" x="803" y="706" width="8" height="8"/>
    </entry>
    <entry id="50" name="hsa:11343" type="gene"
        link="http://www.kegg.jp/dbget-bin/www_bget?hsa:11343">
        <graphics name="MGLL, HU-K5, HUK5, MAGL, MGL" fgcolor="#000000" bgcolor="#BFFFBF"
             type="rectangle" x="776" y="920" width="46" height="17"/>
    </entry>
    <entry id="51" name="hsa:57104" type="gene"
        link="http://www.kegg.jp/dbget-bin/www_bget?hsa:57104">
        <graphics name="PNPLA2, 1110001C14Rik, ATGL, FP17548, PEDF-R, TTS-2.2, TTS2, iPLA2zeta" fgcolor="#000000" bgcolor="#BFFFBF"
             type="rectangle" x="771" y="737" width="46" height="17"/>
    </entry>
    <entry id="52" name="hsa:51099" type="gene"
        link="http://www.kegg.jp/dbget-bin/www_bget?hsa:51099">
        <graphics name="ABHD5, CGI58, IECN2, NCIE2" fgcolor="#000000" bgcolor="#BFFFBF"
             type="rectangle" x="754" y="754" width="46" height="17"/>
    </entry>
    <entry id="53" name="cpd:C02140" type="compound"
        link="http://www.kegg.jp/dbget-bin/www_bget?C02140">
        <graphics name="C02140" fgcolor="#000000" bgcolor="#FFFFFF"
             type="circle" x="170" y="129" width="8" height="8"/>
    </entry>
    <entry id="54" name="hsa:134" type="gene"
        link="http://www.kegg.jp/dbget-bin/www_bget?hsa:134">
        <graphics name="ADORA1, RDC7" fgcolor="#000000" bgcolor="#BFFFBF"
             type="rectangle" x="278" y="760" width="46" height="17"/>
    </entry>
    <entry id="55" name="hsa:7253" type="gene"
        link="http://www.kegg.jp/dbget-bin/www_bget?hsa:7253">
        <graphics name="TSHR, CHNG1, LGR3, hTSHR-I" fgcolor="#000000" bgcolor="#BFFFBF"
             type="rectangle" x="278" y="171" width="46" height="17"/>
    </entry>
    <entry id="56" name="cpd:C00162" type="compound"
        link="http://www.kegg.jp/dbget-bin/www_bget?C00162">
        <graphics name="C00162" fgcolor="#000000" bgcolor="#FFFFFF"
             type="circle" x="952" y="238" width="8" height="8"/>
    </entry>
    <entry id="57" name="cpd:C00162" type="compound"
        link="http://www.kegg.jp/dbget-bin/www_bget?C00162">
        <graphics name="C00162" fgcolor="#000000" bgcolor="#FFFFFF"
             type="circle" x="952" y="345" width="8" height="8"/>
    </entry>
    <entry id="58" name="cpd:C00162" type="compound"
        link="http://www.kegg.jp/dbget-bin/www_bget?C00162">
        <graphics name="C00162" fgcolor="#000000" bgcolor="#FFFFFF"
             type="circle" x="952" y="423" width="8" height="8"/>
    </entry>
    <entry id="59" name="hsa:2167" type="gene"
        link="http://www.kegg.jp/dbget-bin/www_bget?hsa:2167">
        <graphics name="FABP4, A-FABP, AFABP, ALBP, HEL-S-104, aP2" fgcolor="#000000" bgcolor="#BFFFBF"
             type="rectangle" x="952" y="206" width="46" height="17"/>
    </entry>
    <entry id="60" name="hsa:2167" type="gene"
        link="http://www.kegg.jp/dbget-bin/www_bget?hsa:2167">
        <graphics name="FABP4, A-FABP, AFABP, ALBP, HEL-S-104, aP2" fgcolor="#000000" bgcolor="#BFFFBF"
             type="rectangle" x="952" y="316" width="46" height="17"/>
    </entry>
    <entry id="61" name="hsa:2167" type="gene"
        link="http://www.kegg.jp/dbget-bin/www_bget?hsa:2167">
        <graphics name="FABP4, A-FABP, AFABP, ALBP, HEL-S-104, aP2" fgcolor="#000000" bgcolor="#BFFFBF"
             type="rectangle" x="952" y="395" width="46" height="17"/>
    </entry>
    <entry id="62" name="hsa:1081 hsa:7252" type="gene"
        link="http://www.kegg.jp/dbget-bin/www_bget?hsa:1081+hsa:7252">
        <graphics name="CGA, CG-ALPHA, FSHA, GPHA1, GPHa, HCG, LHA, TSHA..." fgcolor="#000000" bgcolor="#BFFFBF"
             type="rectangle" x="170" y="171" width="46" height="17"/>
    </entry>
    <entry id="63" name="hsa:4886" type="gene"
        link="http://www.kegg.jp/dbget-bin/www_bget?hsa:4886">
        <graphics name="NPY1R, NPY1-R, NPYR" fgcolor="#000000" bgcolor="#BFFFBF"
             type="rectangle" x="278" y="836" width="46" height="17"/>
    </entry>
    <entry id="64" name="hsa:4852" type="gene"
        link="http://www.kegg.jp/dbget-bin/www_bget?hsa:4852">
        <graphics name="NPY, PYY4" fgcolor="#000000" bgcolor="#BFFFBF"
             type="rectangle" x="170" y="836" width="46" height="17"/>
    </entry>
    <entry id="65" name="hsa:3991" type="gene"
        link="http://www.kegg.jp/dbget-bin/www_bget?hsa:3991">
        <graphics name="LIPE, AOMS4, FPLD6, HSL, LHS" fgcolor="#000000" bgcolor="#BFFFBF"
             type="rectangle" x="645" y="322" width="46" height="17"/>
    </entry>
    <entry id="66" name="path:hsa04024" type="map"
        link="http://www.kegg.jp/dbget-bin/www_bget?hsa04024">
        <graphics name="cAMP signaling pathway" fgcolor="#000000" bgcolor="#FFFFFF"
             type="roundrectangle" x="540" y="860" width="128" height="34"/>
    </entry>
    <entry id="67" name="path:hsa00590" type="map"
        link="http://www.kegg.jp/dbget-bin/www_bget?hsa00590">
        <graphics name="Arachidonic acid metabolism" fgcolor="#000000" bgcolor="#FFFFFF"
             type="roundrectangle" x="500" y="702" width="109" height="34"/>
    </entry>
    <entry id="68" name="hsa:10000 hsa:207 hsa:208" type="gene"
        link="http://www.kegg.jp/dbget-bin/www_bget?hsa:10000+hsa:207+hsa:208">
        <graphics name="AKT3, MPPH, MPPH2, PKB-GAMMA, PKBG, PRKBG, RAC-PK-gamma, RAC-gamma, STK-2..." fgcolor="#000000" bgcolor="#BFFFBF"
             type="rectangle" x="527" y="619" width="46" height="17"/>
    </entry>
    <entry id="69" name="hsa:4878" type="gene"
        link="http://www.kegg.jp/dbget-bin/www_bget?hsa:4878">
        <graphics name="NPPA, ANF, ANP, ATFB6, ATRST2, CDD, CDD-ANF, CDP, PND" fgcolor="#000000" bgcolor="#BFFFBF"
             type="rectangle" x="170" y="363" width="46" height="17"/>
    </entry>
    <relation entry1="62" entry2="55" type="PPrel">
        <subtype name="activation" value="--&gt;"/>
    </relation>
    <relation entry1="55" entry2="2" type="PPrel">
        <subtype name="activation" value="--&gt;"/>
    </relation>
    <relation entry1="7" entry2="6" type="PCrel">
        <subtype name="activation" value="--&gt;"/>
    </relation>
    <relation entry1="9" entry2="6" type="PCrel">
        <subtype name="activation" value="--&gt;"/>
    </relation>
    <relation entry1="6" entry2="2" type="PPrel">
        <subtype name="activation" value="--&gt;"/>
    </relation>
    <relation entry1="2" entry2="3" type="PPrel">
        <subtype name="activation" value="--&gt;"/>
    </relation>
    <relation entry1="3" entry2="5" type="PCrel">
        <subtype name="activation" value="--&gt;"/>
    </relation>
    <relation entry1="5" entry2="4" type="PCrel">
        <subtype name="activation" value="--&gt;"/>
    </relation>
    <relation entry1="4" entry2="15" type="PPrel">
        <subtype name="activation" value="--&gt;"/>
        <subtype name="phosphorylation" value="+p"/>
    </relation>
    <relation entry1="11" entry2="15" type="PPrel">
        <subtype name="activation" value="--&gt;"/>
        <subtype name="phosphorylation" value="+p"/>
    </relation>
    <relation entry1="4" entry2="65" type="PPrel">
        <subtype name="activation" value="--&gt;"/>
        <subtype name="phosphorylation" value="+p"/>
    </relation>
    <relation entry1="11" entry2="65" type="PPrel">
        <subtype name="activation" value="--&gt;"/>
        <subtype name="phosphorylation" value="+p"/>
    </relation>
    <relation entry1="10" entry2="13" type="PCrel">
        <subtype name="activation" value="--&gt;"/>
    </relation>
    <relation entry1="13" entry2="11" type="PCrel">
        <subtype name="activation" value="--&gt;"/>
    </relation>
    <relation entry1="53" entry2="25" type="GErel">
        <subtype name="expression" value="--&gt;"/>
        <subtype name="indirect effect" value="..&gt;"/>
    </relation>
    <relation entry1="25" entry2="26" type="PPrel">
        <subtype name="binding/association" value="---"/>
    </relation>
    <relation entry1="59" entry2="56" type="PCrel">
        <subtype name="binding/association" value="---"/>
    </relation>
    <relation entry1="60" entry2="57" type="PCrel">
        <subtype name="binding/association" value="---"/>
    </relation>
    <relation entry1="61" entry2="58" type="PCrel">
        <subtype name="binding/association" value="---"/>
    </relation>
    <relation entry1="35" entry2="36" type="PPrel">
        <subtype name="activation" value="--&gt;"/>
    </relation>
    <relation entry1="36" entry2="39" type="PPrel">
        <subtype name="activation" value="--&gt;"/>
    </relation>
    <relation entry1="39" entry2="38" type="PPrel">
        <subtype name="activation" value="--&gt;"/>
    </relation>
    <relation entry1="38" entry2="68" type="PPrel">
        <subtype name="activation" value="--&gt;"/>
        <subtype name="indirect effect" value="..&gt;"/>
    </relation>
    <relation entry1="68" entry2="37" type="PPrel">
        <subtype name="activation" value="--&gt;"/>
    </relation>
    <relation entry1="41" entry2="42" type="PCrel">
        <subtype name="activation" value="--&gt;"/>
    </relation>
    <relation entry1="36" entry2="41" type="PPrel">
        <subtype name="activation" value="--&gt;"/>
        <subtype name="indirect effect" value="..&gt;"/>
    </relation>
    <relation entry1="32" entry2="54" type="PCrel">
        <subtype name="activation" value="--&gt;"/>
    </relation>
    <relation entry1="54" entry2="28" type="PPrel">
        <subtype name="activation" value="--&gt;"/>
    </relation>
    <relation entry1="34" entry2="27" type="PCrel">
        <subtype name="activation" value="--&gt;"/>
    </relation>
    <relation entry1="27" entry2="28" type="PPrel">
        <subtype name="activation" value="--&gt;"/>
    </relation>
    <relation entry1="64" entry2="63" type="PPrel">
        <subtype name="activation" value="--&gt;"/>
    </relation>
    <relation entry1="63" entry2="28" type="PPrel">
        <subtype name="activation" value="--&gt;"/>
    </relation>
    <relation entry1="29" entry2="31" type="PCrel">
        <subtype name="activation" value="--&gt;"/>
    </relation>
    <relation entry1="31" entry2="30" type="PCrel">
        <subtype name="activation" value="--&gt;"/>
    </relation>
    <relation entry1="28" entry2="29" type="PPrel">
        <subtype name="inhibition" value="--|"/>
    </relation>
    <relation entry1="51" entry2="52" type="PPrel">
        <subtype name="binding/association" value="---"/>
    </relation>
    <relation entry1="36" entry2="51" type="GErel">
        <subtype name="repression" value="--|"/>
        <subtype name="indirect effect" value="..&gt;"/>
    </relation>
    <relation entry1="69" entry2="10" type="PPrel">
        <subtype name="activation" value="--&gt;"/>
    </relation>
</pathway>
